date,AAPL,MSFT,NVDA,JPM,XOM,AMZN,META,GOOGL,TSLA,UNH
2021-01-05,0.012287445643473217,0.0009642700864542263,0.02196686501052013,0.0054268005019093655,0.04706729992005632,0.009954646073317086,0.007519467358005535,0.008032001893403659,0.007290726849836652,-0.013538986712188155
2021-01-06,-0.034240863570164204,-0.026271295759492632,-0.06076204333853798,0.04588671148054299,0.025197284729429496,-0.025211776834210834,-0.02867585616320951,-0.009916601637337744,0.027994766442436515,0.04110982067687956
2021-01-07,0.03355389762722146,0.02805949449368924,0.056219908307188114,0.032311509650956895,0.00781517625674022,0.007548565530855581,0.020412285855184783,0.029431119426685318,0.07644846869014829,0.01590518933666748
2021-01-08,0.008594429567179198,0.006074294231170874,-0.005052508991911027,0.0011032963243653986,0.011059328444166246,0.006474509430722278,-0.004362946104238581,0.013152031237827785,0.07548123816080572,-0.004502675209804736
2021-01-11,-0.02352345962509253,-0.00974584088804153,0.0256349227746506,0.01481417979961169,0.029905106049504113,-0.021754382256951105,-0.040928014763911724,-0.023376769865220446,-0.08144231364811663,-0.007291645440943998
2021-01-12,-0.0013965380875337824,-0.011840380278979384,-0.01008997802619592,0.015596400711644432,0.0219602958101853,0.002123540741920703,-0.022642026578014857,-0.010796660501676297,0.046075003355075396,-0.009413444759120851
2021-01-13,0.01609649458265066,0.006538710305882994,0.0034794298408795826,0.000926562914685567,0.011214902976107773,0.014335165650269394,0.0021881139298637084,0.005636139304333687,0.00583390055163722,-0.006541229649763278
2021-01-14,-0.015242829681310468,-0.015464993560237584,-0.024803160058273405,0.005825556451506006,0.0382911061108926,-0.01220978211670719,-0.024132383204165463,-0.009390094431001039,-0.011074621019438693,-0.012784228137882816
2021-01-15,-0.013825544511341178,-0.001738580993399366,-0.02615284284444727,-0.018083904511538983,-0.04929707613055371,-0.007452299659631569,0.023019083801951695,-0.0019084275957766403,-0.02254816438492551,0.0021943383575932364
2021-01-19,0.005412386640303639,0.017665883246405854,0.012807095293108226,-0.004337294734974468,0.019642884144975774,0.005304424924284414,0.03801742105632929,0.03237684434995257,0.022015499815695144,0.0025304088846929656
2021-01-20,0.03232796879092647,0.03584929472206401,0.025805670609404786,-0.015109152281410123,0.01402874007884201,0.044686981065348005,0.024141325068867747,0.05218751798760578,0.00696170884124915,-0.0038407716949011793
2021-01-21,0.03600241400202557,0.00280412233532826,0.036852542331038525,-0.008419614610998704,-0.02908846867500058,0.01327491862890803,0.019950576406771135,0.0021676438490274017,-0.006440854103183227,0.01178777305173042
2021-01-22,0.015946023775009276,0.004346783635341267,-0.01124028169045892,-0.0077433400695790106,-0.014235052739272057,-0.004473303364494828,0.005955782828276683,0.004453835438000759,0.0019507385857471659,-0.021209515882595478
2021-01-25,0.02730742701058153,0.015720002169689537,-0.004330136979423797,-0.012560870783563372,-0.01123739347469491,0.0005374909810066927,0.012705994503267403,0.0009083995626315587,0.039555086200732226,0.0007479997148284142
2021-01-26,0.0016776675216519836,0.012125126774498934,-0.016095677194719323,-0.004095416617633473,-0.02220642572821801,0.009706872588035214,0.014427021131496713,0.007190442717228419,0.002596544878530684,-0.013605218556675546
2021-01-27,-0.007713421832846319,0.0024504575263466187,-0.03927964615342766,-0.028678997931823515,-0.011401058484090319,-0.028528919404602372,-0.03576760389410005,-0.04777546941648164,-0.021669174678462418,-0.029938632134725106
2021-01-28,-0.03561198094813804,0.025561325601876437,0.010262337082022522,0.01744424520825766,0.015534758028359404,0.001557905206109897,-0.026586831679966477,0.018660052184676545,-0.033811459334112025,0.015377169217801363
2021-01-29,-0.03813863702246976,-0.029605678815511734,-0.004704163435549695,-0.01112940858909807,-0.02684436604501988,-0.009752051571646207,-0.025491994712518215,-0.014041605151586875,-0.051455133708131096,-0.013607131083467817
2021-02-01,0.01638545028725498,0.032614513836900186,0.018855396933735183,0.007356063593585449,0.0017826416700795762,0.041746274050055085,0.014144654676754994,0.035327542039439434,0.05668432585298431,0.0012585653384972573
2021-02-02,0.006316415851945628,-0.0005843704574859394,0.02386873604054066,0.030318159123483082,0.01568240806289145,0.011043015400718599,0.019165854248175275,0.013666916799988134,0.03851924269165984,0.014032673007896089
2021-02-03,-0.007808557898200384,0.01446630584267895,-0.001938076011439345,0.011386308936761243,0.03847847643768392,-0.020163489626646183,-0.0016115808408995191,0.07029526516278396,-0.020956118951172036,-0.002453483392461093
2021-02-04,0.02543169801697557,-0.004082294301313864,0.00983650887435749,0.02275199021118639,0.01900835617817678,0.00556035766663457,-0.000600189960753108,-0.0025529626431072786,-0.005514295631595512,-0.025690523544227746
2021-02-05,-0.003103097456916662,0.0007847792944744785,-0.00537551141449278,-0.001954820879545247,0.03297019964814074,0.0063293425623789645,0.006023644881405171,0.016995055085340525,0.002631883215661463,-0.01471332020841472
2021-02-08,0.0010963309425079,0.0011141265603243872,0.06050799504160194,0.015533478239472192,0.04214236368583332,-0.008751967758836224,-0.005685798826379031,-0.0020655058255109513,0.013044842106937113,-0.0005242056305199756
2021-02-09,-0.006595511130454084,0.005347213879774275,-0.012229233655724247,-0.004004212194017723,-0.011780855881363884,-0.005413479034808956,0.010708629819389583,-0.0043895646098906895,-0.016300455142510474,0.016178407424086865
2021-02-10,-0.004568879154428957,-0.0039047086568566912,0.03452247001230492,0.0005729950108987596,0.009631444869161898,-0.005588994815406755,0.008940909095030583,0.005329375661315032,-0.053982110546516617,0.011372246645282877
2021-02-11,-0.0019223424778580566,0.006854022408829551,0.032419838970708575,-0.00279647268836184,-0.02535806820418278,-0.007467083315264711,-0.005458482414547297,0.001087371497046508,0.008462878423046197,-0.0009902823446035283
2021-02-12,0.0017747793141278897,0.0020428024318791906,-0.0191651128421522,0.014116932686405164,0.013551436747130339,0.004764600739063575,0.00040661151789884114,0.0030020081543284975,0.005479859012751231,-0.014607892125543299
2021-02-16,-0.01623542102702522,-0.005279287655635121,0.024364509456393884,0.02378569697194376,0.029643443420001466,-0.002676197092374675,0.012746384494986867,0.007451751721639243,-0.024685864957400334,-0.011089568980608349
2021-02-17,-0.017801351429842224,0.004350036255765059,-0.028064283587198445,0.003105992980756273,0.015444926519896495,0.012068471325383062,-0.001460844577432776,0.0037453378621783366,0.0024209343993348833,0.006877019835171697
2021-02-18,-0.008673771514947158,-0.0016804664584794003,-0.00517903902354066,0.0033713432161605254,-0.015829428321917995,0.005903355134450001,-0.01539739696033906,-0.0060647612143308076,-0.01358555824881115,0.0047305281273579405
2021-02-19,0.0012326178231031784,-0.011634663223472966,0.0065535452728238755,0.01655310647079752,0.006705531059336261,-0.023816428691007405,-0.02949644567005919,-0.008105667626254514,-0.007751801260508434,-0.011730982098841228
2021-02-22,-0.030252034546174877,-0.027174239379953703,-0.03898776589453865,0.009346766150889285,0.03619043368641343,-0.02151030634661799,-0.004713789171338653,-0.016678859703115164,-0.08937612559287707,0.009383519835366222
2021-02-23,-0.001111763460397384,-0.00530159986521305,-0.015001378191274317,0.007999548185837443,0.013717795646872978,0.004316729031036398,0.02101961206116808,0.00284858148086197,-0.022161184525391956,0.005691507563923649
2021-02-24,-0.004060323850851335,0.005472154324582548,0.024930778359315196,0.017442261489722374,0.02953237170613319,-0.011007327640787778,-0.0058469355274623725,0.011433774512482855,0.059954347975619646,0.008160211606546288
2021-02-25,-0.03540194677304432,-0.023990464012996097,-0.08575195386437637,-0.013664910699761343,-0.016717765242296324,-0.03293690001850802,-0.03707558960964795,-0.03310736469618734,-0.08402401628244031,-0.010104256545588062
2021-02-26,0.0022292694059875048,0.014695849977644487,0.030125932667950744,-0.02688266210916776,-0.0252440349192815,0.011632467716052848,0.0114385765927622,0.0029519730846439924,-0.009898985904473094,0.010134458250047359
2021-03-01,0.05245118635404213,0.01943290928587824,0.009235439883148016,0.022374420082788716,0.03665665367880145,0.017057488725899683,0.027904542571946547,0.02334181363883713,0.061615106636751404,0.007287638065206813
2021-03-02,-0.02111489467716288,-0.01304175271925959,-0.03196826607335297,-0.003261000402506355,-0.005868369803129151,-0.016540301818484742,-0.022562194733618438,-0.0025060179857165125,-0.04554943930628858,-2.9781847965889883e-05
2021-03-03,-0.024760554917054964,-0.02735131774138189,-0.04590470358181163,0.01914743898693642,0.007993625884758368,-0.029358478249911932,-0.013957896011798313,-0.026042284465377152,-0.04963546753524194,-0.005303252044451279
2021-03-04,-0.015938571627864887,-0.0036541050932804315,-0.03452193798396973,-0.015487926242328498,0.03801551659115546,-0.009170074897274566,0.008693220104360988,0.011133844931765524,-0.04984401019282242,0.0028200184599653302
2021-03-05,0.010681291022716533,0.02125196954722709,0.007349417908997606,0.0023223648735865013,0.037115851329224604,0.007658083796422065,0.025445654793876636,0.030571149783644426,-0.03853223628041701,0.03904106021265145
2021-03-08,-0.04256684929290717,-0.01834523691559614,-0.07222086297420457,0.013165561368741918,-0.0009854990087377056,-0.016299583149453855,-0.03453056631936861,-0.043650922516720224,-0.06022747806878096,0.00880593233852829
2021-03-09,0.039845516902346285,0.02771381969166673,0.07726952476400789,-0.00708800616631184,-0.015562987340136357,0.036879873274693574,0.04003994435008255,0.016236057490575474,0.17932714140524914,0.005155362537061786
2021-03-10,-0.009209196551587326,-0.005834305594224162,-0.004161801196082107,0.021501939504001668,0.030240465806136416,-0.0017024656850275469,-0.003166280257061428,-0.0020458246625737913,-0.008228833280182691,-0.006784645170250996
2021-03-11,0.016368114879415873,0.0200623328845491,0.04126349556001734,-0.005234685534748502,-0.007474911137076919,0.018133028189585527,0.03333788153799675,0.03111415006598195,0.046130766690605556,0.009961656189925276
2021-03-12,-0.007654879569862032,-0.00583654510594032,-0.010638360386691794,0.011788338798102236,0.010707430951273389,-0.0077703841773409145,-0.020211596554331232,-0.024354676720014595,-0.008425900400429927,0.011781988229914438
2021-03-15,0.024162645518742077,-0.003995326563583311,0.0257430207247034,-0.005007728816186309,-0.02582668561230653,-0.002531144890792291,0.019736796130514767,0.002163493919803985,0.02027649657712341,-0.006029112599988474
2021-03-16,0.012662471240634665,0.012274876514436315,0.007552321563248037,-0.012043411518667465,-0.021423446280971783,0.0032979661178309406,0.0199995165094333,0.01423309612923654,-0.04486533694757771,0.0020326683708837352
2021-03-17,-0.006471587670593418,-0.002822516006026917,0.0037547353380178936,0.010239882490398325,0.004388833721424577,0.014089129048404545,0.016794652843707982,-0.0008019053718071623,0.03616869761350537,-0.00684808713778484
2021-03-18,-0.0344930326093356,-0.027024210321366468,-0.04748882085365802,0.016371663827135913,-0.044076592183375306,-0.03496292546552067,-0.019160491286927584,-0.029673947036324862,-0.07184055905976201,0.02763992978070505
2021-03-19,-0.004490418116013153,-0.0016047954153991018,0.009640938604144824,-0.016049330173828393,-0.005648764640063305,0.015392830040768038,0.040411335762605805,0.002776437135474636,0.002614584056873359,0.009702648484528394
2021-03-22,0.0279416968290194,0.024189552526187524,0.026161686101553082,-0.027246909930245727,-0.010320383662242133,0.011610547696605156,0.011753666974764711,0.0018385734223497726,0.02284097771296026,0.003495272035401208
2021-03-23,-0.0069124274621083,0.00671503352477933,-0.00879768109015495,-0.010052028397949532,-0.012418069116649211,0.008523856571831514,-0.009962745211694176,0.005225962939203508,-0.011770465503008509,0.004460397987937644
2021-03-24,-0.020196187744106666,-0.00896359384938922,-0.033273366099963717,0.00773093556683505,0.020079536450146703,-0.016203881085462144,-0.029647623863760228,-0.0043201740120056495,-0.04935894253519092,0.005682787914505064
2021-03-25,0.004154899398015309,-0.013339073054493694,-0.008558737097544875,0.012732364108093329,-0.002843665995820907,-0.013307791454017294,-0.012124024526724425,-3.4537382743896864e-05,0.015929083234572167,0.0013210345879247289
2021-03-26,0.005128181447718608,0.017661880513569612,0.02396224152624319,0.016513304999959646,0.026869242945225018,0.0018923206745425616,0.015237991123207588,-0.0038104425148667424,-0.034440713289359076,0.014420730189382818
2021-03-29,0.0014840351978601739,-0.00525745331901016,0.008453630465316024,-0.015661485972193818,-0.005385943847352053,0.007735312514846097,0.027187013423192578,0.01034753382206761,-0.012065159218404247,0.00682940899807505
2021-03-30,-0.012350401504117054,-0.014515467706980941,-0.005925786741047355,0.011720581255308076,-0.01244659366099944,-0.006667777807782873,-0.009744108264216131,0.0003324641821913121,0.039029424523405194,-0.014615697491165766
2021-03-31,0.018591504274521477,0.01676599307209038,0.03635044207969139,-0.01467231744609946,-0.015286389154126502,0.012616087083554913,0.022420559390974797,0.007812045374539146,0.04958242699342897,-0.003996697718809801
2021-04-01,0.006934741589952191,0.0275262995873049,0.034134407344765784,0.009675420594781476,0.02755866206085057,0.021397878158709596,0.01392485814246692,0.03209023626381184,-0.00929552576717066,-0.013529547408953483
2021-04-05,0.023303553427000516,0.027350915034351567,0.012644399362086046,0.005286539545453016,-0.015629462887232534,0.020580800847156144,0.03374435073236911,0.04101984921403171,0.043324388497766333,0.00843679185087985
2021-04-06,0.0024592283651350706,-0.004869959364203007,-0.009048791621799107,-0.007055062258253938,-0.0028358494605443562,-0.0009022971624071701,-0.008615527586120641,-0.004380987152520048,0.0008244361718844317,-0.01581964614606068
2021-04-07,0.013301412089335149,0.008196731251123923,0.02013989519742015,0.015546394107815987,0.004427415845512269,0.01709045911872312,0.022056252459817748,0.013385196459343109,-0.03031223705748461,0.003479697949513283
2021-04-08,0.01905125304096226,0.013316319376625784,0.012192467152910256,0.001225650588168747,-0.010480452058097757,0.006052887214350471,-0.00022381995056895603,0.005078683153647937,0.018941076007001657,-0.002053338434250609
2021-04-09,0.020049360913292222,0.010214351549308786,0.0057805014463592755,0.007450066265483615,-0.002324324159354426,0.021855051421528913,-0.0017906903774408537,0.00895363112952113,-0.009964638245883383,0.030790455457571305
2021-04-12,-0.013321417775178245,0.0002343611363858392,0.054659137361853107,-0.0021135648616489753,-0.006644450584446425,0.002129852126864464,-0.0029483122793697854,-0.011538852214391436,0.03620406408291566,-5.296181392251216e-05
2021-04-13,0.024015974410678913,0.010031160536650251,0.030466783051958705,-0.011998553522150115,0.0037766607912822635,0.006080225513606812,-0.0057303032920663875,0.004360944988593472,0.0824615371588125,-0.00474183526043052
2021-04-14,-0.018014535333039892,-0.011282324494367111,-0.026005780818185747,-0.018867317998164303,0.028490177112174057,-0.019902668921269934,-0.022659206991776475,-0.005569063678419533,-0.04027179907894094,0.0030126382860266995
2021-04-15,0.018534987280853343,0.015182062642881128,0.05478235932227838,0.006328931864989876,-0.005949482783746508,0.013733669660684043,0.01637685258389004,0.019147411091328753,0.009000306677510112,0.037568056229152484
2021-04-16,-0.0025311018266831894,0.0047669334526199555,-0.014025696866739221,0.007398263673996671,-0.005631782455198336,0.006004280530908502,-0.005342261486019846,-0.0010947060582430104,0.001257911412789418,0.0025608263435182473
2021-04-19,0.005055697057503455,-0.007700072673949976,-0.035224263542908,-0.004249097205398194,-0.003182056885976557,-0.008101740463144907,-0.012951655645416666,0.003066155581139392,-0.034587909254449344,-0.0029970607684228607
2021-04-20,-0.012912881803308055,-0.0018568735962901585,-0.01247842696386998,-0.022390925739724205,-0.021294241443608097,-0.011129268476364956,0.0013557275909174627,-0.004705871692886134,0.006082481415169929,0.017015451783284084
2021-04-21,0.0029252151807494906,0.008943301142486518,0.012397046659142376,0.008471791345914413,0.012759500408874132,0.008162267510845943,-0.003906651297024164,-0.0002895495599228434,0.03435484924604316,0.005733407842139863
2021-04-22,-0.011753743615329337,-0.013172583766839522,-0.033782609827907026,-0.021282071836503956,-0.013121396697185643,-0.015883879438343667,-0.016555878562397822,-0.01140206785285495,-0.03338171795091616,-0.00570794161410945
2021-04-23,0.01787776220944586,0.015357538547163232,0.027562132884817347,0.018954437555085284,0.005413066443424951,0.009576191314045886,0.015427448873510838,0.02082921490617901,0.01340170287553078,0.009461887726168272
2021-04-26,0.0029735131842279364,0.001530581044164847,0.013840681436587886,0.0024606005694620446,0.0019776254711331683,0.020184691912166108,0.006322637560455052,0.004338467662209893,0.011992516455123612,-0.011178429733698106
2021-04-27,-0.0024525184506659628,0.0016047113931747783,-0.006237763660361426,0.004572576531867801,0.01302532203502115,0.0024698649221989518,0.0017476337860928906,-0.008237536343757713,-0.046385859854230695,-0.0034413556122457147
2021-04-28,-0.006045570890987175,-0.028693676502198066,-0.006849938047439324,0.006458428038451312,0.02969147050637948,0.011946146532530181,0.011561088169772717,0.02927517182490648,-0.014780794025162398,0.00022797906657666454
2021-04-29,-0.0007490948885338036,-0.00808564547570559,0.0031373751835812444,0.019257612390907654,0.01418187288682353,0.003697092085053035,0.07043323186987983,0.014192620976655345,-0.02537683713134589,0.01748473132330321
2021-04-30,-0.015248735884830496,-0.0013078327736106615,-0.02078591849107503,-0.008932063661566767,-0.02926661380609551,-0.0011212645540177846,-0.01353524668506969,-0.016543806638551407,0.04680461290993818,-0.006872024743803398
2021-05-03,0.008181642812869813,-0.001269681728630573,-0.011576009995097556,-0.002929848451859089,0.027228943789005457,-0.02361686640013657,-0.007720435435460056,-0.004437258505383807,-0.035203052789871174,0.01764672308413956
2021-05-04,-0.03602661003724157,-0.016291787247841655,-0.03327038756817508,0.01372879689034369,0.006270430485911877,-0.022280927908247625,-0.013168234918509488,-0.015592084998658056,-0.016636360929421883,0.013313419651691553
2021-05-05,0.0019535370616641733,-0.005341349116487162,0.007445600130581119,0.01303565832911125,0.029629542183772537,-0.012557955081461925,-0.010546749462736333,0.0034360942326765245,-0.003956776807325818,0.002816070360369405
2021-05-06,0.012721328202961683,0.013140032518440455,0.004450952524984927,0.019924190723227285,0.009467919379124291,0.010895826077640012,0.015747486597579945,0.009707567260936798,-0.011090612633393284,0.0059700043807239984
2021-05-07,0.005312905657790098,0.010872491438896641,0.019721080662768002,0.003416903626222956,0.014195945020238963,-0.004474051509126132,-0.002941659443720247,0.006218283929236734,0.013219694470214068,0.006437571144460178
2021-05-10,-0.026143210865741062,-0.021136012503740306,-0.0375930039210866,-0.00012383486830320456,0.0023999264974716916,-0.031202294199865952,-0.04195481141587598,-0.02592047120538237,-0.0666139869184463,0.007727995919297668
2021-05-11,-0.007437801168713706,-0.003850803226070602,0.002834995578139147,-0.01676309824794742,-0.03231594377174293,0.010420336143649124,0.0018286382267411628,-0.009509440647866567,-0.019001672485714396,-0.02207669153782847
2021-05-12,-0.025254690074275103,-0.029802444597243922,-0.03903978815318189,-0.006898883908127517,0.005344197194893197,-0.022576744303825176,-0.0130690408464244,-0.03123529532035077,-0.04525703659502106,-0.015494694095006598
2021-05-13,0.017761090578323646,0.01672129860926321,-0.0068006072456696254,0.025397291691044457,-0.012401863163132687,0.0030189822880309276,0.008917091361236381,0.01300002299869927,-0.03133918628539079,0.007838414446905497
2021-05-14,0.019650208381030376,0.02084858055310924,0.04140935987342606,0.015422246200439395,0.024486975460042713,0.019244482527551766,0.0343886712603945,0.021893625602682733,0.031084853734470938,0.0030304824081604197
2021-05-17,-0.009301662600952157,-0.012040775709133122,-0.005455926775697509,0.004015782768594502,0.02309786057923807,0.01462764646007257,-0.0015205558530509999,0.004615371081512506,-0.02213414578006038,-0.0028591989368298505
2021-05-18,-0.011309392812962222,-0.008602122159179115,-0.010627927118567628,-0.01418881742097643,-0.02870833805266164,-0.011721487581113643,-0.017588721615024533,-0.011622875511762557,0.0018013224952045325,0.0042737203232753145
2021-05-19,-0.0012822324140332752,0.002471176284263374,0.0035611279475297316,-0.007667398414382275,-0.02428748889982544,-0.00014852585753418506,0.011643205305971389,0.003983210587584142,-0.025252562795766022,-0.0021468661524207296
2021-05-20,0.020794323112821846,0.01372569549126633,0.03813450662826685,-0.0017388657415577742,-0.0023762738782352457,0.004901676923524499,0.015881442467358724,0.015485957119788167,0.040553601408475165,-0.0021023056709548703
2021-05-21,-0.014877170526835745,-0.005329198587244249,0.02562279549353128,0.011313963065159213,0.0013586399496919956,-0.013828021471269424,-0.007497992705680604,-0.005572706197757094,-0.010105809239520404,0.007290279118208035
2021-05-24,0.013226363276933738,0.022624204483094084,0.04053980302750963,0.00539544568522923,0.0116426910208094,0.0129993563234214,0.026216265915048526,0.02874869390778424,0.04306162202970284,-0.001653156592685498
2021-05-25,-0.0015747702821912715,0.0037414244758427833,0.002287176112864994,-0.01038766022279638,-0.022907517701486284,0.004323491452926749,0.009687229124566153,0.0007746725870796306,-0.002889839951081735,0.005097020759937216
2021-05-26,-0.00039426546914602913,-0.000914208632329229,0.0033335312313275147,-0.00012347556985984421,0.011603867858678129,0.0018730010825371592,-0.0003967907347317014,0.007353735581236462,0.023599290742317446,0.00038720742911926473
2021-05-27,-0.01245396660215071,-0.008705972107216235,-0.013595053759601853,0.015451676899311428,-0.006467862614919692,-0.010792589148289969,0.015414860898026626,-0.007434068727331934,0.018752900206065234,-0.001235070836312431
2021-05-28,-0.005362246788935979,0.001482866330820748,0.047688663600142255,-0.0006693384348359527,-0.003249647448245132,-0.002181807353604432,-0.012154651997107855,-0.0024707381528358907,-0.008964584890580543,-0.0018916342433853927
2021-06-01,-0.002651857877076925,-0.009173646158457503,0.0012307559053431065,0.010960230261976735,0.035179861828753115,-0.0013723560569097765,0.0012160550508100434,0.010270205184707872,-0.002113500469111133,-0.012704325825157216
2021-06-02,0.0062564814439799105,-0.0004041910449062538,0.031098581249826247,6.001358319709743e-05,0.007907761261047483,0.004754641593085972,6.0890217808887735e-05,-0.00445725349819338,-0.030563287475861584,-0.0021411601369515755
2021-06-03,-0.012228741065168943,-0.006450289504290408,0.011349037171104406,0.0006623190747940172,0.003930553827608267,-0.014633490299348802,-0.009493561079127683,-0.009753929500277961,-0.05482031154624073,0.005185413718963967
2021-06-04,0.018843751435281147,0.020464148400781552,0.03522980003986023,0.0016237873990016217,0.0044033634039371125,0.0060095641643640885,0.013132657399366393,0.019401032608486194,0.04473860632554917,-0.005703038243589944
2021-06-07,7.933012551990828e-05,0.011969896507900512,0.00231560815817889,-0.004697862325411689,-0.006530442246962135,-0.0025639767739557943,0.018683022710484935,0.003640696305619495,0.010098272085864791,-0.013376694341743258
2021-06-08,0.00664982414343859,-0.004897554768589686,-0.009237424434829071,-0.00399194693980701,0.01753574934096728,0.02045844509486988,-0.00865332323294248,-0.0016081784800917492,-0.0025481655598922595,0.003715578943304274
2021-06-09,0.003072167211564562,0.004030378155451403,-0.00544376089177833,-0.012563442498391976,0.008334778371806755,0.005206770515708458,-0.010332522119600287,0.003953085253972799,-0.008000903407653626,-0.0015942616964945066
2021-06-10,-0.00805546266752593,0.01429067470769938,0.003838214438137376,-0.015711228067211116,0.0015948858243129689,0.020661910893956897,0.006669620164482995,0.011228584078536991,0.018761400839628444,0.0009718200065762186
2021-06-11,0.009784738277985334,0.002523725959007856,0.022710150912853423,-0.000686044084819697,-0.009285975838255882,-0.0008421810689315857,-0.00361586578991883,-0.0020265674171348344,-0.00037708912038201647,-0.009006941100572336
2021-06-14,0.02428044461937812,0.007725365370581121,0.010796887122545687,-0.01711468428052432,-0.0016098507160222464,0.011006334685231454,0.016496367464281823,0.007669460599542822,0.012708130416930218,0.0031866840801795106
2021-06-15,-0.00645848209200575,-0.0059045110496054,-0.012860571631521519,-0.015284590692140495,0.03576333812205778,-0.00021872359760794925,-5.9238185975826005e-05,-0.008414484737026027,-0.03012429716067012,0.002802054653262267
2021-06-16,0.003926376111379834,-0.0038003199390729916,0.0012218501154368513,0.00700000875949786,-0.0035818687553270333,0.009449397061352359,-0.016980852456757643,-0.0053430579062891045,0.009151155788618984,-0.007598691280524462
2021-06-17,0.012521949808384503,0.013583336919883383,0.046460547658138944,-0.029285158047651538,-0.03347104101569967,0.02143330072900694,0.016267982164429318,0.008007933951141778,0.0192069740346885,0.0002518995685620895
2021-06-18,-0.010142880616967404,-0.005650080926413265,-0.000991971781872843,-0.025628681526141846,-0.02598419002421999,-0.000670883305820527,-0.02056596629539545,-0.013500097829092488,0.010823457790850165,-0.016631646207092652
2021-06-21,0.014005385353057146,0.0122592201327247,-0.01141223190813535,0.016826145909752788,0.03561634342681051,-0.009491708765252797,0.00794610886113588,0.014066672409892114,-0.003986737073227676,0.022097771673304963
2021-06-22,0.012618855646342533,0.010906385578284094,0.02462997751129484,-0.001463478868516007,0.018990936768950643,0.014794678093753032,0.020080450675452177,0.004243449575052971,0.004628256702323586,0.0015564927870524682
2021-06-23,-0.0020921936252745704,-0.000904465868319094,0.00898709252531586,0.00604011316486599,0.0073411238082810954,-0.00046229652298874693,0.004590891362980771,-0.0016650554284470692,0.051343820984031875,-0.007882014142802497
2021-06-24,-0.002171908071960435,0.005338614076909182,0.007749111985322359,0.009156024781176027,0.004037786758202873,-0.015746270765313524,0.007575653961402986,0.0030496596342699466,0.03479874196476401,0.00833340532377703
2021-06-25,-0.0022509573308380736,-0.0062812142724783734,-0.009127578481978352,0.010046830328102841,0.002167589569847867,-0.013902758645549816,-0.005288268137424941,6.930242711756969e-05,-0.011763228305736152,0.015127766916460424
2021-06-28,0.012467984541790975,0.013864450213897806,0.04891279927196556,0.0018160035237949625,-0.02584944151163956,0.012396928694551673,0.040952415053507836,0.0002245244679851217,0.02476994196174637,-0.008655553103383003
2021-06-29,0.011434588845347825,0.009923933425885826,0.0020870242310690556,-0.001231815543123268,-0.006208627885931267,0.0012332733462509843,-0.01060041406624978,-0.0021527093208101246,-0.011624991064809973,-0.008404776403581279
2021-06-30,0.004610467327648864,-0.0018442713971896366,-0.0012115031439230346,0.00904162214464162,0.0073189822222045385,-0.0023169853895690052,-0.011950011895273997,-0.001497755772901418,-0.0015582931945795787,0.005860818113346657
2021-07-01,0.0022610804669421693,0.0025807476401181802,0.01041896161817815,0.00985229644301164,0.0028493931908084814,-0.002092189192267082,0.019029309455906585,0.0029034465663691496,-0.00262225819371756,0.011051329182213574
2021-07-02,0.019407008741020984,0.02203088422611246,0.013514218690979428,-0.000961068175552477,-0.0014235728521348994,0.02246941064938596,0.0008743902184995872,0.022713636729462854,0.001444593124038416,0.010979607630267448
2021-07-06,0.014610828507672096,3.619075367858e-05,0.010270538222022342,-0.0169338854947759,-0.02890848808376851,0.04585930904650017,-0.005427825589763539,0.00741725029397016,-0.028870583198134143,0.0021962925838213635
2021-07-07,0.01779609973646048,0.008141833594211969,-0.015912041417977613,0.0011722679678175852,-0.015766416594306512,0.0056535525885647525,-0.006512501664228358,0.0022480291240597598,-0.02289574720602526,0.0034065813113341704
2021-07-08,-0.009242144313233159,-0.009006532261324113,-0.02329117696852247,-0.017404439454493614,-0.004479492073936332,0.009378115281815287,-0.013905516706524906,-0.01137122795588064,0.01257859403128338,-0.00416265861183562
2021-07-09,0.012970516342142007,0.0018728175601003027,0.007383526095245529,0.03149883579665439,0.01796213296160144,-0.0032399471675578434,0.013705758137895976,0.0037875428460356106,0.006321812249024031,0.005255191436937626
2021-07-12,-0.004212825265009564,-0.0022332625760181405,0.022792767523661942,0.014213861823659345,-0.0009804455549688906,-0.00021237069203446337,0.007788887420495605,0.011541094141147281,0.042832279170544656,0.00949104944159664
2021-07-13,0.00785845305208068,0.01311138443667071,-0.012879267866887515,-0.014985021983658,-0.0047521427736077326,-0.011138754050319735,-0.003034427032830298,0.0028781960967117592,-0.02534398967789286,0.005991115423847392
2021-07-14,0.02381463319429961,0.005430180749294121,-0.020379336356993703,-0.0034108222543616923,-0.022424250728391257,0.0011740849089997769,-0.012748122593122451,0.007007760794774716,-0.02293732311171139,-0.009120433323004063
2021-07-15,-0.004502294803229801,-0.005252402699458396,-0.04511459119872151,0.0021894539289491863,-0.009790802078716708,-0.013806009042966375,-0.00916087222598419,-0.009653633732504894,-0.004263873629526309,0.01272166426856824
2021-07-16,-0.014175869403403934,-0.0009969158249578576,-0.04338468362655531,-0.02310018802550503,-0.02803994359309585,-0.015981254351190455,-0.009626211633686042,-0.00027560559989008287,-0.009854715165981626,-0.0008333040892211382
2021-07-19,-0.027283397433008907,-0.01341086583092615,0.0335027272390317,-0.033059618716828415,-0.034973081141260076,-0.006749758546577603,-0.012416897064120226,-0.01901889914687855,0.003099673103658058,-0.02567864206473938
2021-07-20,0.025642544677786858,0.008304543465173073,-0.008972304054475959,0.018471427394264113,0.010960483049455719,0.006626609097477396,0.013881197997304738,0.0130111725852477,0.021857165705963834,0.009513156958308209
2021-07-21,-0.005144925831681219,0.007418673221052638,0.041981490548559104,0.0208224303603062,0.03165937406293029,0.0033554749445127334,0.013287279227974381,0.010557452599601086,-0.007919294852611359,0.004035705391905675
2021-07-22,0.009582564135354011,0.016704460628081168,0.009434955335026989,-0.012706463788759175,-0.011317265576955232,0.014628121323517897,0.014224143209776082,0.006817087630927905,-0.00924460786068585,0.002721730067565858
2021-07-23,0.01191767843759073,0.012261347041958956,-0.0018389571359667507,-0.0019233239709162684,-0.0012266572906107919,0.005102345801164877,0.05160804328578786,0.03514423553219217,-0.009097683584931696,0.004631224224027966
2021-07-26,0.00289027532010709,-0.0021430609938637175,-0.013590053558879267,0.0066827296775074105,0.02493212949646089,0.011739458318775493,0.007194128228164155,0.007638919469762545,0.02189168871378688,-0.010009361629730162
2021-07-27,-0.015012287358392426,-0.008721560302247711,-0.00446747216265621,-0.0013199387953229803,-0.011176989624335654,-0.02004647134574264,-0.012563084212631765,-0.016056951669913427,-0.019718078031379437,0.0037650905135353783
2021-07-28,-0.012271084105760489,-0.0011173800263709205,0.015241655156017435,0.0016493094796927355,0.006721236544350437,0.0010831503488784933,0.01476225513437025,0.031301747373601786,0.0034062276545409947,-0.01438840594368235
2021-07-29,0.004542163170338614,0.0009778729013758514,0.008119494762836492,0.008533126080755177,0.01212149715217854,-0.00840919910387896,-0.040902374696883625,-0.0023280991274490645,0.04587275846182932,0.007086488395578638
2021-07-30,0.0015091234682304746,-0.005565164354633208,-0.008324619968938442,-0.008005834453995976,-0.023348919946201863,-0.07866330887549154,-0.005653442775580486,-0.007770610565003159,0.014437208664382839,0.00033990866282376277
2021-08-02,-0.0023336533861401457,-0.00031624492847018293,0.012790242069516691,-0.0040270812369374315,0.00017374903723283677,0.0011683541547145397,-0.012283782843908627,0.0009494073313389741,0.03217472594711166,0.008093675625795533
2021-08-03,0.012565075965207057,0.008042970102256882,0.0032857108908172293,0.011313616055580055,0.01071004522915433,0.010379692962522098,-0.002019478879228288,0.005734344569331806,9.862134908657855e-05,0.015117297926795977
2021-08-04,-0.0027859297435988643,-0.002126931936442064,0.022899985557117815,-0.01085044622511258,-0.023645197801632524,-0.003428109147843768,0.021629986736342,-0.003726691552173805,0.001661168327351945,-0.0008535165135672948
2021-08-05,0.000748279415622409,0.010451216602513563,0.01774625628813906,0.012549724607553657,0.006313858508097857,0.006320347457217287,0.011220650818319527,0.008298246373884715,0.005205072568156722,-0.02485939763436338
2021-08-06,-0.004778498719071754,-0.0002076081244844869,-0.013218711136785992,0.02800753229274233,0.011472228366560592,-0.009239891315900388,0.001486477832532777,-0.0037720356024886644,-0.021971130346089583,0.009512264800854965
2021-08-09,-0.0003425329456685945,-0.00391118650383218,-0.0034919979585220687,-0.00108016835114354,-0.011472228366560568,-0.0009181548153357011,-0.005240590089429546,0.008615502810553734,0.02075293960905606,-0.01029071383161441
2021-08-10,-0.0033594394823978305,-0.006576514565644788,-0.01784753772590889,0.012192936322928614,0.016987592644742575,-0.006361004973165342,-0.0013281322035418252,-0.0007744287513043897,-0.005295892009324611,0.00221234010803806
2021-08-11,0.0017840109959617767,0.0017786567049994063,-0.011959565055565674,0.011859482809469081,0.0029178120020268684,-0.008640868502137664,-0.003245276667931323,-0.0038671583273439834,-0.003061037245157465,-0.009859474765001175
2021-08-12,0.02056078832409838,0.009917729012419,0.01040327371022187,0.0039012690197404326,-0.002264298247496291,0.0034538388189029033,0.007445472665435804,0.006692021502230579,0.020181504916966016,-0.004375252181209217
2021-08-13,0.0014092146153389619,0.010435114205853078,0.014117406167331455,-0.011250156879108278,-0.01016480501667656,-0.0028889970825907705,0.001460324546517418,0.003880983200350429,-0.0070584091033222005,0.009097306062055627
2021-08-16,0.013456935340010375,0.0059579872681904495,-0.011859184292348428,-0.006585078383117682,-0.014728410796733494,0.0015227871766333222,0.009263665302319105,0.004216641473141848,-0.04418754471286682,0.01823786679396288
2021-08-17,-0.006172996162166944,-0.005172898508118466,-0.024970792231887497,-0.012154091224272308,-0.006816032657758213,-0.017438191452478862,-0.022373029299036756,-0.011986744657050824,-0.03027123516946714,0.010894336899223925
2021-08-18,-0.025832022197880753,-0.006138092340651867,-0.021716268481546664,-0.00914931410112262,-0.0212831391714764,-0.012646113476257194,-0.008404479470455748,-0.008911768136540701,0.03437259258571844,-0.010630613826561611
2021-08-19,0.002320431060498981,0.02056236446856552,0.03903875111950924,-0.008391134995952414,-0.030995928764418434,-0.004216696494284563,-0.0009290651424553393,0.0017039003103647879,-0.022783267048393844,0.02501276359172589
2021-08-20,0.010105676473719656,0.025253755841096213,0.05014086969928932,0.002847794337069818,0.00018960779761064436,0.0038198497898503034,0.011896937196547275,0.012811942667500196,0.010031571629142592,0.004244442343362098
2021-08-23,0.010205260814335308,0.0009525541944071422,0.05340988227433506,0.012716208523826199,0.04032124927635087,0.02039103748353467,0.01101411308482401,0.01882780443204988,0.03756503320848795,-0.010174826468308902
2021-08-24,-0.0006016630247262566,-0.00668596413973801,-0.007542778773480759,0.006171146094338128,0.00816180676748631,0.012146253464241655,0.005927102537884943,0.00867395438949184,0.0030958501857263057,-0.004594844470844782
2021-08-25,-0.008457089743090913,-0.002017385298747941,0.019089063726444203,0.020402942589368332,0.0018048685313927408,-0.0019985098458953207,0.007848325782130293,0.0057702639133818305,0.0038177489873267093,-0.008705535390850463
2021-08-26,-0.005542514012111669,-0.00971569835602623,-0.006549217899525321,0.005144651910657111,-0.013615436271341035,0.005085305152845157,-0.01094489529165481,-0.004504003884510037,-0.014217568331421088,-0.006909157652537548
2021-08-27,0.007159262689471538,0.002104199867332818,0.025412785246309185,0.008004841555680048,0.019189478936204162,0.010090674197310714,0.022388635119879305,0.017962057835959777,0.015229452832627683,0.004571759231915314
2021-08-30,0.02996365572289513,0.012829273866076596,0.002294844281783027,-0.016136680774454785,-0.010997959153776753,0.021249618004886027,0.021320742735741305,0.004064421758625732,0.026324794631827943,-0.0010991469265997315
2021-08-31,-0.008460720216888,-0.0056486346855720865,-0.013268881400626485,-0.0030590555837673988,-0.0116703919136648,0.014282714711431693,-0.0033681722007205725,0.0007396708238154285,0.0065592749200010505,-0.0048648807389122745
2021-09-01,0.0044688586016025204,-0.00016560278742607144,0.0024982882682361165,-0.001438685875002491,-0.013852068723505803,0.0023626160329893353,0.007013152688273157,0.003573566954477649,-0.002217981262751364,0.0025911139187437615
2021-09-02,0.007446831464373155,-0.0022553464005168012,-0.002007205185161221,0.004622327541609487,0.02407114977225707,-0.004574927931495782,-0.017879138284063116,-0.013369198063161296,-0.00231847373209337,0.015124073970786607
2021-09-03,0.0042215644779174215,-3.3093245703205364e-05,0.019762600063750333,-0.006063628326763746,-0.003820020608874941,0.004301820154126882,0.0026079718659630822,0.003153086356644686,0.0016098361025145228,-0.0020079981906733274
2021-09-07,0.015370657848085915,-0.0031933747382011943,-0.007955236645184632,-0.0017570057796075305,-0.005849094679828718,0.008941925919554996,0.015611317081857689,0.003756649940764618,0.026035942688487673,-0.0038385363096773875
2021-09-08,-0.01013491551594724,0.00010001685281743969,-0.014355477928236242,-0.004469179988720129,-0.009208298622133137,0.004608538783881409,-0.012135598786126306,-0.0040941700006242275,0.0012609548743898497,-0.013984838405435103
2021-09-09,-0.006727282582369134,-0.009908552990783972,-0.007278329890314282,0.0043436156823598235,0.0007399559713453019,-0.011795296134862758,0.0011380031365461744,-0.0010443448736152088,0.001312369553312357,-0.002024228399906746
2021-09-10,-0.03366220769984582,-0.005194117288348425,0.013481383816937715,-0.011562307805890005,-0.0020357586488825574,-0.004317307606338972,0.0018238062561496808,-0.018740813419360954,-0.024935356375548032,-0.022497490289551163
2021-09-13,0.0038860832809313626,0.004318832115871076,-0.014609199411953922,0.015762316299641133,0.02542442099287168,-0.0034592661286029646,-0.005773288633814929,0.010285775150410782,0.009099139444443169,0.025929108405824144
2021-09-14,-0.009608324265183621,0.00938385565522829,0.004054472485331616,-0.017606646915290416,-0.01437040799297503,-0.0020761346389200496,5.2982709906278946e-05,0.001488306115034946,0.002003341828722264,-0.004788158564438686
2021-09-15,0.0061248602176439265,0.016639215580891282,0.004441186018827834,0.0069154985364646504,0.03315617908885514,0.007447589064120205,-0.006955692227821796,0.01313731402943658,0.015117058319369686,0.011998970147860537
2021-09-16,-0.0016116605646076373,0.001311387851580051,-0.004441186018827833,-0.00044300960073780267,-0.010691579424347236,0.003575505609499879,-0.0023027573890010635,-0.005690024187772073,0.0015335851645735571,-0.0016298877898814758
2021-09-17,-0.018518169066229547,-0.017683743586344853,-0.015495849162875322,-0.0025967137687718865,-0.0118940852111168,-0.007400637151307249,-0.02260923425647702,-0.019761002698413535,0.0032970919669145526,0.007933461365439714
2021-09-20,-0.02159281429805733,-0.018749282597373032,-0.036597594915413506,-0.030391023115924003,-0.027011317205709894,-0.03132736193754281,-0.025042134450082073,-0.014886285342701401,-0.03936976129858423,-0.017914807402267863
2021-09-21,0.003422285442309682,0.0016973141541794766,0.006279750088903801,0.00013045206860204782,-0.0009317780474108709,-0.0036122637458179565,0.00499162524909892,0.0022570785736530114,0.012534643183807646,-0.000872718876316316
2021-09-22,0.016731748641554498,0.012741221239746544,0.03218837253939782,0.018971826629884912,0.028849126774958017,0.010833453848678572,-0.04073692402458338,0.008954229478432153,0.01684451236014587,-0.008866647291520249
2021-09-23,0.006696489953908565,0.003276678933012122,0.024358044596766926,0.03324285184672864,0.03330955290259646,0.010579777062858911,0.007980606399678042,0.006625237064980011,0.002258262820491851,-0.001640761885656454
2021-09-24,0.0006129857385425443,-0.0007017420309812874,-0.017997498761232918,0.011473747326901637,0.008895410838742566,0.0027829969154169873,0.020031727599109397,0.0070493606625152685,0.027160841972020323,-0.0023310559841626262
2021-09-27,-0.010606171535253296,-0.017455405948921227,-0.019250248776262552,0.02387860428260695,0.029260273527739154,-0.005773469524888403,0.0017548310819784471,-0.008069678489209354,0.021677401377557137,-0.004456123805935191
2021-09-28,-0.0240894270764978,-0.0368751265245955,-0.04538206936405992,-0.005404398134499391,0.010401018258137698,-0.026732621677354657,-0.03725412678812824,-0.037866267171468376,-0.017592195347548873,-0.01654509335338
2021-09-29,0.0064622909101156685,0.001691836572601453,-0.008831368000079437,-0.0007831847038621746,-0.0006677860014083913,-0.004485396155336227,-0.003057832610253337,-0.010929784159984126,0.0048111864344248965,0.00448054911620533
2021-09-30,-0.00935545267193575,-0.0073509280773125674,0.009652443125969143,-0.01371210032075974,-0.017860605730161343,-0.004882981617736262,-0.000647811893880123,-0.0050554949097004,-0.0074897880450971975,-0.024446593100292544
2021-10-01,0.008094404095717744,0.025149172136991367,0.0012543834206594172,0.020797548878697524,0.03524385567489059,-0.0005420246980202862,0.01060975213560436,0.02122081825840428,-0.00033534501293734615,0.004315835132289427
2021-10-04,-0.02491318294775421,-0.02093711079063818,-0.049918973764536356,-0.0010777635138795921,0.012882135440753891,-0.02888485808454832,-0.050156985862697887,-0.021344161950575966,0.008106673348889567,-0.013907547321106994
2021-10-05,0.014058905914868726,0.01976019744307736,0.035790287521031604,0.0161987266790803,-0.001621513236619147,0.009739950346903852,0.020419623770087773,0.01752836344016002,-0.0012035741082394261,0.01645244193793824
2021-10-06,0.00628726596426269,0.014952092454189492,0.012101669972724131,0.0021319901046506357,-0.018508367075312327,0.012651646071788683,0.002040364441249177,0.01127273550086238,0.002763320999873195,0.002081789525646778
2021-10-07,0.009043339109098863,0.005918989066983463,0.0179538167760053,0.006310525139900962,0.0028063737024147796,0.012315060502089633,-0.013336461897137272,0.011994732322735855,0.01377889392912291,0.026161240560082878
2021-10-08,-0.0027252400603827334,0.0,-0.011645076666485298,0.0007639971167390268,0.02474884571114399,-0.004190573462060326,0.0025179674402217686,0.004017877548410158,-0.010284539562274665,0.009247679470072233
2021-10-11,-0.0006299071513778527,-0.002105120336367989,-0.006550142753427088,-0.021255847773503398,-0.010021302629905122,-0.012952121105274618,-0.014035256152467195,-0.006254219661120983,0.008177997401230774,-0.008531528665001951
2021-10-12,-0.009144780233509989,-0.0045987854582795785,-0.001160766558147507,-0.007710813362449712,-0.005211494563234943,0.0003172241904451794,-0.0051754504522709514,-0.017903965119754083,0.01725061613832015,-0.004330305276279406
2021-10-13,-0.0042487495841532505,0.011643140310534544,0.01288192374525671,-0.026720606817400877,-0.002779757801938407,0.011314351840536129,0.002375339649603931,0.008269109434037194,0.006630349593761303,0.000768269575876532
2021-10-14,0.020023565550143084,0.02150111851547038,0.037816439147201106,0.01522508998295802,0.015113543891082043,0.004732543058962018,0.012219346317024177,0.025610005977528223,0.008886865672994949,0.04081125680476295
2021-10-15,0.007484527007655238,0.004811077613093793,0.005319921482771865,0.019026629318938514,0.00947117241177456,0.03254486320029431,-0.01154152329770053,0.0015362547129321785,0.02974907491710917,0.018175141271744365
2021-10-18,0.01173700697970402,0.010073752593841133,0.016332799327590793,-0.0003604275000105634,-0.00047930295935020174,0.01100400576947037,0.03205825915377241,0.009924602485578932,0.03161711443997285,-0.008092110470104105
2021-10-19,0.014967570331578169,0.003054320446655546,0.0030556197204309864,0.012055398403865032,0.014913558483709167,-0.0007517249304827118,0.01377119207979109,0.0032094490223731546,-0.006734486474692475,-0.0005652886642010747
2021-10-20,0.003355217859949273,-0.002664186110753497,-0.008424701953990775,0.013376278671773795,0.005496818211211494,-0.00848206698962188,0.002321139984781486,-0.01030149354184253,0.0017687488821671587,0.02492351027217102
2021-10-21,0.001473067399440664,0.010839032665431183,0.02629888077137782,-0.007874385311179294,-0.018334526045446033,0.005824760045406363,0.0032227778844793648,0.0008250198216009793,0.03205181901693134,0.016390531774118162
2021-10-22,-0.005299121434233174,-0.005162369340177848,0.001497332043649491,0.013361609768635081,0.006835598902813461,-0.029382296136388146,-0.05183560064638583,-0.030916518361177158,0.017387072543931938,0.015435791540174675
2021-10-25,-0.0003362370168279287,-0.003337091151279946,0.019175867890279,-0.004901930526189536,0.019299388129389073,-0.004561377086082202,0.012490725391041523,-0.0008689678402912396,0.11921843486746743,0.0007345127120114648
2021-10-26,0.00456454695671045,0.006405205185150133,0.0648055344947346,0.0026874070229840914,0.022890544821050404,0.016636110939323188,-0.03997440197852788,0.013452396804744414,-0.0062938149592970775,0.011392257801645427
2021-10-27,-0.0031526485482266504,0.04125147593628178,-0.010820042537463215,-0.02104855077211763,-0.02631548462677237,0.004851848967382222,-0.011432593963034815,0.04840439006788102,0.018898727534898532,-0.0025546254991404326
2021-10-28,0.024684045348552418,0.0036446886979031243,0.01984186390841765,0.0149624878517739,0.0028028591234710207,0.01581542696620515,0.014941314691487361,-0.00252353062229265,0.03705562944417333,0.00431272445358068
2021-10-29,-0.018322187415678086,0.022166378623557886,0.024789373627430562,-0.0027627171030773423,0.0024848833578767424,-0.021745984346714802,0.020766068653370606,0.014951396599766768,0.03374062327713504,0.01098372851503421
2021-11-01,-0.005623286778292411,-0.0068077107192265045,0.010118002574352532,-0.0005298941479302391,0.017832943329812598,-0.01623822909338356,0.019616625057217243,-0.031209014036209088,0.08149724419582528,-0.013908326441879589
2021-11-02,0.007090943545888487,0.011351029116145136,0.02198137112460093,0.003937936548407422,-0.012418466017442658,-0.0016167159617979095,-0.005774731413566623,0.013397821093245608,-0.03074274797958024,-0.00456867172302479
2021-11-03,0.009751072650585519,0.002608040022079248,0.007434147355251803,0.0003520400870084566,-0.01382557670342456,0.021279781969291613,0.010732446312417794,0.007982100645951038,0.03509368755165895,0.01163445811840862
2021-11-04,-0.003504834966115114,0.007278796168444184,0.11370618962723333,-0.013222408237405144,0.0074803071002471095,0.02711146442608225,0.012674800306366545,0.011324064501080498,0.01313564628546233,-0.0012472147218769193
2021-11-05,0.003575819669457268,-0.0011300299067110522,-0.0016457170544456072,-0.0014273639128823455,0.00942580742718884,0.012004091021206855,0.015599101472141977,0.003934437284369659,-0.006378469186125081,-0.0020816686355379383
2021-11-08,-0.0055679712268181985,0.002763445251968445,0.03474814976976148,0.005992062629844871,0.010708446399801575,-0.008564519878774466,-0.007385218568208408,0.0012019343399114458,-0.04961124617557869,0.014829536120948957
2021-11-09,0.0024564267785232826,-0.003090648471227294,-0.0047835791816473435,-0.00760001716986808,0.009691196219496009,0.024699674045048896,-0.009644232111022407,-0.0007552649968311574,-0.12772318728902374,0.003732779947904037
2021-11-10,-0.019349334169868206,-0.015448675944918866,-0.03986140454873205,-0.0009541404023522848,-0.019897230631950234,-0.026687971077505174,-0.023318801440406114,-0.020522382245956674,0.04251283809069096,-0.009629669319646319
2021-11-11,-0.0003381282711879379,0.004915511817452073,0.03111392474612694,-5.958069039787263e-05,0.0018674387842037585,-0.0027463665972794556,0.00030504668357368876,-0.0008706745902535848,-0.0041661953768667185,-0.005472522232053024
2021-11-12,0.014235295221279417,0.012822472636322762,0.0,-0.004484571015604137,-0.007648427525980507,0.015048234458080111,0.03933940118086388,0.019776657775902724,-0.028701065279561472,0.003491810091329438
2021-11-15,6.65956105622475e-05,-0.0019321673852471495,-0.012083041941405923,-0.0017995986228525858,0.008581186947824997,0.005806911669058077,0.019377381545796858,-0.00152122456337724,-0.01957254315692035,-0.01800446411063362
2021-11-16,0.006644602669258666,0.010183839496620445,0.005910826749064801,-0.007230748056921205,0.010047151946639127,-0.001405473377029005,-0.013323520611697375,-0.0038874901668433308,0.03998366090579434,-0.002620938124950637
2021-11-17,0.016355748747254383,0.0006784566996974137,-0.03168570587071589,-0.00539670170864482,-0.010979911368483601,0.0023413880700420314,-0.006406219925164292,0.0011556897724834298,0.031984216103858806,-0.001491324518678434
2021-11-18,0.02813614485892002,0.006320004050389882,0.07927209374787939,-0.008671537282306192,-0.010944377971513217,0.040601497259703,-0.006122245533986207,0.012028070087775454,0.006744812791821567,0.001157517797054034
2021-11-19,0.01683373408638566,0.005376777638286682,0.04052527500500754,-0.013149361314468032,-0.04732120677401507,-0.005287066211290259,0.019328101758788286,-0.0061048937661216385,0.03643213445735007,-0.021294355397413197
2021-11-22,0.002923150591896515,-0.009605435903214093,-0.031692983482851336,0.02109084270404559,0.013750503519338507,-0.02869509488188082,-0.012501442910982033,-0.017780075573150627,0.017272096909531555,-0.005606460584821898
2021-11-23,0.0024189891410632803,-0.006346683306940993,-0.00659320468215837,0.02363096280720685,0.02599634042888837,0.002088774763957146,-0.011087383344937833,-0.003560497689551651,-0.04223229344871564,0.02168117916531805
2021-11-24,0.0032784426771533415,0.0006808869762816261,0.028812940655497592,-0.007874917180204218,0.0055287657707209,0.00010331000315118602,0.01123380289081849,0.00231569126264449,0.006265105659810634,0.006753709711474404
2021-11-26,-0.03219118170047565,-0.02465705226851861,-0.03649694178241114,-0.03059005381105961,-0.035761045213309556,-0.021412317856405228,-0.023555625610438998,-0.027313194669053156,-0.031013582803841335,-0.02303292713130334
2021-11-29,0.021637853774455155,0.020862098581784182,0.05775423993484655,-0.004332385750951747,0.0055356308538399195,0.016136535670027943,0.014631835534871481,0.023270669551090698,0.04964715675134432,0.027112050582795935
2021-11-30,0.03108918566137395,-0.01810567970284995,-0.021196156382572953,-0.01499737782944572,-0.028825138247366808,-0.015420562086679022,-0.040972394719658446,-0.0252807642662079,0.006810578672784683,-0.017362257512229255
2021-12-01,-0.003211601778635939,-0.0015436719433358777,-0.03859647053205451,-0.0059359484925725825,-0.0008359902890365878,-0.018228623739821467,-0.04365645908423396,-0.005979769793969304,-0.044440653310942796,0.00027006057397095846
2021-12-02,-0.006148419489440662,-0.001789288515380272,0.02174368384784596,0.020809331626444192,0.024615176610783406,-0.001848596514633391,-0.000676302054668741,0.013481887690782469,-0.009543130353379798,0.003773731076939521
2021-12-03,-0.011793825004698937,-0.019862680554984514,-0.04563114091971432,-0.01827903264790168,-0.00638467919268108,-0.013935728778151546,-0.011503056588203364,-0.006769228493756627,-0.0663521763056877,0.010627757135946263
2021-12-06,0.021274886947027262,0.009796818780976366,-0.021604293858182744,0.01174435092990263,0.011268252940471369,0.011025217696555534,0.03531608101615005,0.008090408485076498,-0.005889394805839068,0.0237302480330693
2021-12-07,0.034832766343637966,0.026411462488054996,0.07656107260800003,0.014935720933698963,0.011142692944184176,0.027602038798318594,0.015421440807470972,0.02833608398252568,0.04148581070093519,0.009990990153338881
2021-12-08,0.022527407084888543,0.0001493482945454664,-0.018707619318746968,-0.011507411298344981,0.002886342090302908,-3.689939734869626e-05,0.023724334052479187,0.006207342504431015,0.016230761245708623,0.008847646609049794
2021-12-09,-0.0029746132744334626,-0.005598144643966516,-0.04288493398339051,-0.0015566514496344528,0.0025587175096081884,-0.011343741238858878,-0.002241112653242674,-0.0037047858953070906,-0.06289341727027524,0.009467611797414541
2021-12-10,0.027628063555574366,0.02794565704869424,-0.009622812786708703,-0.003996526369013742,0.006368473055157704,-0.011311296797986634,-0.00021237220815622916,0.0024556411609500334,0.013093827482800639,0.01032011225122861
2021-12-13,-0.02089096435412064,-0.009209114880475858,-0.0698378207489227,-0.011959830596447087,-0.02214452594025703,-0.015475202151186945,0.014272078243581395,-0.014804748179887474,-0.051053775924629424,-0.00018816066706600753
2021-12-14,-0.008055638402586555,-0.03312989030033788,0.006230390229656127,0.0076332052048096516,-0.0014614761655522216,-0.002811076756339546,-0.0022446392436489106,-0.013250440238811457,-0.008208173270999982,0.0027567919348454413
2021-12-15,0.028110414792109385,0.01903571350601534,0.07221310877232336,-0.0075065186076902456,-0.004397287841543455,0.024670732493370397,0.023453719421974974,0.017455507361574273,0.018072325435531507,0.03064405272066895
2021-12-16,-0.04005552742276897,-0.029567905507447936,-0.07045024319007985,0.015517899070952875,0.0016309450849102678,-0.02597563931621664,-0.019983893501456833,-0.01372389620194987,-0.051585055672323236,-0.0030796072485719927
2021-12-17,-0.0065229493170105525,-0.0033915284815241218,-0.020859355612177912,-0.02301704487742686,-0.022076592587676996,0.006766260845510533,-0.003319940370537439,-0.01901023482543625,0.006076947341899706,-0.011714473086598672
2021-12-20,-0.008154995103458627,-0.012085983771900627,-0.0029540151994468552,-0.018152994786108306,-0.014598887848692134,-0.01743466066061881,-0.025303197857728003,-0.0008330235965714975,-0.03561605979548491,-0.006983639352676071
2021-12-21,0.018906914391017764,0.022806718160255392,0.04776076249675874,0.013869803569973006,0.022397715017342227,0.01978169533389277,0.026530767877964795,0.013087888154943078,0.04198665654283043,0.007168331649484249
2021-12-22,0.015202689303015094,0.017896545046959467,0.011115911250864146,0.0039003312099593376,0.00806667345646361,0.003631503982249459,-0.011284317301001,0.020301700569022384,0.07227140942458773,0.014103363639170887
2021-12-23,0.0036370991870149348,0.004461712428212679,0.00813020038597897,0.0035674903064439067,0.0004915468326541334,0.00018411946479317587,0.014391296757611553,0.0034194020641787584,0.05602002567418564,0.002526696868670842
2021-12-27,0.022714761076443168,0.02292103645197613,0.043086562605882894,0.005706792477705755,0.014157023724777605,-0.008211646321395375,0.03211224167127534,0.006715774062986721,0.02493491640225287,0.00828228649107466
2021-12-28,-0.0057838789185922475,-0.0035102937553383095,-0.020337991073093257,0.0030301560594449017,-0.0032366478963231434,0.005826710732445391,0.00011560149828855223,-0.008279283689146422,-0.0050128185500081576,0.006863453262766171
2021-12-29,0.0005018247168775433,0.0020491222262936466,-0.010642780250609808,-0.0005044972158345327,-0.008792106911046017,-0.008591725101779567,-0.009518957362877119,-0.00021809985365238308,-0.002096907250306926,0.005235147641020637
2021-12-30,-0.006599762649272323,-0.007720963782393298,-0.013929225144880729,-0.0005046434021907857,-0.005904669932015093,-0.003294427727342962,0.004132071627689459,-0.0031038892364456516,-0.014699782732613053,-0.002277128317493732
2021-12-31,-0.0035414973628527017,-0.008880662178764116,-0.005932492033601419,-0.0008205076583512752,0.006558589274961078,-0.011495217795266778,-0.023535352659694586,-0.00926637771244772,-0.012749774874751605,-0.004550101420308016
2022-01-03,0.024696413580937326,-0.004678976266674624,0.023853832970137396,0.020935009608824464,0.03768586721856529,0.021877258953900566,0.006489949033808838,0.0009623847487809707,0.1269116289226746,0.0002789192880820256
2022-01-04,-0.012772606174122549,-0.017295821360138384,-0.02797648667047692,0.037208558011441135,0.036923962697771866,-0.017060289689663746,-0.0059549257449716415,-0.004091216677892396,-0.04273287830059682,-0.02291745155429205
2022-01-05,-0.026960098636095088,-0.039144388677922144,-0.05928554854665697,-0.01845094650507073,0.012360665362574835,-0.019073846316683307,-0.03741915308772816,-0.04696201723662152,-0.054953895352910696,-0.0024678121939803285
2022-01-06,-0.016834281915729738,-0.007932876550163441,0.020580938236912778,0.010567940879565271,0.02324832811813625,-0.006733601858714689,0.02525138798331913,-0.00019979959764607113,-0.021758379841487693,-0.041784749931082436
2022-01-07,0.000987886499524488,0.0005094747117264449,-0.03359817846405576,0.009859136773006535,0.008163101168137876,-0.004296997177475961,-0.0020173651834061667,-0.005317039905741697,-0.03609004895021842,-0.023809275153415115
2022-01-10,0.00011621112583225338,0.0007318209461910531,0.0055996984757808715,0.0009569895417082092,-0.005969879141288643,-0.006591854785116594,-0.011275161184852382,0.01198846806946156,0.029890740749494566,0.013858925980704085
2022-01-11,0.016644535302696887,0.0022570301086593694,0.015104219985162683,0.001015142198396453,0.0412016426531366,0.023718602439306714,0.019021225799444236,0.007661432967636387,0.005917481776156395,0.008565349050909133
2022-01-12,0.0025666276994565913,0.010390886629776082,0.006521456256594106,0.005656133227524925,-0.002947595102095244,-0.0009377696670975312,-0.003325211511946966,0.012053427227999678,0.03853754612843837,0.01001372504751886
2022-01-13,-0.019211163002153486,-0.04324434799856192,-0.052198017338686856,-0.0012476564924134483,-0.007194763427944129,-0.024466534551061184,-0.020554269359616024,-0.02030973274949487,-0.06987655465675016,-0.01336693824761868
2022-01-14,0.005097530562079971,0.017561630183075678,0.013715573954431178,-0.063433632211923,0.01740398946985748,0.005715124523055335,0.01646497958572787,0.00642621432600779,0.017346435457551865,0.0026918714045905874
2022-01-18,-0.019074837215940436,-0.024640311063054723,-0.03932756159275522,-0.042831829342496255,0.01669577662881029,-0.02006265472349509,-0.04231086285235958,-0.025284723797294274,-0.018364847454341894,-0.016564962370578144
2022-01-19,-0.02124876958582286,0.002244160551229479,-0.032806669541775975,-0.015590240251028982,0.0004103053393781386,-0.016614359071245203,0.0045159395977287815,-0.006502785413452984,-0.03441330009854252,0.0033134104134990906
2022-01-20,-0.010400999258157675,-0.005719604490551875,-0.037267464271822884,-0.008563860556435222,0.002186044356214805,-0.030080217077818206,-0.009525862466340403,-0.013478810079895579,0.000622510083264904,0.001037164458140327
2022-01-21,-0.01284746118018473,-0.018640717587139716,-0.03266030281080732,-0.017627066640658065,-0.015126956464860867,-0.06134555364691525,-0.04321918492603831,-0.02242387597915089,-0.0539980722931419,-0.003960436384754364
2022-01-24,-0.004876232998840914,0.0011478554911220165,-8.562826222507919e-05,-0.0008962874073448307,0.00855443458104478,0.01323896043083007,0.018108575988197755,0.003465561100114061,-0.014835635717323473,0.0023825245298468795
2022-01-25,-0.011450073793515727,-0.02694828180626273,-0.04587634994550298,0.010840978051411527,0.028975575757778448,-0.03204163984338447,-0.02812004218605045,-0.0300249097250735,-0.012551567227813773,-0.011815858593540752
2022-01-26,-0.0005632047475268701,0.028094714463160923,0.01986918086415443,0.009441639504441492,-0.010194231425485695,-0.007986135126473034,-0.018562041640298038,0.01794176555973845,0.02048773822340817,0.0034741941467313782
2022-01-27,-0.002947728227780521,0.010493764105195594,-0.037037931370526876,-0.01780214912410453,0.01272697488614526,0.005493528624727967,3.3958324988534065e-05,-0.0017658877290167127,-0.12277997465910719,0.006891238648051785
2022-01-28,0.06745098966353297,0.027694698382037388,0.04001966331179574,0.008906425780011166,0.0021275545915296857,0.030610731040560255,0.02371201577738933,0.033133634556563596,0.02059221036289143,0.009615732076334751
2022-01-31,0.025790093599407257,0.008784985960772767,0.069588275264663,0.013482374295791584,0.008992210051998626,0.038127433338896885,0.037567349031582126,0.014535611375422482,0.10145138741776683,0.01387145784012377
2022-02-01,-0.0009729485358569373,-0.007164353736259098,0.006188455318778688,0.017014383549776742,0.06214134168407549,0.01077253018259915,0.01815748977571366,0.017150032850384907,-0.005856643341232021,-0.008842024659540293
2022-02-02,0.007019431026770436,0.015107545591025751,0.02421932901128141,-0.008037260409967894,-0.002601221036822382,-0.0038501180924552735,0.01246141135930943,0.07254200212481611,-0.02786380690498853,0.023983727159820962
2022-02-03,-0.016861005539084945,-0.03973127636379028,-0.05262436339151288,-0.008304707543719345,-0.011728102983394582,-0.08134849507057183,-0.3063907466155758,-0.03373873261450428,-0.016162405874435497,0.01856453668663408
2022-02-04,-0.0016807198118562344,0.015448441922208555,0.015373098889527304,0.025627154055863452,0.02147940933183588,0.1269489157684572,-0.002821888238059025,0.0014176955628210437,0.035474386816493036,-0.011523671983604041
2022-02-07,-0.004243575511462445,-0.016444940581600058,0.01667807126696,0.0033376446590052556,0.011965810009412018,0.001875974577811346,-0.0527396428266293,-0.028972307081124443,-0.017458706575610557,0.0010963741386755522
2022-02-08,0.01829829524700634,0.011923940301031116,0.01525031425716868,0.01863993513856626,-0.026192424937278445,0.02178265381683596,-0.02125487392391697,0.001421384233231118,0.016028052271245364,0.01987549939592375
2022-02-09,0.00825952417669202,0.02159986572927383,0.06166428537201133,0.004159309893989284,-0.004798661235535646,-0.0013886979453967615,0.05229190055652556,0.015609220404217814,0.010787525285489406,0.009460422522588673
2022-02-10,-0.023881773411945452,-0.0287833574660063,-0.03354658874153067,-0.004159309893989183,-0.009666848703196554,-0.013654506185153747,-0.017084544091355,-0.021213409132658,-0.0298952129692807,-0.02311174353409284
2022-02-11,-0.0204255375101429,-0.02457361884879819,-0.07537763545555731,-0.013102792660663736,0.02486705653679153,-0.03657177570139793,-0.03807266456825248,-0.03179036893743062,-0.050505215210130634,-0.017806431830495843
2022-02-14,0.001422000303258325,-0.00013551878695556118,0.013190949069370184,-0.009333519827303419,-0.015453308089876418,0.012147601490993106,-0.00846215752342374,0.009217742602831609,0.018159773032297852,-0.007831885919362269
2022-02-15,0.022888624919425987,0.018372497005179532,0.08783855113542517,0.014517978453122436,-0.01261441056272838,0.008621083638872947,0.015044793905601908,0.007955757859203617,0.05191932445845771,0.008041155453194629
2022-02-16,-0.0013897096214695887,-0.0011678624604422537,0.0006036193301173242,0.0018081463729729239,0.0046054085470494995,0.010107783346743868,-0.020387405111211464,0.008234011844119683,0.0010402120327626255,0.0037983302355073106
2022-02-17,-0.02149891529795648,-0.029719621487094228,-0.07860092808871683,-0.023301764669782715,-0.0015325178256257053,-0.022050230393006458,-0.041632385863752834,-0.03847650615141448,-0.05228610180162916,-0.02043440215770781
2022-02-18,-0.009399680282858753,-0.009677467740160707,-0.03593392681637803,0.0046774668643754826,-0.011183405167817876,-0.013350682834785058,-0.007490419876494028,-0.016247224910639617,-0.022350967561475237,-0.005393690277671753
2022-02-22,-0.01797284972353372,-0.0007294566859960455,-0.010716169571049166,-0.0017762381343949265,-0.011702140670840449,-0.01587889987657254,-0.01998873934828514,-0.0045308608325629,-0.04224617718140919,-0.011393890609478138
2022-02-23,-0.026204405664359363,-0.026234481634743675,-0.04382816019796214,-0.021161116556676532,0.004045937344234051,-0.03641116014436802,-0.018126496541974298,-0.01729248889123442,-0.07254830168258311,-0.006268277461082612
2022-02-24,0.01654251869873983,0.04983122770725369,0.059017652357783425,-0.028238007475677254,-0.012715316506090016,0.04410800497645022,0.04507594617027848,0.03921675938363316,0.04695367409397792,-0.008148365980716863
2022-02-25,0.012882243612599226,0.009190716068494087,0.017076078269259082,0.02338385715713081,0.026556912046397128,0.01593036537376894,0.013777438433029532,0.013240181628834172,0.011299945777284081,0.04264093515579787
2022-02-28,0.0016365073294126685,0.004965612010465575,0.009394057426071894,-0.04259151506518434,0.007423556618140085,-0.0014673390183547882,0.0026097379337366887,0.004433804765451206,0.07211363413565586,0.00025217955317725606
2022-03-01,-0.011696425153075694,-0.012934925848051722,-0.03794702368285171,-0.03845957563606992,0.009518736861444286,-0.015891148369833387,-0.036383523869820404,-0.007398528674591314,-0.006986492144572377,0.0007982651018399867
2022-03-02,0.020379456587374525,0.017609691244211884,0.031327810258731784,0.020527955586423122,0.01703215887792644,0.006006111112644554,0.022449952284611753,0.00379716789313065,0.01779600470296842,0.01898921761563435
2022-03-03,-0.0019833102534006623,-0.014326773322351069,-0.021113121268798465,-0.007133388116241165,0.006313290882617402,-0.02769967430173762,-0.025008550768482123,-0.00500612489169575,-0.04724057511561311,0.0024896300174999503
2022-03-04,-0.018579742083015823,-0.02069093265243329,-0.03335788053348402,-0.028532511895104914,0.03694472184159863,-0.015381483821486462,-0.014440893191188289,-0.014996150256814191,-0.0011922300504741562,0.02448258712672218
2022-03-07,-0.02400343829632173,-0.03850884265104018,-0.07156232741658955,-0.039381245276878994,0.03539864273869537,-0.05786267214586164,-0.06499851773457195,-0.04281204781003878,-0.04104369101185902,-0.023907210946698614
2022-03-08,-0.011744603606012063,-0.011031771767410988,0.007558598377123875,-0.007067822308682265,0.007547258128372092,-0.010520594620232346,0.014930334618851914,0.005728277148640406,0.024335419149005895,-0.02792979933535714
2022-03-09,0.03439879269419016,0.04483747945866169,0.06739884134194364,0.03928051682852796,-0.05852636742394527,0.023717698424230754,0.04223989814093101,0.048492370552465316,0.04107819387010212,0.02525598066072972
2022-03-10,-0.027562578570208853,-0.01013780243365651,-0.015589613231956068,-0.011911120349546124,0.030570231405676794,0.052711186532696214,-0.016713159900475432,-0.007451402289643688,-0.024358017786858904,0.012016650044781252
2022-03-11,-0.024199277665910974,-0.01951751984569594,-0.024935369824474255,-0.02278143190341639,-0.005167867960214722,-0.008845856240147519,-0.039710415249933156,-0.019512671639008897,-0.05259370365966602,-0.014637779600869115
2022-03-14,-0.02692145996119482,-0.013045480187570109,-0.035463249248135854,0.009882088595405202,-0.03645485438878417,-0.025553208143987614,-0.005237359001659631,-0.03064501664631206,-0.03711720154932235,0.010404124246104473
2022-03-15,0.029245719054715617,0.03801067595414519,0.07420501642917413,0.017590153517552463,-0.058596369388822504,0.03813139923769891,0.02852350481152333,0.025453041498051155,0.04530634609366675,0.02026780290177436
2022-03-16,0.02860230591694343,0.02490085099414606,0.06419025642841938,0.04371643410484216,-0.003762399960077804,0.03819476755459102,0.058653177882820574,0.031110037703296525,0.046704219074345354,0.0007027540543151732
2022-03-17,0.006433143115576681,0.0028153917785151404,0.01096198251076684,0.012565293049911112,0.026298794562795044,0.02664947618554765,0.02046379796106618,0.004181522325007851,0.03665493442277862,0.017428393725047873
2022-03-18,0.0207031535933538,0.017493760988922757,0.06589770177553238,-0.0003567231296626719,-0.003933060595664802,0.025192147663773066,0.04077590397643123,0.016939782576228975,0.03803519751155836,-0.0017767953054133657
2022-03-21,0.00850139950714775,-0.004236268288393896,0.010566662683433203,-0.00321710390289894,0.04389348963430325,0.001493436589994942,-0.02336667414371597,-0.00017643204906787893,0.017268009913468576,0.0030381740392516274
2022-03-22,0.020587382185488987,0.016246583003135542,-0.007886147365912945,0.02104439982610444,-0.004389122868594633,0.020820051155123028,0.02410528902852863,0.027298434957405443,0.0760832835953988,-0.004619883124654611
2022-03-23,0.008199968390594552,-0.015144213176850661,-0.034130453441973185,-0.020114112310952906,0.015639348494884575,-0.009022396175222974,-0.014833619165851807,-0.011451294119215128,0.005147863044765912,-0.004144685592408946
2022-03-24,0.022424461367465898,0.015275942736774925,0.09362765802077105,0.0064889855744256954,0.003002953432805628,0.0014768099843156708,0.028221541577374294,0.023560395310781784,0.014714339594958641,0.02012492171085951
2022-03-25,0.003727189783882401,-0.0013823088440451678,-0.016403690852191538,0.008704788046959329,0.02159300935398348,0.0068448147304497955,0.010195267252958193,0.0007132767159411343,-0.003240181703986614,-0.0008379511400087701
2022-03-28,0.005023650148870659,0.022853422681991496,0.018851840311564647,-0.00742604963877965,-0.028452697708045874,0.02527066880086216,0.007947641738385894,-0.0015365359223117345,0.07728050710253655,0.0003314715977036523
2022-03-29,0.01895408455175468,0.01504551650963587,0.015367588023391183,0.0021982240058319486,-0.005327428716728165,0.0019184362663260243,0.027656500589260922,0.007395309269587704,0.007054913567225325,-0.00482471603331242
2022-03-30,-0.006671916098373156,-0.004926634112916015,-0.03429162274700841,-0.004543585113851977,0.016973037919561555,-0.017961531171231216,-0.008782865880682228,-0.003986588513056614,-0.005087674440050588,0.019563608252966512
2022-03-31,-0.017935709300723288,-0.01784105154248096,-0.014697636800983953,-0.03048687198569565,-0.014305882610208227,-0.020064520292900095,-0.024389854284529378,-0.02043431440725295,-0.01509517416561853,-0.021052871399343906
2022-04-01,-0.0017196266521087118,0.0035939289261509876,-0.02126094134810564,-0.007436764573709297,0.006397177529576387,0.0034450322821231614,0.011135953221989467,0.007757234593780271,0.006465651918934319,0.005124672556742798
2022-04-04,0.023417002262358055,0.01777791383883384,0.02396930357029847,0.004424465693731028,0.00048093307030061896,0.02884445449723015,0.03941719466060823,0.019928452634250048,0.05459557817973847,-0.0050265958880103
2022-04-05,-0.019123556586997926,-0.013070858578816104,-0.05364297410038432,-0.011705589154472038,-0.005184216349447066,-0.025822642256601212,-0.00880348938872011,-0.01679009891278067,-0.048464637280470575,0.015062033925539536
2022-04-06,-0.0186231451109036,-0.03729230310163126,-0.06056908493927367,-0.01397135637846097,0.011059059269083802,-0.03283328123701215,-0.03753122914735332,-0.029179072598430233,-0.042589069768463106,0.02666163652129126
2022-04-07,0.001802652060001553,0.0062243328614594706,-0.008186940258770778,-0.0030468654706830253,0.01659795168779198,-0.0061382328144399005,-0.0015686329669656804,-0.004841379437516919,0.01093679078037125,0.00973156524700467
2022-04-08,-0.01198059874449894,-0.014707620717523063,-0.04602832343982506,0.018142334940837987,0.020827999624467197,-0.021291810941382657,-0.002784724252715433,-0.01932637163546435,-0.030510186068030958,0.01664075600370785
2022-04-11,-0.025847089789402783,-0.04023011632458881,-0.053392235575766396,-0.003677364580837883,-0.03503795683285611,-0.021850949776512304,-0.026757027663938605,-0.03406503883048355,-0.049534931817513166,-0.015728627347964225
2022-04-12,0.011457637768540082,-0.011281179208399723,-0.019023555428591576,-0.01103811619928996,0.02065574237585236,-0.0022158166719546393,-0.010775769112306684,-0.008646051753660743,0.01122853693277581,-0.006964472006374491
2022-04-13,0.01621043680415227,0.019520312073374804,0.03198849839562006,-0.03276446744092627,0.014036823328578812,0.031037763445815297,0.003961532005492366,0.016921455490870957,0.03525937358618668,0.006145307869065789
2022-04-14,-0.030447296466914575,-0.02745785928344653,-0.04349420491235961,-0.009312566345454259,0.011681100958554225,-0.024961650159491106,-0.022627277934849487,-0.024659786583910614,-0.03723709338922126,-0.0040676670658823496
2022-04-18,-0.0013315548523887238,0.0024627459542500645,0.02439663144133255,0.018383623464042063,0.00816432896810276,0.007084013688019547,0.0028032842307338978,0.007440745670732927,0.01939443951963136,-0.0013845729522810487
2022-04-19,0.014016223825807078,0.016896280216089788,0.018872321423029914,0.020495340010240913,-0.008961538415949584,0.034294010908479985,0.03055745736585901,0.018104057787862428,0.023480261839117743,0.00675522971949817
2022-04-20,-0.001015875469343623,0.0037082498474792103,-0.032786927141918144,0.003502124905292149,0.0022764867512882155,-0.026386116801539967,-0.08090978791396382,-0.015261118201312296,-0.05082502163771964,0.015336353027363183
2022-04-21,-0.004855381579462059,-0.01957147601876104,-0.062374618532058924,-0.007782255746276232,-0.010629465636916122,-0.03772931062801116,-0.06360085249734473,-0.025513968159180885,0.03180563608534794,-0.015820178591389226
2022-04-22,-0.028215803065806545,-0.024440295527823574,-0.03365736923577373,-0.029142788592228026,-0.022073490524216522,-0.026969363430673157,-0.021280794623431402,-0.04237904570707953,-0.003704429607069112,-0.03118231991927823
2022-04-25,0.006714944961242306,0.024120051400873803,0.01963693193925102,-0.00031556037979278267,-0.03429444832441026,0.011872429325306142,0.015521597105576655,0.02833631782917599,-0.007019222592886596,0.0063721956188613335
2022-04-26,-0.03804277036623239,-0.0381216589493269,-0.05760188991436354,-0.030027474756062714,0.0003648134914095948,-0.046830397470919216,-0.03283442137849101,-0.03660788213493249,-0.1299278575282087,-0.020211815922655103
2022-04-27,-0.0014679163485291295,0.04698766820326011,-0.020052841496497765,-0.013091453131402756,0.02815711777658969,-0.008819827903123646,-0.0337204438685595,-0.037399434583646265,0.005790878918745771,5.830802319409105e-05
2022-04-28,0.044165697070741874,0.022380352179645402,0.0716068499370045,0.015689233599355576,0.029797316559926904,0.045483928748159326,0.1620642440961809,0.03632425447341988,-0.004548029513557434,0.02043937087614002
2022-04-29,-0.037291625802344,-0.042711491608019556,-0.06446412435266417,-0.03280050514809594,-0.02261599478571856,-0.15139791287665294,-0.025899904972573357,-0.037944245550976106,-0.007721957937068309,-0.030729386685475656
2022-05-02,0.001964634554262633,0.024734839935753504,0.05179730350626943,0.009090543806878073,0.013515184137347284,0.0017565476902947816,0.05180935737488397,0.021444815227225408,0.03628977282780161,-0.014658045455884219
2022-05-03,0.009576575902410383,-0.009500848793107157,0.0035263469855614576,0.021193450821368497,0.020390286451390637,-0.001981867083020741,0.004253793135643454,0.006421175733608032,0.006963974902024329,-0.003057691076795665
2022-05-04,0.04018988982971477,0.028685137327088727,0.03666252435651304,0.03254590419995146,0.039028655223839616,0.013390415419768674,0.052280916195329125,0.04113349091320803,0.04659599279666411,0.01588540592069464
2022-05-05,-0.05732874306451289,-0.04453163656473233,-0.07609983101093898,-0.025337971684486482,-0.015274087275651504,-0.07862161321968106,-0.0701253157591624,-0.048219597481988556,-0.08695990905101429,-0.02574128671846795
2022-05-06,0.004715963036634242,-0.009491587984794183,-0.009008759409772776,-0.0016152372733684048,0.015165167699576486,-0.014140750847553027,-0.02189138980858836,-0.006536010186134956,-0.00877557365586079,0.009855880797773265
2022-05-09,-0.033752205270153234,-0.037644944766663004,-0.0969178582112138,-0.015147984875348262,-0.0821354709807737,-0.05354166033985861,-0.037806296909426274,-0.028351524023967373,-0.0951126361970946,-0.026775351839742802
2022-05-10,0.0159835929081401,0.018424803341646125,0.03734668889600181,-0.02467408957957016,0.006608353048410622,0.0006432376717789796,0.007312093548255548,0.01660636285672477,0.016293707630266798,0.0032635256550933873
2022-05-11,-0.05323361121583596,-0.03377371601602182,-0.056406537162522814,-0.0063287202132138,0.020605053131551712,-0.032556515700991426,-0.046127334084167165,-0.006951752268264854,-0.08615264955046516,-0.0038187315214408607
2022-05-12,-0.027262312266254595,-0.02015970564631952,-0.0277411849458279,-0.0008466625128950518,0.004529460511236304,0.01468209351950851,0.013158796722000314,-0.006699158607195745,-0.008207980246495447,-0.015234167476714864
2022-05-13,0.03141788800232397,0.0223450129769068,0.09043677868755196,0.008855971245544469,0.029232569190310125,0.05569537333818603,0.037864235160090215,0.028019013783791246,0.05555683158900242,0.013690279404460914
2022-05-16,-0.010729780133232985,0.0014541423623000362,-0.025280167412509644,-0.006993900492113825,0.0232478202827195,-0.020052883582188433,0.007123740194372151,-0.013931048975801035,-0.06055559591829793,0.007838970598248814
2022-05-17,0.02510464483469308,0.02014010625112221,0.051533349558181105,0.032609808592511065,0.01267351220185031,0.04030980601090871,0.01281511135927344,0.01756514808584277,0.050132289582274676,0.0067430946676476184
2022-05-18,-0.058072953515918325,-0.046598723294769495,-0.07059706250770417,-0.01725394204182858,-0.015977426042705984,-0.07425163860523774,-0.05258763933467363,-0.0400582709515033,-0.07043726926027942,-0.04389098327177167
2022-05-19,-0.02495032314294178,-0.00370649753405684,0.010921476237297976,-0.014933089872380305,0.005390700110811433,0.0019259973748420684,-0.004954052117600265,-0.013636039620285409,-0.0005496144580126333,0.015096169236699482
2022-05-20,0.0017459362175305674,-0.0022938643117913896,-0.02543193232578559,-0.008232653636481076,0.007868823087121299,0.0025313230136676168,0.01169357799100098,-0.013461644750306168,-0.06631616117599509,0.014892377650846719
2022-05-23,0.039335247328071185,0.03152955885854366,0.012146000907251316,0.060032900929961636,0.02185825006953005,-0.0003161006497306091,0.013803215750398768,0.023413366054671345,0.016432950581559483,0.012988296807328945
2022-05-24,-0.01940286552723178,-0.003959396869485425,-0.04502779423746335,0.014026328473105476,0.005417221663993251,-0.03266897126205679,-0.07924462467690263,-0.050760827529951244,-0.07176955888757142,0.011074860874224586
2022-05-25,0.001138788123468325,0.011108189809913233,0.049574206969267745,0.006940204115426189,0.019927258130504093,0.025371870055026394,0.013968701667083363,-0.0015583454688239283,0.04762508488803113,0.0010646562214097622
2022-05-26,0.02293497110928579,0.012793035303862242,0.050317643027973064,0.017142335042869276,0.0035243462821140156,0.03950431937060653,0.04155493582426363,0.018610453125036786,0.07164265445291097,0.008277390982181394
2022-05-27,0.03994780639348932,0.02723019906347092,0.052382493496906504,0.014038877380505905,0.009782122852737116,0.0359770770988458,0.018099553566727475,0.041112489582197057,0.0707688185938516,0.009669723485840548
2022-05-31,-0.0053602928520199485,-0.005026327487672803,-0.007416840671290636,0.0072863045319022345,-0.01642645489516758,0.043030852834664374,-0.0076651907469194765,0.012787882985352224,-0.0018051917677216725,-0.02058066391510497
2022-06-01,-0.0008736959655644217,0.0020210664565045626,-0.01903176479678315,-0.017700652468246335,0.018985069523163416,0.01219142464906909,-0.02616036785975676,0.0011420438495456007,-0.023876273341224673,-0.008551367892035559
2022-06-02,0.01667131356526098,0.007897557851217351,0.0671281185536296,0.01596011580940028,-0.0017390525571406728,0.030965911805553418,0.05276051328613141,0.03222974935321275,0.04571303469577831,-0.0005889106666643614
2022-06-03,-0.03931859863668282,-0.016746763513450353,-0.04552894248922268,-0.014037504018863991,0.01443413526676845,-0.0255076393596147,-0.04147995146410736,-0.026547479570523752,-0.09672413884722543,-0.013601199942561194
2022-06-06,0.0052141482867230264,-0.0047141880456353525,0.0035192456679508867,-0.0033090330428908756,-0.0025262090289130544,0.01974655443905197,0.018025192119365086,0.019705758476150158,0.01591980642197778,0.00936684773905483
2022-06-07,0.017433136784698895,0.013856860768586566,0.00742496704922352,0.002617394180620254,0.044812532963705035,-0.014447976483889591,0.007181145497439427,0.0028122182762754964,0.002542820180630796,0.014018651941025537
2022-06-08,-0.005056161218968721,-0.007699215066163956,-0.014586446874494221,-0.01604262821339772,0.011733048576115148,-0.014907309337206952,0.005047465882273328,0.0003798869391020321,0.012397350726358317,-0.007207622837776956
2022-06-09,-0.036618058427982575,-0.021002002897114482,-0.03270382865163607,-0.021239530040938412,-0.021844998986808414,-0.042394573681651705,-0.066438967372637,-0.020329993657758047,-0.008970671737446728,-0.008342214543142004
2022-06-10,-0.039394458458842166,-0.04558749050401428,-0.06135240093938095,-0.047055978571324625,-0.01844335937707569,-0.057588983573757455,-0.04689791534502339,-0.03251663917396192,-0.0316877053198606,-0.009855744508936459
2022-06-13,-0.039037058963099086,-0.04333839635337401,-0.08140344638411799,-0.030230777875136478,-0.046975181371661,-0.05608072910711982,-0.06658748412953915,-0.04384913266967044,-0.07366972655880115,-0.03129157486545809
2022-06-14,0.006650479889695892,0.00916298125898476,0.012006733849356766,-0.01677941666642098,0.0026050014129028977,-0.013205363644664271,-0.0032317417536274666,0.003031535007545093,0.023606322357198544,-0.017070407633688504
2022-06-15,0.019912070503798326,0.02930171508915951,0.042709690215808824,0.011766593783932883,-0.012671055928331343,0.05106358079343476,0.03374884059688019,0.028170604487715373,0.0533736162801124,0.005571779832583477
2022-06-16,-0.04045911092976822,-0.027340431481742873,-0.05766061745240167,-0.017305230176048837,-0.03758224863513044,-0.03795462873180644,-0.051370858112010066,-0.03458197889797711,-0.08927688581957327,-0.014345456560772848
2022-06-17,0.0114672607575144,0.010880632888083181,0.017725516893722548,-0.0035327619750276187,-0.05939445834885851,0.02439607839682275,0.01768303023893376,0.010413962915521647,0.017029157609637507,-0.00887533531589437
2022-06-21,0.03223545116101187,0.024293831709864554,0.04229202327199569,0.024470530853152976,0.06037900584362195,0.022895360879700146,-0.04171556273568993,0.04025001533320191,0.08942411634475682,0.0606378407669736
2022-06-22,-0.003834750457107966,-0.0024070519959725604,-0.012513032920760177,-0.005627584702096602,-0.040376040899212165,0.0024812460138330314,-0.0076700623295038696,-0.0005066909226546462,-0.004015858661335937,0.01929947564201145
2022-06-23,0.0213444817006287,0.022384226270988204,-0.008285958411868662,-0.0109997323489725,-0.030625869017876093,0.03153073437129849,0.018436537956652666,0.0067448041460190155,-0.0043156097521520964,0.020475758686287534
2022-06-24,0.02422141411877221,0.03357951588512515,0.054044202897909524,0.029408815683886248,0.01963915947471592,0.03512809079637085,0.06940868273967359,0.04981547166017302,0.04425503260828766,-0.008378031311478597
2022-06-27,0.0,-0.010552233730633782,-0.015120048984216958,-0.008044577090796643,0.024215456791680117,-0.02821501915746544,-0.003945343580816903,-0.01831888206714145,-0.003206786761701394,0.02001468620296998
2022-06-28,-0.030242314522242783,-0.032264050881002086,-0.05401465111996165,-0.004823389880440342,0.027365696109112665,-0.0527726431080026,-0.05337911125330025,-0.03358785744104319,-0.05133914578061633,0.005482660125110435
2022-06-29,0.01293968341704131,0.014630551541025336,-0.027916986444906502,-0.004499774194442912,-0.03763949525786873,0.01405345471235067,0.020085647094334733,-0.002735869680185538,-0.018100003611393488,0.014197300393908548
2022-06-30,-0.01819217752843978,-0.013266846158774527,-0.024951701289845453,-0.023606906088587506,-0.02854707231867775,-0.025195393281078386,-0.01654443758498649,-0.02482177212090931,-0.0177355774717728,-0.004041496644419013
2022-07-01,0.016035132601260327,0.010650510318214063,-0.04286068735561612,0.012706428962726779,0.022057704403687036,0.03105406439766482,-0.007594762042962735,-0.0020715868541195917,0.012352524133575146,0.007313402819677968
2022-07-05,0.018753800451943047,0.012518468005746294,0.029913730048471796,-0.003811067183415294,-0.03179657368014968,0.035330514810317494,0.04973304250862151,0.04077590638898877,0.025215114905161356,-0.023782870574044768
2022-07-06,0.009561159400866201,0.012702020705214017,0.011032228978870842,-0.006502801197737411,-0.01820504069964845,0.007286182647943523,0.00935033285139244,0.011490746617132409,-0.00573722846648063,0.019696097566112108
2022-07-07,0.023716102047169303,0.008192930248223596,0.04699445833652737,0.024977994150977175,0.03144086974762153,0.017341975999450154,0.014153802133226158,0.036094855038323756,0.05380522947187794,-0.001767346663518733
2022-07-08,0.004703437872711374,-0.0027607627491482325,-0.0012619010142221744,-0.003143009243425206,0.0016276444186148857,-0.006814197291832153,-0.007636800237733572,0.004791421445767007,0.02511707828484195,0.008228526154316787
2022-07-11,-0.014867925228818775,-0.011838340834418041,-0.04427959959652404,-0.013203341156192544,-0.005124604190125342,-0.03335256478334072,-0.04794781639257441,-0.03129212752620708,-0.06772231414560198,-0.003244545760042439
2022-07-12,0.0068105927307797595,-0.0418450603417015,-0.004630549775078267,0.0009743309839157971,-0.013401041880270798,-0.022900025593117632,0.0023915813654384953,-0.014419280471066687,-0.005448427397798375,-0.0049062628709725265
2022-07-13,-0.0025401013253572922,-0.0037520009022661152,0.005422143141983244,-0.009427414849199383,0.00401572303505076,0.0107459397638012,0.0013463271145247387,-0.023668461476358617,0.016890005886123306,-0.02595498833670457
2022-07-14,0.02027577470520727,0.005367069625690753,0.013623539426627144,-0.035563608646022093,-0.02024132007118752,0.0020811275557193875,-0.033840261096603146,-0.008893973632240619,0.005357484236889209,0.0023712327354569957
2022-07-15,0.01138499228636764,0.010336769651408268,0.025054279260721353,0.04481384151938131,0.016698939673442357,0.026052020207380393,0.04121423539132238,0.01269436283958841,0.007330299130864308,0.05294891985909292
2022-07-18,-0.020859051551818494,-0.009667937824457339,0.021279513045788227,-0.010323048276201032,0.018284709294433186,0.0018476894058662332,0.015244313725212962,-0.02488713812699985,0.001997430616818738,-0.019788564482456094
2022-07-19,0.026370857809958292,0.02055429285508851,0.05386122380966576,0.024476665778309956,0.024890960169806776,0.0383717111840348,0.04986310308383421,0.04290728767112815,0.020505045463666282,0.026748700872364077
2022-07-20,0.01341944138409698,0.010502167044074948,0.04684880467211441,-0.00017464922518113305,0.010928870680552934,0.037849962832112935,0.04074472461711244,0.0007904928992300171,0.007991447618970264,-0.02655628484807292
2022-07-21,0.014981515428575431,0.009751349779306322,0.013554020051779433,0.006786850266099624,-0.016837635113874462,0.015036666950921374,0.0004368279568745259,0.0038556098863199266,0.09331246499887616,0.0057394743249653355
2022-07-22,-0.008143853535644778,-0.017060582679011012,-0.04134147501929941,-0.004867897104358529,-0.007664580006502649,-0.017891585334626356,-0.07891965766729579,-0.05797155177144954,0.0019732780255828208,-0.002011830342815363
2022-07-25,-0.007425797652345718,-0.0058940185928259515,-0.017179855580348558,0.004000178291571879,0.0327601883830062,-0.010510843951367622,-0.015599397100424118,-0.003621020862023966,-0.014093787954092982,0.015339795331224737
2022-07-26,-0.008865544256900922,-0.02713897227706055,-0.029265991766875925,-0.015745602039970868,-0.0038973566636534953,-0.05366832967343516,-0.046048440264128035,-0.02343307837758144,-0.0363152186530825,0.003996279230535629
2022-07-27,0.0336617218809847,0.0647120617450944,0.07327829663243003,0.015919220636388395,0.02141371499810451,0.05226402422174665,0.06347743761523005,0.07376780629457211,0.05982904612856656,0.005664822079310426
2022-07-28,0.0035654978806346866,0.028140712783750528,0.010846048889527041,-0.0037382141991903653,0.011617255964498809,0.0107708959770675,-0.05366085567169679,0.010207818803785301,0.021882347827174065,0.012787292228637984
2022-07-29,0.03226672361583731,0.015543945806019399,0.009904006412768373,0.004779001774705389,0.045268218365255984,0.09859082981024253,-0.010130773701370258,0.018218604684923118,0.056238328890716484,0.0015680091078419554
2022-08-01,-0.006172448709082232,-0.009771972609029803,0.015189936364265903,-0.010018852748163996,-0.0256009230458308,0.003255181148895761,0.005203056057837807,-0.012631074818773097,0.0004262206792024022,-0.012916031949890413
2022-08-02,-0.009330604937739078,-0.011540613096144446,0.0045986936073930725,-0.01570792424632702,-0.0043489741830496035,-0.009126353187385704,0.0016243885489337809,0.0023479700226345874,0.011072869479979633,0.00014957842674700916
2022-08-03,0.03753425867180729,0.02745594599001763,0.019616130241718707,0.010440620525863083,-0.03296022802862314,0.03917484597170419,0.05235407382388622,0.02530044217948616,0.022402858626649376,0.009645850889341898
2022-08-04,-0.0019280767633878735,0.004168859071564045,0.01690000778927282,-0.011063538256212584,-0.04298904322474675,0.0216251677554199,0.010431283978457322,0.0009311253655229827,0.004014952135593356,-0.012844738210864104
2022-08-05,-0.0013900056088186953,-0.002612585961626574,-0.011831555612622753,0.029811135588926646,0.014347323812377737,-0.012492693140300751,-0.020493432164589008,-0.006110426972264987,-0.0686033118290163,0.002451262907387758
2022-08-08,-0.0029072428773095414,-0.009196942212669508,-0.0650549175959679,-0.01225522814459314,0.0056372305659432185,-0.009921207364734218,0.018615604037713326,-0.0014482657753503705,0.007789020718917544,0.0028738711846197614
2022-08-09,0.0003035269858792127,0.007038509049030645,-0.040545562112838086,0.008966976617212696,0.018269463991257603,-0.011398203042398835,-0.010154291354656658,-0.005728331680017025,-0.0247155543645267,0.001229511162194826
2022-08-10,0.025857165825172713,0.0240102380343263,0.057486910184197645,0.025753424683830142,0.009448498181877138,0.03465340706112098,0.056578020908189454,0.025982192531489885,0.03816806100817755,0.0008559073832937977
2022-08-11,-0.004441547767756433,-0.007428504518178445,-0.008601882180263296,0.01467341240031433,0.02851738168730181,-0.014471032455294032,-0.004777426667375845,-0.007210615180039494,-0.026599955270312267,-0.009079332430686194
2022-08-12,0.021199362033367378,0.016893507362363374,0.041860401829557164,0.01642844941338431,0.008654347082965079,0.020479998229218345,0.016816494668782673,0.023616615752316255,0.045690263130780645,0.02013876362297483
2022-08-15,0.006313576525084627,0.005330052089577895,0.017116962093326433,0.0026982514451225543,-0.018034124100582895,-0.0025808990121560286,0.0021582024232815757,0.0032819203312537044,0.030493897831355556,0.0017275950394994735
2022-08-16,-0.0009244754713934504,-0.0025931544143913622,-0.008071481080121838,0.009508736866386924,-0.009358981754372636,0.011112811619446402,-0.007880877150551422,-0.0031175935498122557,-0.008952025876518947,0.002713472104882026
2022-08-17,0.008746508575387356,-0.002639655054447412,-0.02923849101661124,-0.008447749773159048,0.008058332501607495,-0.018684262378250237,-0.026079720279036222,-0.017824246255355274,-0.008407578354357605,-0.0020526462392187065
2022-08-18,-0.002294395252919972,-0.003955346401904056,0.02360813502596355,-0.007779474277818495,0.023369258423902535,0.0014064484864398943,-0.0010872855005929093,0.005172624343570187,-0.0037131047703819653,0.00040342550958068506
2022-08-19,-0.015217164602289697,-0.013950685739160272,-0.050472290873938015,-0.025056432757520855,-0.0031837370677039916,-0.02901859297383289,-0.039115114303922574,-0.02494020317152559,-0.02069451464936621,0.005669668586094813
2022-08-22,-0.02329857266613076,-0.02979494792721843,-0.04673616428311123,-0.016660094708230638,-0.0007442959708352034,-0.03691702741982209,-0.029669080805239004,-0.02566574673993947,-0.023027123255798403,-0.006862684292094988
2022-08-23,-0.0020310557660392684,-0.004727223889355234,0.008592667821709534,-0.009905800035683683,0.041566077389314754,0.002998007806707862,-0.011969533788712057,-0.0033318355870984376,0.02230781558771273,-0.01623569558655261
2022-08-24,0.0017922674513940206,-0.0023544999274204585,0.0023835925638161118,0.002421115907849444,0.005901198882657731,0.001346256547678855,0.013256582364944921,-0.0014940830235994726,0.0021677745650455194,0.0012313458508574255
2022-08-25,0.01481255478638377,0.01103468614980066,0.03933928208113418,0.02347012273586612,0.00515981672812721,0.025676456345101635,0.0332520202687415,0.02570241197162465,-0.0034616690754643124,0.009480454130987028
2022-08-26,-0.03842842267237339,-0.03935153775078407,-0.09681884932873373,-0.03327630696844401,-0.01238838874069169,-0.04873552390255167,-0.04235856572166471,-0.05561142578123626,-0.02732301898385137,-0.0230115956907331
2022-08-29,-0.013784677388328193,-0.010725576007208746,-0.028634942776125705,-0.002444930312992274,0.022729391003421865,-0.00736939497405998,-0.01626467456674521,-0.008372793299756593,-0.011415491099770154,0.0009821182392186268
2022-08-30,-0.01542384551830205,-0.008557488309203462,-0.021299789560488745,0.00017509865693078952,-0.038797286246760876,-0.00820055348874808,-0.01270825744056026,-0.004396375341560299,-0.02531598923616216,-0.013167428690921107
2022-08-31,-0.01069199607583519,-0.005720267939108516,-0.024476080239760226,-0.005961309052901277,-0.0075038104689107345,-0.01534276001209404,0.03605626862753163,-0.0066311237315700095,-0.007554668468041173,-0.006736159931186245
2022-09-01,0.004695806324297694,-0.004100472364356497,-0.07975016962441982,0.0068349479950924625,-0.018157530661857435,0.008248627364462172,0.014804237793041113,0.01394778484905196,0.005608200169827373,0.008952197358669664
2022-09-02,-0.013704675853199792,-0.01680724328477276,-0.02102737722738409,-0.007010945830647691,0.01815753066185754,-0.002428212185707223,-0.030953179276083615,-0.017372576510864535,-0.025395567131662106,-0.014706944904539897
2022-09-06,-0.008248913566707912,-0.011034624984809855,-0.013425956883570633,0.0002636525682020919,-0.006717867239081267,-0.011040262841267292,-0.011165027342496473,-0.009689762167900231,0.015460425583855752,0.0025725654205070313
2022-09-07,0.009211327740898563,0.01893119620178725,0.018620601294764273,0.01881268198908439,-0.008567386667599413,0.026371849253352748,0.011601790563494764,0.024416216431499296,0.03325755641840769,0.007697130816276931
2022-09-08,-0.00966436766611203,0.0016647951597840256,0.019925408149935233,0.023028771197349522,0.008146182763774976,0.002622535962612139,0.01035815370531692,-0.009824227506159054,0.019408586563541073,0.01111351191927482
2022-09-09,0.018664511213375413,0.0227168605424416,0.02798240028750748,0.0047945288849400875,0.016613953337386144,0.02622824562673727,0.04281912698812644,0.02072840276026499,0.035389242849343666,-0.0028946499558404728
2022-09-12,0.03778500049202589,0.008246995323157865,0.00816839119502089,0.011762381851331055,0.01143660271251449,0.023581047138634757,-0.0011239453043207365,0.0018961335659438434,0.015693156705112052,0.013092412438588807
2022-09-13,-0.06047177111307932,-0.05654758728131494,-0.09951766937464519,-0.03536676125613183,-0.023635061728799728,-0.07318946892343868,-0.09837448698579418,-0.06080507449858352,-0.041209445573060305,-0.03308728895285721
2022-09-14,0.009510293639920234,0.0009122026692402529,-0.0002283510175730285,-0.002322391146859481,0.02424964170168589,0.013549201586232946,-0.010899978407543833,0.006497356231090806,0.035245873940170286,-0.008185840528247588
2022-09-15,-0.01911169806724238,-0.027493501039797492,-0.015274520430174226,0.014958123245411297,-0.02950853208118244,-0.017816303428596674,-0.012756620987350399,-0.02010562303977974,0.0037601953268899466,0.025449660527822302
2022-09-16,-0.011020528681162777,-0.0026117082357706954,0.020592262122128092,-0.006724897625587193,-0.017230865617714936,-0.02201762235626526,-0.022039880450347837,-0.001069377234255391,-0.0013177201460770078,-0.003620738239733924
2022-09-19,0.024773394706903498,-0.0008993543975433506,0.01384521920737045,0.009182318096270611,-0.00010727303291877414,0.009106029090597056,0.01175651800718305,0.0026229865487749043,0.018680537647816527,0.004843857312894336
2022-09-20,0.01554421941791671,-0.008501622588357204,-0.015513555539426009,-0.01991611779520091,-0.008187635131082553,-0.020012830448643673,-0.013124484950447131,-0.01890270725810749,-0.001100668054834369,-0.0014334806739931978
2022-09-21,-0.020475989783256855,-0.014541051287964736,0.006430360556085719,-0.02925931203451224,-0.01625007679401496,-0.03032676622578613,-0.027551308565211142,-0.01856138818461556,-0.026021592607865372,-0.020717970827302357
2022-09-22,-0.006395551339991647,0.00845968428275146,-0.05423051140592166,-0.011444038791326277,-0.004186861572407672,-0.010430481377003758,0.004913449368819552,0.00862482044382059,-0.041438568478665415,0.010451369305153144
2022-09-23,-0.015239463808604466,-0.0127795179195773,-0.0035888535001753195,-0.018788823503650826,-0.054686920281387844,-0.030553234112175698,-0.017018397353918288,-0.014079000259699364,-0.04703665354268194,-0.00746812112265804
2022-09-26,0.0022579378106572486,-0.001977332308535793,-0.02327939786549039,-0.02176739580796195,-0.02085749824703305,0.011968890924047326,-0.029194976678446127,-0.005789589842053964,0.0024668028538151034,-0.010274408717240903
2022-09-27,0.006544705735701264,-0.004389651255821471,0.01501575329216884,-0.008840970721443513,0.02074069066954537,-0.00644711979642255,-0.014551348160961652,-0.006848104605528134,0.024797737333229056,1.966300890712396e-05
2022-09-28,-0.012732241024259195,0.01951978554140378,0.025688491843012126,0.02001549489080233,0.0357427950413928,0.030980865018271533,0.05225645429249453,0.025817763982062016,0.017065662059063912,0.010897111289115628
2022-09-29,-0.05036645654760041,-0.01491966151498499,-0.041358940312566414,-0.017091245961909186,-0.0020280664263421714,-0.027577874271049258,-0.037411786608485396,-0.02663864534067693,-0.07053030781738932,-0.009992708526170055
2022-09-30,-0.030499710881370004,-0.019558372725148605,-0.006650255492649291,-0.015760152572768558,-0.015569123717974101,-0.015803691756381338,-0.005366018810693754,-0.0183358038126938,-0.011097446407076914,-0.007476311314908831
2022-10-03,0.030289140096295377,0.03310827383394944,0.03026462514052041,0.030440834972071954,0.05145369780186193,0.02516733048685826,0.02136507411507399,0.030781105422986062,-0.09008354847845335,0.020519116031584083
2022-10-04,0.025300283877977132,0.033253353863495504,0.05102549609017744,0.04572239754690941,0.03579626674331985,0.043978891324203705,0.011976369521612986,0.029960381773283716,0.02862918608137619,0.014749704828035877
2022-10-05,0.0020513183063931044,0.001284889401128853,0.0031846935576874675,-0.012423712644226915,0.039616354109584064,-0.0011568286989317087,-0.00931048085046561,-0.002068314054514194,-0.035210184423729626,0.0074268601912312
2022-10-06,-0.006647678321378714,-0.009717997972091066,-0.005998603186300176,-0.020592974496964893,0.029229634009572795,-0.005388563475942462,0.0006475986071720496,-9.865575471194119e-05,-0.011191467132615623,-0.015179081479761092
2022-10-07,-0.037410034049112605,-0.05219149348518129,-0.08367969061551346,-0.020176049408313683,-0.010143519803207128,-0.04888996644735092,-0.04125096740562319,-0.027387963470413893,-0.06533110715825653,-0.02789292185538739
2022-10-10,0.0023531098008403566,-0.02153326945378264,-0.03419861660195929,-0.009385448552648282,-0.021915211458561935,-0.007799184311071454,0.0025446152017754493,-0.008344376038046906,-0.0004932430962923407,-0.011935836486015046
2022-10-11,-0.010307982843485048,-0.016892109725172102,-0.007224087068522682,-0.029284558473232414,-0.0085348402491738,-0.01292739007238406,-0.04003122748615968,-0.006973068979643701,-0.02940186584357689,0.0019025548384813563
2022-10-12,-0.00461575480058955,0.001507465475219167,-0.007450222632780919,0.01605338150603643,0.004378153216870936,0.006130377153208065,-0.008123640979407275,0.003902677038778225,0.003412211010253521,0.0003000796836677636
2022-10-13,0.033060462159235894,0.036917913703735525,0.03922059165014118,0.05410271569291196,0.03435199573249496,-0.0032826427568259787,0.021646341025140015,0.015258157635292095,0.02041257160441261,0.01970608794494071
2022-10-14,-0.032771408630026144,-0.024547515296669695,-0.06324607294436341,0.016503937512880564,-0.02666036020496157,-0.05132600960921381,-0.027467234983937026,-0.02556115680833427,-0.07845410579918498,0.00629514856826854
2022-10-17,0.028706890844258714,0.03849515128450823,0.05720779792698509,0.041141896734170624,0.014313949012998376,0.06246082010978991,0.05584269084839447,0.034705711479058744,0.06770743117966126,0.0169081878121558
2022-10-18,0.00936538923796157,0.004075474075511129,0.006623477140375046,0.025395542143288208,0.0017871930971034456,0.022334186457693587,-0.009293885081962003,0.007970475786649556,0.003822165646732409,0.0006323779267957054
2022-10-19,0.0007648264116435851,-0.008505701894585641,0.006994811708910834,-0.019800884467872842,0.029231442536802314,-0.011148202689094493,0.003232586106552031,-0.011377385784388648,0.008366694500343838,-0.0036258520839092647
2022-10-20,-0.0032722289436250573,-0.0013964987117843634,0.011796408982439045,-0.0032669433548938673,0.0013478337378261662,0.0015630456934787908,-0.012841838346384747,0.0034069099977389705,-0.06878698522005931,0.0010756908125852023
2022-10-21,0.026699662679013247,0.024966158430137064,0.02206063608410274,0.05119430736790947,0.018399942746144902,0.03470527521216521,-0.011623761324132998,0.011536510728490715,0.03395945997966481,0.0243702557132069
2022-10-24,0.014693988155933828,0.02096651473720206,0.010612749998820155,0.0012265621487323923,0.006966057064371454,0.0041816570199037775,-0.0022332085632745585,0.01365117739091925,-0.014987724107085643,0.014637666293418136
2022-10-25,0.019152900658681783,0.013697589113923006,0.05120971821090264,0.0026112546748743117,-0.006777258314828924,0.006488657531862419,0.05831856790828739,0.018937679008455863,0.051525211920993325,-0.002551263610931103
2022-10-26,-0.01982208288723571,-0.08029522501103478,-0.027910064725135804,0.01142592810938893,0.011829966762317061,-0.04182438724790477,-0.05754768309330675,-0.09585591431487525,0.009931639962148882,0.0054458143687532035
2022-10-27,-0.030939193365950163,-0.019954231434873182,0.021479704169049988,0.003940213777652675,0.0038194918692772556,-0.04148511663717591,-0.28179377683774776,-0.028962659536027353,0.0020011878357876823,-0.002525188418519676
2022-10-28,0.07283447576640846,0.03943266996215599,0.048732395134196166,0.01180816521716639,0.028868067617133793,-0.07046806314523207,0.012782728751257365,0.04318742096607813,0.015123446596271723,0.017273495684546485
2022-10-31,-0.015530137522609086,-0.01598316413830673,-0.024661787510742196,-0.0015874445778865588,0.0009932566265600437,-0.009424419446504203,-0.06281939025379274,-0.018658859037312864,-0.004297734947231046,0.007068007122661319
2022-11-01,-0.01769844759022655,-0.01720661814240234,0.003402423076279863,0.01787223891129573,0.009877907679566639,-0.056733592543971104,0.021661313848455998,-0.0436873736228616,0.0012298580156588981,-0.01422321309302704
2022-11-02,-0.03801866483618867,-0.03600885323011289,-0.024214639113962686,-0.00925065790288653,-0.02076643995460416,-0.04945158785215439,-0.05018808067473444,-0.03945499557484205,-0.05801089494975556,-0.007114253850212256
2022-11-03,-0.043330514094389476,-0.02693845566695583,0.015165333681380753,0.001809911223804907,0.013502016924429951,-0.03109058271107464,-0.01816690046304218,-0.0415553021517306,0.0015338580999043428,0.0003309210138388071
2022-11-04,-0.0019492016312606425,0.03278222864995838,0.05331778625658207,0.026990913272370524,0.010832313613913656,0.018638216982674413,0.020924326970878825,0.037060893826915506,-0.03709208198225607,-0.010057423190507574
2022-11-07,0.003894722968572156,0.028849464853332698,0.010191129491730493,0.005266151082658138,0.011772584153026877,-0.004958465035960488,0.06327099022580847,0.021820609875961745,-0.05137700982212229,0.012648060933664962
2022-11-08,0.004166204285795935,0.004378807790083073,0.020829034461782525,0.0006090187068724608,0.0031629115001447434,-0.006093813282808144,-0.002588147135106064,0.004622575448797481,-0.029766854567743133,0.014625721238698977
2022-11-09,-0.03375305551280072,-0.019233781930386534,-0.05823045128862707,-0.013094208285896502,-0.04576814677276119,-0.043613588180190316,0.05053118719827238,-0.017932476068500923,-0.07436539035358274,-0.022657692654105895
2022-11-10,0.0852366663676343,0.07905879392317788,0.13391223270787164,0.0403345644214409,0.014585335614450495,0.11491535104712981,0.09757426401673008,0.07307673105112987,0.07132888823212645,0.006470781611784257
2022-11-11,0.019085068386112583,0.016854386220189227,0.03597989888401584,0.0016275727294051538,0.03074411356600711,0.04214992986278232,0.01022726705840518,0.025953703857082032,0.027155202242509627,-0.041440400895533865
2022-11-14,-0.009530702203669182,-0.022756948194427366,-0.001961780100893853,-0.010326832478335294,0.0029151742346483294,-0.023084154958510447,0.010561606002153388,-0.007391697863582217,-0.02594999483044167,-0.016084189344641144
2022-11-15,0.011799504579415391,0.00173719573322161,0.022512404283035914,-0.007269945979840678,0.006681327171107858,0.004558631983396615,0.02473107228698817,0.02822894941801818,0.018009160285334423,-0.021126742768965607
2022-11-16,-0.008366025618606884,0.001821829382396157,-0.04642282840373035,0.0013530104318289337,-0.010747006071623814,-0.01856627488370591,-0.033436222809319294,0.004156231562731214,-0.03934004993858786,0.01677668276910786
2022-11-17,0.01288773133856666,-0.00020692244939252786,-0.014753218838414295,-0.004366466113391549,0.0013274929446099983,-0.023650675297741616,-0.015845144176272495,-0.004969271217190498,-0.020266034660649707,0.007381948401825438
2022-11-18,0.00377501236884146,-0.0019050215966789398,-0.017242999059641724,0.009760586682025837,-0.008705728002899107,-0.007513650804188213,0.005369167871419721,-0.009500079901319208,-0.016402810087859467,0.028108285531512855
2022-11-21,-0.021919032910222083,0.003434988411047802,-0.005988400321820063,-0.005920038996543095,-0.009953098911614382,-0.018006920831346168,-0.019738309366138705,-0.018961308516184546,-0.07082202204033466,-0.024466637023576186
2022-11-22,0.014554766039447931,0.01223631404849769,0.04599750745416084,0.01484595707537436,0.02851637748312213,0.007971580289157953,0.014279432544264267,0.015053651786646739,0.012079065403443036,0.011343266681734143
2022-11-23,0.005908975999231424,0.01035298927347501,0.029550203203197557,0.010607316530400911,-0.005004720708583675,0.009929087433161624,0.00715305128876038,0.014423815692898004,0.07530952893106566,0.012576146816391348
2022-11-25,-0.0197881542904435,-0.00036339647017766665,-0.015188200696924963,0.001902780706632297,-0.0035269453703697553,-0.0076783312910851725,-0.007422364599815368,-0.010208182330657073,-0.0018575995078746789,0.014822187283949276
2022-11-28,-0.026615174450071503,-0.02342496110310394,-0.02760553313200781,-0.017632638419150953,-0.03049298141703735,0.0057642482872482335,-0.023889701267573324,-0.014573134724228562,0.00032805270562665304,-0.010001202072370055
2022-11-29,-0.02137540753689759,-0.005932367384073387,-0.011949674111700124,0.01631577542538961,0.006625869847197984,-0.016419307746887702,0.006231897991288744,-0.008993980227373487,-0.011491515256992131,-0.008054391535987183
2022-11-30,0.047450336998146866,0.05979939627239325,0.07916184999922388,0.011793176762542957,0.007211196071235282,0.0436140540859465,0.07597247893954344,0.05914646370241739,0.07390252318127676,0.03674082561290081
2022-12-01,0.001889948138140572,-0.0017653032247878417,0.01244943987389266,-0.01413921599252311,-0.0048618738046095015,-0.010831192229061232,0.019620073834181226,0.0,0.0,-0.020006819779527767
2022-12-02,-0.003377522240391184,0.0012947782694870125,-0.01523082608470409,-0.007958741498122021,-0.008519847844152474,-0.014449471106160492,0.025008316443495836,-0.005460969335016037,0.0008214584254523483,0.0016800946932169734
2022-12-05,-0.00801516688274873,-0.01908114862572014,-0.015887524632291216,-0.02844167170811019,-0.02778097638335049,-0.03370736231877925,-0.00862062675970264,-0.009603902689814562,-0.06580520897353867,-0.002091292905246331
2022-12-06,-0.025697104681748892,-0.020512878809002738,-0.03822900286182415,0.0016733716099623693,-0.028189486039973472,-0.030795718248338627,-0.07028893497560464,-0.025451775071041686,-0.01451975486845227,0.00796782069778234
2022-12-07,-0.013880761845477218,-0.003064388326091051,0.008284761484805614,-0.0006842687743265211,-0.0022166664803477286,0.002376766277155038,-0.0016663090346894626,-0.02125967920258751,-0.03267127201155782,0.00663431436383425
2022-12-08,0.012059668399501948,0.012322963761096714,0.0630449499092996,0.01043948849054557,0.007401330669925052,0.021140538059143867,0.012213399428609393,-0.01304015968487832,-0.003453386948248274,0.009185636428885792
2022-12-09,-0.003440597677341454,-0.008035470190056047,-0.009833253174243349,-0.005432945272397782,-0.008463114176041764,-0.014043946522882085,0.004930121363489677,-0.0094349956875843,0.03183338116095202,-0.016042553283333705
2022-12-12,0.016256844738735413,0.028479862721137224,0.03092659531294592,0.015392430680779631,0.024329761687581036,0.016255164405059676,-0.010320553364019082,0.005157288534182914,-0.06477309340338366,0.012275913422069292
2022-12-13,0.006759639864688357,0.01731398299534411,0.0301650578662023,-0.0009693694206581758,0.010874901417204964,0.021198289437405628,0.046333780980032185,0.024559349812015793,-0.04179828130131225,-0.014095185024231809
2022-12-14,-0.015657736189073884,0.001166962283811984,-0.02226914214383157,-0.005009361271717048,-0.007393251641812163,-0.009887580246293281,0.011913789647575928,-0.005873181992691297,-0.02612261140486262,0.00026039344807852034
2022-12-15,-0.047987503674474144,-0.032438822428776416,-0.041709063499187723,-0.02512367331789823,-0.009627314145661097,-0.03477554111983318,-0.04577235810406728,-0.04529351313843865,0.005533102257132837,-0.020037664304543477
2022-12-16,-0.014686168811572562,-0.017500782807206666,-0.02273154329316874,-0.006245513591031578,-0.007043017516642638,-0.006692740608663019,0.027847988268467832,-0.006625467171284055,-0.04833680500131505,-0.007570969849243622
2022-12-19,-0.016037459837604566,-0.01747993893971935,-0.019315167515180913,0.005938018874094362,0.004479082312293841,-0.03403503022155705,-0.04233026109854844,-0.020370094489146222,-0.0023992055582815475,-0.0001908654926008031
2022-12-20,-0.0005287307963570567,0.005598796814404459,-0.010451844119145083,0.004832236519757358,0.014349309251965684,0.003174469440173832,0.022542740348360304,0.006536657307639962,-0.08396483835074355,-0.0064956216667948945
2022-12-21,0.02353024373164971,0.010818053151714134,0.02553379335516281,0.011185231526673582,0.012759124476137876,0.018376816404560806,0.022546948989111335,0.006271173691899898,-0.0016704490129968075,0.013992164165958602
2022-12-22,-0.024059606295060144,-0.025860373329779494,-0.07302244509279683,-0.011414754653857537,-0.02038028302065591,-0.034947221566029855,-0.022290698326585357,-0.020526407992253946,-0.09302311928148893,-0.000853389953109241
2022-12-23,-0.0028022364057251367,0.002264542453372814,-0.008708492299230186,0.004733883826238571,0.02610150446518807,0.017274436611979943,0.00782446530134721,0.01661163258591007,-0.017706675474399133,0.007974428401846602
2022-12-27,-0.013975398563704234,-0.007441869031510794,-0.07402692944960206,0.0034976465053361454,0.013798369331893427,-0.026265685720911106,-0.009875850623110687,-0.02083655487092036,-0.12113825810398889,0.0012791421524723974
2022-12-28,-0.031165973760343392,-0.010307821385804336,-0.006037704848325311,0.0054507860679274675,-0.01656257698347993,-0.014800721671305868,-0.010838745428792805,-0.015801089899430326,0.032553261278161744,-0.006676477386085485
2022-12-29,0.02793051364902123,0.027254846925022017,0.03960163165600839,0.005721090200815976,0.007537474760116166,0.028435658196292006,0.03934725018933601,0.027857636416966487,0.07772640277207259,0.002702309015839542
2022-12-30,0.0024660187719123326,-0.004949713771468166,0.0007529363103890184,0.006583962677819994,0.010022916399669336,-0.002140568124387558,0.0006647814909304203,-0.002490432365797506,0.011102159833173808,0.0005659506647149473
2023-01-03,-0.03812226775987938,-0.0010012345553994993,-0.02067209300737388,0.007577121471974048,-0.03496524200881994,0.021435277164066735,0.035910477844177294,0.010036755354759326,-0.13058999220665155,-0.022006582763133338
2023-01-04,0.010261268089627976,-0.044728887195497884,0.029867343837905333,0.009282287609291702,0.002906411179168126,-0.007955122776173124,0.02086475552670225,-0.011738129935208477,0.04997884108534127,-0.02764221246002445
2023-01-05,-0.010661172080771521,-0.030085798590448017,-0.033366260184163304,-0.00022171791517509198,0.022127445857589714,-0.02401157339665977,-0.0033816826069075494,-0.021575532097109686,-0.02946907696009933,-0.02924403751483439
2023-01-06,0.03613319408123541,0.011716479066045128,0.04079680655195829,0.018954398742765916,0.012014236961833954,0.0349917378504728,0.02397366205583375,0.013138392675206986,0.02435215499827936,8.168583837831999e-05
2023-01-09,0.00408078895982551,0.009689269458076763,0.05045848101735002,-0.004140584438311409,-0.018813059721483977,0.014760401298199752,-0.004238968998656829,0.007755550891309892,0.057654579278002493,0.00012234956927383695
2023-01-10,0.004446374901443608,0.007588260556853719,0.01782077192534733,0.008914054478050076,0.014824382494769615,0.028326693248784427,0.026824907775773878,0.004534215411143719,-0.007711027963739906,-0.008319167812154932
2023-01-11,0.020892479907962634,0.02978994154775463,0.005766166562582548,0.007403843447980344,0.011559904974818798,0.05645956080731301,-0.0007523868489241191,0.03445926220774514,0.036109204525613114,0.01511153490347601
2023-01-12,-0.0005994310642792864,0.011554415651780605,0.03137582921998562,-0.0010029110384416555,0.016474758468315243,0.0018911574433712077,0.02834014967385714,-0.004270571701922998,0.00275546279838757,0.004590091780225711
2023-01-13,0.010068317035627704,0.003014405596038298,0.023227534340889613,0.0249216228360007,-0.0006184171483107637,0.029476316899670684,0.0019729587408380284,0.010805204439929975,-0.009432465746951967,-0.01238289733884505
2023-01-17,0.00871820654365519,0.004670791093589727,0.046423294793733104,-0.015574004349452851,-0.001946285458143404,-0.021322326395198637,-0.011896907941080451,-0.009050942238629685,0.07163646233055776,-0.009213540661843298
2023-01-18,-0.005384387677261811,-0.019069895101237282,-0.01853047931860029,-0.03050332356286401,-0.020757684170250985,-0.0061616190001011146,-0.01743848563524091,-0.0018638157756626266,-0.020825332244057446,-0.01839191307809823
2023-01-19,0.000443364700080606,-0.01659085828206324,-0.03585401615511639,-0.013416152036034856,0.006398613189162219,-0.018822579439957077,0.023257724062177524,0.020959701242083503,-0.012580752996881307,0.016906488276171187
2023-01-20,0.01903844397946316,0.035119523413092116,0.06209380815525971,0.002445930450768286,0.018071432598354316,0.037400259951453026,0.02337505749462818,0.05203461189669841,0.04797727392320426,0.004860584890538723
2023-01-23,0.02322874277204288,0.009776465867797677,0.07315844089483342,0.016082562266157143,-0.005218887514638053,0.0027724682514327437,0.027598753068593444,0.017896332379362917,0.07457364612008015,-0.001871358353584638
2023-01-24,0.01001288072058023,-0.0022285617590749166,0.0037443444341154733,0.008559728022013819,0.009268740966410133,-0.012381472357830799,-0.0009078416705406104,-0.02116643922402712,0.0009734348560736818,0.011847741547363448
2023-01-25,-0.004712030605650662,-0.005925613975729105,0.00300628774200712,0.0048275033811632255,-0.005285801905419338,0.008888953725914,-0.01152351790996266,-0.02571151293741459,0.0037457958683397114,0.0018289716544801508
2023-01-26,0.014694959422667905,0.030251318490818004,0.024486729394450762,0.006162520744169425,0.03940409520114882,0.020774687057825685,0.04017151340652371,0.023867564910038032,0.1040650092615062,-4.040256479215198e-05
2023-01-27,0.0135915399207947,0.0006449844743503963,0.028034823039830823,0.0024262652687466395,-0.018426263844388252,0.02998335055905419,0.029697633984586917,0.018792696669004898,0.10436164069972145,-0.013142446892321795
2023-01-30,-0.020282545740635947,-0.022206420017271116,-0.06088847364348835,-0.008516619827117872,-0.017891121661850654,-0.016667823165641346,-0.03132811084863537,-0.02475806324605473,-0.06526572943550507,-0.0005350917210177794
2023-01-31,0.008980475854514199,0.020795086591426124,0.0193807425938261,0.0059477207016614625,0.021345124103901263,0.025335155126435763,0.012904368337106972,0.01941007710304005,0.03860663902242871,0.02721031919943322
2023-02-01,0.007869901363554588,0.01973845461581581,0.06949439413761097,-0.002647201608185865,-0.011007705888158876,0.0193976149644124,0.02747679674756877,0.015958759579815525,0.04619721319012782,-0.004396836897493442
2023-02-02,0.03639200636901456,0.04581835273907967,0.0359225272479507,-0.0046673298415647255,-0.0317881743594704,0.07120315696615197,0.20930741579492737,0.07025972955610994,0.03711744228973266,-0.054092933424449714
2023-02-03,0.024107269671826602,-0.023903756887580074,-0.028453923362585818,0.015355742506757078,0.006903789187699635,-0.08808283393109906,-0.011937282256231238,-0.027857851349530643,0.009041655543147504,0.0025242973953921452
2023-02-06,-0.018091662165531156,-0.006134717182524645,-0.0005215189668140954,0.005865572620492289,-0.001698964670623787,-0.011772272805910223,-0.0025228996521036496,-0.01810515494760661,0.024849222136681733,0.006798698792796228
2023-02-07,0.019061829887680085,0.041163129476354116,0.0501239134176079,0.012116225364162186,0.028150881034978977,-0.0006852973444615529,0.02944519031489464,0.04503448609218614,0.010470780820742525,0.003445129174279261
2023-02-08,-0.01781049430993419,-0.003106741719113643,0.0014419821867499478,-0.007055927184833476,-0.00873976549334306,-0.020380578012770365,-0.043681248194345,-0.07994198278795972,0.02250783702828191,0.013206944673765944
2023-02-09,-0.006935591530336411,-0.01172864345100102,0.005927129172088138,-0.015686102993132216,0.0037674262657729075,-0.018256648878253772,-0.030498949180784374,-0.04486826237898386,0.029516907690852447,0.005180956021058154
2023-02-10,0.0024534789709719316,-0.001974162773800114,-0.04918199336591758,0.004405887871987268,0.04128710105572127,-0.006433489213979958,-0.02141728283732904,-0.004641703272431478,-0.05161833459581209,0.01738849771322481
2023-02-13,0.018631990542048425,0.030764735949176506,0.024296680239562968,0.010789467034808443,-0.0038973894015104454,0.019579629188155288,0.029868352959526796,0.000422812687098929,-0.011493498714308886,0.0022231913246728834
2023-02-14,-0.004233800450600109,0.0031279560854242552,0.05287339485243427,0.004409357374363365,-0.011783851090139944,0.0016060637303953276,0.0002785120270737593,0.0007397361945018946,0.07237801403011461,-0.0051004354575944965
2023-02-15,0.013807665396229534,-0.008025105643572103,-0.009052460653560971,0.0041812521283570575,-0.0030108287280529323,0.014537811644538115,-0.013010245924933694,0.023589353523759855,0.023567198213512965,-0.003211192699552667
2023-02-16,-0.010484287349367901,-0.02698355239549421,-0.0340469243493556,-0.013865176841990488,-0.002933471150403462,-0.03020652173405669,-0.02700399935426376,-0.01486139252368942,-0.058631243213632354,-0.007970438970843707
2023-02-17,-0.0075753829394601116,-0.01572477976121701,-0.02830315302075019,0.0029572264007751608,-0.03921048372518931,-0.009726256199159738,0.0025483780783437265,-0.012219588497834355,0.030561678706295534,0.02378365557435918
2023-02-21,-0.027042090506547038,-0.021107742888723902,-0.03487267750100828,-0.018519835688765654,-0.000989042407941206,-0.027324623494127318,-0.004638190895676268,-0.027507902638282167,-0.05394722804913025,-0.01569091230661484
2023-02-22,0.0028918810328788895,-0.004601379973237697,0.004781537999962179,-0.007692330529800193,-0.013037684626924685,0.012712248376870527,-0.0055946100027977844,-0.0015264860836050479,0.017528035977254008,-0.004937759832007027
2023-02-23,0.00328497617266367,0.012878440706362355,0.13121602490825582,0.007978844155459281,0.009162280031376315,0.0003131233176392935,0.005362009523934148,-0.008326891341663064,0.006006057267467943,0.005710810433124351
2023-02-24,-0.018169279439095274,-0.02202516933257497,-0.016102542849872555,0.008981008419416554,9.018393226503366e-05,-0.024509991975448668,-0.009636983245216398,-0.019553993398800196,-0.02601977738759486,-0.015081983289823535
2023-02-27,0.008213821204770863,0.003764632912925043,0.009190324422304916,0.008689678542484081,-0.001807303489128075,0.002776912318089041,-0.005001159686578118,0.008268222505747479,0.05316324215501689,-0.002087439882925664
2023-02-28,-0.003453899244327094,-0.0029625328559295017,-0.012200966457898425,0.008336315453507744,-0.005806085003266263,0.005000289230826088,0.03135402086591125,0.002111865264189821,-0.009290230436857878,-0.015387126099077306
2023-03-01,-0.014348387098207772,-0.01270974071388666,-0.022565040688505372,-0.005596613975094454,0.008876798088010736,-0.022103959704043146,-0.00872652278764845,0.0033257479983853674,-0.014395089751065829,-0.0015139725867944983
2023-03-02,0.004120771966333357,0.01946262265670847,0.026777275015186165,-0.01043647701330041,0.004588729071860651,-0.00043408483069996514,0.0063801865154462555,0.01798682034056253,-0.060322654091468045,0.0052050899396924285
2023-03-03,0.03448847264069848,0.01650913963819255,0.0244059736970657,0.01819297194255704,0.012577544122623158,0.02962312838587694,0.059609690985831826,0.017775772599666593,0.03545612908951283,0.0017985088483283712
2023-03-06,0.018369615340087183,0.006169916950944901,-0.01416420478309263,-0.005864157043956955,0.008825561709139727,-0.012192056844170188,-0.0018911320071497222,0.01567990361780373,-0.02032754273314496,0.004628326351264567
2023-03-07,-0.01460265353620301,-0.010645492182616439,-0.01118767836530048,-0.029848751738570045,-0.019519862368115086,-0.002135579508745822,-0.0021113469385501946,-0.013440037991085002,-0.03198003067013721,-0.014455554534988247
2023-03-08,0.00834234746943494,-0.0017721350074173699,0.03762879075379494,-0.005932886369167287,-0.014711961192014122,0.003947251242114423,0.0024898928457148537,0.004146451714694313,-0.03089156736881823,-0.006945738879666156
2023-03-09,-0.015027003283325647,-0.005454436135323034,-0.031293919832709745,-0.05565712588436586,-0.007758876503434341,-0.017941053663252087,-0.017891724508742855,-0.020689980373309654,-0.05117763786639216,-0.012164644992604858
2023-03-10,-0.013975954541902699,-0.01489322891459366,-0.020301984831638455,0.025078133662204315,-0.012447589495436324,-0.016614182739941783,-0.012070953375941242,-0.018475540964684355,0.0030026831172517087,-0.006344835977026476
2023-03-13,0.013178964800728072,0.021214397544155404,4.360895385714236e-05,-0.01812068608953982,-0.011571818634214593,0.01856350439768763,0.0077133860777286595,0.00528231906215672,0.005978365078895034,0.007251153497442027
2023-03-14,0.013990731230948971,0.02669634576919071,0.04666058936111877,0.025352211766743384,0.0037475750821401883,0.026161301723076753,0.07001698395534575,0.030908088424715992,0.04909578215581386,0.0019389870006402475
2023-03-15,0.0026180479654248543,0.017673157228920336,0.006833646267115265,-0.04839663225167599,-0.05102757952820463,0.013816419647146834,0.01904217738690157,0.02251772674872946,-0.015452165385496644,0.0018278664004041005
2023-03-16,0.018521115081566765,0.03973657730217597,0.05277596682611507,0.019227585813867153,-0.005822757836553946,0.03914078921242492,0.03566483068601574,0.04287162673422624,0.020188342220549882,0.01405965229637946
2023-03-17,-0.005468633760857786,0.011626610277024167,0.0071783917271651945,-0.03851424608234189,-0.01184876748397926,-0.010955473953869753,-0.046545622141446356,0.012875369343101949,-0.021963216854791676,-0.0053530173690908055
2023-03-20,0.015365060547469249,-0.026104573253740982,0.0067794992376286715,0.010516024878707753,0.025806054423495223,-0.012610742620752338,0.011184242113542261,-0.003944001397348523,0.01717250122413543,0.015764448998883674
2023-03-21,0.011873572586363587,0.005677431645493271,0.01147833776636258,0.026467411538380413,0.043827734006312055,0.029247763784060337,0.021752417875861723,0.0359018716914263,0.07529223411697607,0.00656171025298813
2023-03-22,-0.009145255345209387,-0.0054572203026613435,0.010215236185337024,-0.026152950882149993,-0.0231547044790638,-0.019166746850565873,-0.011692554275528198,-0.014883447519462233,-0.0330851466718186,-0.009585462195768897
2023-03-23,0.006945374901183322,0.019529908912625144,0.026949645207700126,-0.0026768226778294785,-0.011346315691774739,0.00010133363497333344,0.022124854606327887,0.021343621193497614,0.0055821275337720674,-0.011867689569072545
2023-03-24,0.008271272352012578,0.01042583449728907,-0.01526808203398916,-0.015332860314124905,0.0011597774159268102,-0.005893146925693497,0.008432935497218621,-0.0015162862499194442,-0.009460894526444498,0.012855579377763531
2023-03-27,-0.012369564675823737,-0.015046540608454948,-0.009304123593635917,0.02825752176706111,0.021689277847606526,-0.0009175342309671865,-0.015507172950897978,-0.028669628236939068,0.007325624786097459,0.01233980917523895
2023-03-28,-0.003988169481981765,-0.004169405102845478,-0.0045712099362642256,0.0030306715782118803,0.012399162682409171,-0.0081934405189327,-0.010705854509597141,-0.014054933762524044,-0.013753472002494866,-0.019529593476737248
2023-03-29,0.01959749240649295,0.01900189900120584,0.021501435022495526,0.0020153569558850745,0.017031051047115497,0.03048493870739539,0.023004323563144292,0.003556950045122367,0.0244876221590413,-0.01275613325293517
2023-03-30,0.009840968613480456,0.012541093301209017,0.014678174533600803,-0.003024496371769787,0.00485227078633243,0.017305747097592427,0.012052630008808261,-0.004943653597638263,0.0071949836717746535,0.007409338116995202
2023-03-31,0.015523300365042257,0.014851081651169638,0.014286130008405014,0.012043674722551408,0.0015517484969673149,0.012567761597929928,0.019534767447337807,0.02776057571253488,0.060504162532241994,0.005367875905670098
2023-04-03,0.0076721640453787905,-0.0037182497106735507,0.006745365473578903,-0.0011518131183273635,0.05732536000791559,-0.008556175035560798,0.005317460400701831,0.006055047736600446,-0.06311918518816903,0.04469186268675696
2023-04-04,-0.0032548858167467205,-0.00017419656240207684,-0.018478427517193953,-0.013458329084742694,-0.009604066990594188,0.014925585099441625,0.007714025993796758,0.0034437209454373035,-0.011307735857578558,-0.0019038213886451297
2023-04-05,-0.011354532336245076,-0.009938299631970165,-0.0210556873852104,0.0014900130586073975,0.01698211558880485,-0.027799874012424952,-0.015204406578873052,-0.002390320528558342,-0.03734894534323148,0.031883583125810765
2023-04-06,0.005480932033191231,0.025212302947124766,0.005786619361577598,-0.0010977635988929596,-0.016721357735971998,0.009450740780884159,0.02161085983189303,0.03711277877912686,-0.002482632348555218,0.007005635284610806
2023-04-10,-0.016101335894822596,-0.007607623671811772,0.019848297932930963,0.003289489652247362,-0.004442900106412155,0.001077222967143844,-0.006266671983955581,-0.018431232131032732,-0.0029764508462149673,0.004610928547801164
2023-04-11,-0.007620336743155863,-0.02292964534192085,-0.01497800068521921,0.0049140660703970145,0.007046966993520476,-0.022268227189570028,-0.004199729526462496,-0.010293250253077039,0.012281322445656457,0.011175998339057998
2023-04-12,-0.004362595307143778,0.0023309606031722283,-0.0251205415249557,-0.00015567613214952775,-0.001040872218783125,-0.0211385503060785,0.0007011209659665199,-0.006762092202255934,-0.03403263254550459,0.000422301907774805
2023-04-13,0.03353513586936696,0.0221524347873578,-0.0012086592858101745,0.003806024420877961,0.004675343216522398,0.04565543032053191,0.029241181505349895,0.026313385885996944,0.029256539212836878,0.009623708161664891
2023-04-14,-0.0021162528118239383,-0.012847864052021232,0.011085945127626765,0.07279468532309728,0.0024157116746875876,0.0010736481279812137,0.005160273358074927,0.01331512546552083,-0.004853036816821088,-0.027823855069843844
2023-04-17,0.00012097443515462342,0.00925305042815852,0.009077562596075646,0.007897789919465329,-0.011701133254820932,0.0022411286119839928,-0.011945166772773436,-0.02699847934980868,0.010966636750077955,-0.012663211292903147
2023-04-18,0.007476444030600081,-0.0014900806635641702,0.024329318028707737,0.011165228158740567,0.01934093726343535,-0.004291801457498827,-0.004441940344141873,-0.013968863115754775,-0.014703352511066695,-0.0017230415261276443
2023-04-19,0.006944226623256277,0.00027757169346440683,0.009496842996925232,-0.001273476812692688,-0.003169125108430337,0.01936168847711433,-0.010101762987945297,-0.0030670914077334938,-0.020389861131667686,-0.036908263628861744
2023-04-20,-0.005863192552386083,-0.008145475772720798,-0.03005577111116234,-0.0029076007993443466,-0.00800999454251048,-0.0047091095790211925,-0.012267783460929197,0.010598263734963273,-0.10254036525166675,0.0025882875094547305
2023-04-21,-0.009829285201459448,-0.0012239158464737107,0.0005532554691736001,-0.0019195966506285662,0.003194571054543618,0.02989264254702952,-0.0008452372615013457,0.0011391775467908506,0.012741333042302827,-0.0074953148418519045
2023-04-24,0.0018769284321531238,-0.014061312121524974,-0.0028432693227592805,0.001351124942784994,0.01870178961824926,-0.007036666520682404,-0.00046979672971125743,0.005298513241734282,-0.015444550452118741,0.0105268167367733
2023-04-25,-0.009480523672016426,-0.02279383598260047,-0.0300682979522462,-0.021983750298422044,-0.01431542919541138,-0.03487276836944828,-0.024933472601218677,-0.020208532893417796,-0.011633104865311444,0.006076408420861336
2023-04-26,-6.111924091424623e-05,0.06993147250083026,0.02688288209796113,-0.01788220361135226,-0.009225305522586507,0.023224398457013323,0.0088740107620823,-0.0013490228640358729,-0.04402465397224694,-0.01840287630098556
2023-04-27,0.027999438797764946,0.031525479512117496,0.009966568919926285,0.013368901193825404,0.011882417236180956,0.04507277127081395,0.13037455117489016,0.03672912964457497,0.041032719267455574,0.015450837690804853
2023-04-28,0.007512769202601022,0.007940147557050688,0.019027391747490695,0.008645128609036969,0.012841927014366535,-0.040605781087400955,0.007350499473790654,-0.0023263404902961094,0.025394246651119615,0.0032975897126991146
2023-05-01,-0.0005302165796297298,-0.00554810549716501,0.04098775068428745,0.021186321543834742,-0.03150348986176386,-0.03277395882406449,0.011830583671968169,-0.0013052046288125577,-0.015208459761728233,0.007309126461835419
2023-05-02,-0.006210767189927703,-0.0004910107268835428,-0.02451115667401356,-0.01627924370144372,-0.0406694070299455,0.01536391753200235,-0.01633467244795797,-0.017692876567455933,-0.009436987371174365,-0.004670811358937302
2023-05-03,-0.0064882802552562345,-0.003312698161897829,-0.014568462274105303,-0.021390496797476313,-0.019906182164979067,0.00019301691085338006,-0.009280467275811147,0.0008543345577092488,0.001869644402715088,-0.008038220648241164
2023-05-04,-0.009963103740176137,0.0033126981618978282,-0.008669915133445547,-0.013772792885347282,-0.017666367185126625,0.0033710455381283566,-0.014918993620622215,-0.006853951154014074,0.0036667412660127767,-0.004422834513249867
2023-05-05,0.04585928698598712,0.017011578267630976,0.039762082646990216,0.01934614014144674,0.02459121150422582,0.015835527254169667,-0.0031740259028949606,0.008370595640702784,0.05350549046047228,0.014263235075946021
2023-05-08,-0.00040347978869459714,-0.006458874984907942,0.016288936375552905,0.0024106684254902554,0.003948951322919712,0.0016076240119395433,0.0021028391773609476,0.020625163088609455,0.01012145995502574,-0.003364109932350703
2023-05-09,-0.010021194566573697,-0.00536037907811455,-0.020096842773649856,-0.004826560658854374,0.0002748020886816989,0.007437086747609261,0.0004284936672745139,-0.003904774274394585,-0.015486902413259212,-0.0045574639479598845
2023-05-10,0.010366916819690552,0.017148695796564643,0.010930255012379087,0.0005130592513139447,-0.01291062055752221,0.03293503350092615,-0.0012433689616588842,0.04016971481509973,-0.003612788634512576,-0.0006322464903927965
2023-05-11,0.0010942370742987098,-0.0070692439612793385,-0.010685247998889633,-0.0031556519729540006,-0.018264811266390058,0.017898556144584802,0.011559868225204875,0.04222749863408791,0.020786425091438347,-0.0026767948307606804
2023-05-12,-0.005432359599840144,-0.0036828412134693586,-0.008363223095897848,-0.014436586020583017,-9.449284830874324e-05,-0.017263494264582374,-0.008432646982175638,0.008031697870182429,-0.024114596337054404,0.005040756396846514
2023-05-15,-0.0029014932048370048,0.0015845598169221152,0.021399762732692434,0.008391112871710843,0.0019052602476174391,0.008489121836596263,0.02136860428568107,-0.008546397414217291,-0.009750860107846383,-0.00893564627915125
2023-05-16,0.0,0.0073407716142338255,0.008940136817290717,-0.006752015216414968,-0.024568964048011562,0.01959105037675755,-0.0001674361774326996,0.025423013358715028,0.0010214088288270423,-0.014774115377485521
2023-05-17,0.003596478814145178,0.0094071539588151,0.03249923852367237,0.03028426249354008,0.022186841122979552,0.018349125212474244,0.01525025410867273,0.01106720628529426,0.04313493317739194,0.010554462886394887
2023-05-18,0.01357386478575232,0.014292296323811668,0.04850933050804483,0.0075554097669281745,0.009022131698150382,0.022684486585828632,0.017820482065417132,0.016333882822594632,0.01727768584344739,-0.011576447595329789
2023-05-19,0.0006280801692587247,-0.0005653807879251718,-0.013155230900928636,-0.0022965167904127827,0.00462221294251828,-0.01621197208021114,-0.004913799164525117,-0.0005699681839020694,0.018206255962432197,-0.000855886203145901
2023-05-22,-0.0054959776927816775,0.00888181147055703,-0.0028185930093863167,-0.008297279714555026,-0.01221435791412259,-0.01072394478867387,0.010851215655739987,0.01848238200494671,0.0473245988875953,0.00375222203367891
2023-05-23,-0.015270912945390442,-0.018604051243395647,-0.01577695106546698,-0.010487262630567084,0.013530894324296673,-0.00017395019575110725,-0.006383117754883031,-0.020112968893885107,-0.016549549453013485,-0.0024583114946027354
2023-05-24,0.0016308072837419331,-0.004482438390191228,-0.004899940749659051,-0.00919374332223487,0.011122145788864462,0.015189747065965913,0.009960838594142173,-0.013636939260270063,-0.015569850375932186,0.002895069277031137
2023-05-25,0.006670028865238768,0.03773671146805555,0.21808804822278305,0.002435393160665575,-0.018101311634926745,-0.01510276818575663,0.01386746773119239,0.021115534602154228,0.008547333224801432,-0.006530792613750243
2023-05-26,0.014006219810820841,0.021160360898530836,0.0251162069026237,0.009317525902544421,-0.006551728478234381,0.04347586628475364,0.036333696153170975,0.00910962472905861,0.04608376548838008,0.007964946945468742
2023-05-30,0.0106031988203397,-0.005059792109649855,0.0294745951343505,0.0037902006085944622,-0.008899223229885522,0.012822304345733589,0.0018302558058880907,-0.007572208389512714,0.040530008769500823,-0.003474307959995113
2023-05-31,-0.00028191697443845815,-0.008550513580565595,-0.05844227139618571,-0.01281290981287175,-0.018039370336726108,-0.008916850747084985,0.008345386760450577,-0.00648978101368679,0.013676132280176065,0.015283245726108495
2023-06-01,0.01589538320443673,0.012678472042350893,0.04990443020392382,0.013685470931620359,0.011481983656921478,0.017999210602823053,0.029369319699753257,0.006894063400698408,0.017450979367424225,0.013029507210133651
2023-06-02,0.004764045548709033,0.0084434302225094,-0.011201553636431274,0.020788234654720687,0.022954339525587553,0.011983006127262639,0.0,0.007649238412503785,0.030608082827557156,0.011981421055340159
2023-06-05,-0.0075999571505484245,0.0016088424920802338,-0.003974557965976376,-0.009872734619800684,-0.004453935240642143,0.008415221280893264,-0.004485420420927428,0.010691159795698513,0.016868648629117366,-0.002786195895474021
2023-06-06,-0.00206248175356522,-0.006750315929580767,-0.013286420418083113,0.0017956691391934792,0.008134868006818173,0.010400614095251953,-0.0009953347206009169,0.010263729105087561,0.0168599499197107,-0.021547681017554252
2023-06-07,-0.007786532917744066,-0.03135444172556628,-0.0308726992466668,0.009642125577852345,0.022173395061127667,-0.043421904903774046,-0.028128579002996378,-0.03851402211878893,0.01462307267215497,-0.011220127589789757
2023-06-08,0.01534651136129912,0.005797058493684233,0.027243753247847974,0.00028412378097229373,-0.0031377628110528526,0.02460606952762862,0.003710732952381548,-0.0029430901417376166,0.04480209933086133,0.016661076002300188
2023-06-09,0.0021576972171968296,0.004692593875033198,0.00672891111904497,0.0019875404342055685,-0.007421847756475836,-0.006621468748440394,0.0013977428981485805,0.0007366007184706993,0.03981660778824774,0.006891127345770197
2023-06-12,0.01551764337360259,0.015365528079356082,0.018198059649477488,-7.064955988090521e-05,-0.009073470150756468,0.025121316164936732,0.02276197153672956,0.011469466383780474,0.021974491562613167,-0.0020888201157015624
2023-06-13,-0.002614892968189474,0.007325835324938688,0.038263654473129245,0.007208054844715736,0.00018788855830989993,0.0007108476079609743,0.0009957050191658598,0.0015356150113916144,0.03492701634188564,-0.0026017854971097445
2023-06-14,0.0034852590215874594,0.009082323872238124,0.04702186163767758,-0.003738859657237604,-0.01209853280872512,-0.0018966774409432219,0.007453865759966098,-0.0012929795534175378,-0.007449046704933148,-0.06615321037162998
2023-06-15,0.011136480575574505,0.03139847971338709,-0.008032626915137047,0.011244638522287069,0.006917933918321933,0.005443175548084132,0.030551172561889807,0.011416790500619906,-0.0034719442089692484,0.01712407316895226
2023-06-16,-0.005877166740775098,-0.01671460327061387,0.0009138714680217659,0.001187424309980824,-0.007203331456647851,-0.012826801009232924,-0.002949417869681209,-0.012549551787180032,0.01796971375181672,-0.016011044549479478
2023-06-20,0.0004865204407360498,-0.012581434409969708,0.02580499681680049,-0.005108508536182465,-0.023190789677685664,0.002308282311188502,0.01178091496529446,-0.003486909534315796,0.05201270640767318,0.023495543536143016
2023-06-21,-0.005691414230239089,-0.013371098972137407,-0.017570457921652734,-0.0014746101457811297,0.011133433416730785,-0.007581513078945846,-0.009505810780823598,-0.020932370004348194,-0.05616662426467672,0.015558212666858572
2023-06-22,0.016390188292662502,0.018269545506709048,-0.00046476588355559665,-0.019440079785672457,-0.005503009749788642,0.04173475821321792,0.011438259005859647,0.021338398980640362,0.019654473293680905,0.004812783250566008
2023-06-23,-0.0017128962537203741,-0.013902115234489107,-0.019147819918546666,-0.00524366504923065,-0.008750655945645353,-0.006320292959406817,0.013424108186459357,-0.0065989973229544025,-0.03073851253541729,-0.004288492785724926
2023-06-26,-0.0075816004035557496,-0.01934893723688589,-0.038077598708820375,0.002445474339864729,0.0182889054261691,-0.01558513561942593,-0.036181768297574655,-0.03324222464691789,-0.06251408245574486,0.004309271506528862
2023-06-27,0.014946879961438885,0.01800499543013896,0.030156930300067553,7.19219526859831e-05,0.0024899737116580666,0.014424567940817595,0.03034608480993722,-8.449286350923614e-05,0.03729619858071868,0.007279352948946982
2023-06-28,0.006307780342690477,0.003818455221715328,-0.018291354679677442,-0.004391522356162901,0.008097152983365273,-0.0010843421189455317,-0.006150248936072462,0.015513291114032017,0.023813875097039847,-0.01694890477584705
2023-06-29,0.0017951022296618933,-0.0023848136517641617,-0.007200218549066337,0.0343270055860574,0.012258580545956903,-0.008873661272556729,-0.013267178712211856,-0.00902717048599912,0.004905252914132209,0.004185463193108202
2023-06-30,0.022839570158800615,0.016252715850171042,0.03561314019765302,0.013916503191558051,0.005141372341739263,0.01905113813636069,0.019173622959623188,0.00502520180125514,0.016446493545468958,0.008776758800478431
2023-07-03,-0.00781499066759685,-0.007516284934763343,0.0026203356223573095,0.008012332045496352,0.0019561856921107325,-0.0010745214685311468,-0.0033508486048718497,0.0016694497913232861,0.06668035183063045,-0.005758875298813508
2023-07-05,-0.005888828509817074,0.0004733954922339052,-0.00226576148814522,-0.006683934261880379,-0.005131298870527612,0.0012279637641415527,0.028775745438668517,0.015311639635507707,0.009461225032650612,-0.014034595027434739
2023-07-06,0.0025056636450270864,0.00918427439697394,-0.0050698317067970535,-0.009935695605090823,-0.03803529365835544,-0.015614479950363446,-0.008117930280929078,-0.013561788665828892,-0.02125228365266279,-0.0039550106849116935
2023-07-07,-0.0059086819133618304,-0.011938428980119598,0.009455328326447264,0.00785943901915452,0.002329005556808019,0.011001878790426247,-0.005012839580930905,-0.005258958984950181,-0.007659314226953743,-0.0167145983042848
2023-07-10,-0.010915159187027736,-0.016112742476633322,-0.007628408120745226,0.005595860982405858,0.014722592218499376,-0.020630536429565062,0.012213171774047087,-0.025687161685818617,-0.01771977662648564,0.0031794519927832417
2023-07-11,-0.0028139974389951804,0.0019267681909110464,0.005320130598007258,0.01551804208960731,0.012152358763517015,0.01289534927354112,0.014146247202359748,0.005907951225143304,0.0006674942605875906,-0.00034534088327963706
2023-07-12,0.00894527734561168,0.014126776318112998,0.03469363825657249,0.004939534372109218,0.004895024199450513,0.015563949723523061,0.03637499026029868,0.01516530077940714,0.008121354742896705,-0.024471247337944133
2023-07-13,0.004049248374627782,0.016062584627300727,0.046181546391611296,0.0048483589139122025,-0.018481358259361775,0.026406663898050423,0.013071162621004986,0.04609192464335829,0.021496049775542363,-0.008783233462543342
2023-07-14,0.0007871302626381235,0.007500915161064879,-0.011110475850295936,0.0060274150893753365,-0.03504345637407207,0.0028254136578632553,-0.014591692377319946,0.007040997322333116,0.012444771516691934,0.06990513882934186
2023-07-17,0.01715763302598293,0.0014183697963892547,0.02158228922649145,0.023817629303886954,0.004349396001138679,-0.008350743114511814,0.005649841759727559,-0.006158210743478605,0.03148434056863512,0.00810978033003006
2023-07-18,-0.0013415107254366244,0.03902817875519307,0.021990198463969744,0.001823750181330122,-0.004547606790103372,-0.005480667866621605,0.004592999236471923,-0.007165617919661293,0.010141906463636843,0.03235810475751535
2023-07-19,0.0070469690082072545,-0.012343008608924752,-0.008818868182782727,0.0038323238659843163,0.006912281669951095,0.01886777143765127,0.012610555065440742,-0.014077255979203894,-0.00711596075110357,0.00737287005655616
2023-07-20,-0.010148712040492872,-0.023393319991464954,-0.03363280221288257,0.012242453968036193,0.01746125890516298,-0.04071113790508541,-0.04362653406351559,-0.023464063587459047,-0.1024426640636013,0.001071276321449252
2023-07-21,-0.0061806635772705615,-0.008977076579078334,-0.0269638757970484,-0.007714659014363689,0.004631011210873919,0.000307687993656272,-0.02768381473660571,0.006855487897195867,-0.011015199637560409,0.0045312827443320545
2023-07-24,0.004211088692591563,0.0038903606174636733,0.0068148760986103596,0.01949259083755305,0.015567887307591413,-0.009273613091557636,-0.00904630221277371,0.012502741160472189,0.03417588510139735,0.0042356455927539845
2023-07-25,0.0045034593659076345,0.016865932533747498,0.023636063256887354,-0.007496337977459332,0.0015151626355054658,0.002558849307688174,0.009759976520409748,0.005579820363249391,-0.014148526638195701,0.00441344882321969
2023-07-26,0.004534660501742487,-0.03836406765332769,-0.004982018229249797,0.005976101430150229,-0.005598529294055005,-0.007618281489535843,0.013827043989311437,0.056162422486998605,-0.003511861575139069,-0.005751062557718422
2023-07-27,-0.006602621710590286,-0.02109294170625661,0.009808445863138181,-0.011090622166930004,0.0031352128903397287,0.0007800788687019062,0.043068827001376285,0.0010050467423809112,-0.03322998965193553,-0.005467695427563504
2023-07-28,0.013417409505568627,0.022867597861783058,0.018349041771296832,0.00568831104682133,-0.012024067154600858,0.030410134252966122,0.04322799116519755,0.024277883675671862,0.041105070589749985,-0.004602603539154828
2023-07-31,0.0031610447970865595,-0.00726666326819199,-0.0004495997386968787,0.0066694557375173375,0.02914104230830605,0.0110572111941032,-0.021364874189568554,0.0010554788829502872,0.0037087357528333273,0.006856254478388742
2023-08-01,-0.004284974274262279,0.0012493822908713737,-0.004761805808407818,-0.004950161280107636,-0.0057981940362667106,-0.014998135236778893,0.012817681273115873,-0.008854733250483485,-0.02406922380883306,-0.0032241509320178317
2023-08-02,-0.015611331668090665,-0.026634348524515652,-0.04931821623112482,-0.011389348389213587,-0.012552718535331754,-0.026781097330387048,-0.02637432047764282,-0.024392493309996644,-0.027021352113566002,0.00011896337946072444
2023-08-03,-0.007348631275157595,-0.0025682861232248604,0.00554163573053923,0.006094662406451961,0.01723139100897361,0.005444917932495522,-0.0035695601713393115,0.0005451438087377906,0.020295602012260543,0.00011869233432311507
2023-08-04,-0.04921136350345557,0.0034227907118074747,0.0036997919432236862,-0.0021129195214692493,0.0027966537029141024,0.07945180513430172,-0.007885610837597963,-0.0026503463359387864,-0.021279912186420162,-0.004227840009222115
2023-08-07,-0.01740427646156899,0.007083312200086669,0.01636055188495466,0.0047316375741012755,-0.002050219203258896,0.018808843040995626,0.018588482372061847,0.026345674203723402,-0.009538785882980292,0.01580743030173929
2023-08-08,0.005297791128888825,-0.012375381496372805,-0.016718705299082058,-0.00562946057578387,0.004931849240698727,-0.016161386274731373,-0.012460388780126347,-0.0009888800694880888,-0.00698396541730477,-0.009600827987489874
2023-08-09,-0.008994707801278038,-0.011784932928597773,-0.04839408959663956,-0.013498313866915445,0.016844304511382583,-0.01504759501753799,-0.024052518319867943,-0.013330540683987148,-0.030537632908455258,-0.007440457334048282
2023-08-10,-0.0012354359019452474,0.0021699653260276296,-0.00390843767768365,-0.0014967095819378108,0.005098333698461041,0.005137245447970533,0.0017350176705254712,0.0002314901111827056,0.012922436522360333,0.0027246587746638357
2023-08-11,0.00033744400483924533,-0.005963371586104076,-0.03683614393128151,0.0057790683582550325,0.015409246965248863,-0.0010831058272496987,-0.013500684090607529,-0.0010029169749130712,-0.011024937980288016,0.00895710672599321
2023-08-14,0.009349372388941382,0.009394778982710725,0.06853085992058403,0.002069607133450569,0.0008044608467649151,0.015485316080358403,0.014971517477384575,0.013569007195882336,-0.011981650600334395,0.0057315317926461525
2023-08-15,-0.011263497814968272,-0.006750288586464785,0.004264918839023755,-0.025786511142661346,-0.02600878098622269,-0.020846133672850414,-0.01394460063099873,-0.01187241570708525,-0.028771606269163794,-0.008333309601690124
2023-08-16,-0.004971380557956347,-0.0024316811987381754,-0.010386110209310163,-0.004252190004661799,-0.0169701403370404,-0.019066286976507706,-0.025695678153274733,-0.008356680111189728,-0.03210324714965498,-0.0061965319510928355
2023-08-17,-0.014662165915424349,-0.011046883795056752,-0.0032707559813721487,-0.010441099836918951,0.019186573382000055,-0.008102713606702033,-0.03176061713612136,0.009434800166006377,-0.02868774932252366,-0.0192482977442176
2023-08-18,0.0028121843000382604,-0.0012631694608963072,-0.0010386091406960046,0.0022847145055817156,0.0150158958617094,-0.005688597043229265,-0.006474991161686046,-0.019116219092787157,-0.017161267109647337,0.009028777009733724
2023-08-21,0.007706948153768571,0.016918646664699787,0.08131571586944042,0.0034175867318708853,-0.012160225910962436,0.010899633762398327,0.023205996646049554,0.007113998668876312,0.07071456218373605,-0.0015259554323719805
2023-08-22,0.007873927548392794,0.0018003458088849775,-0.028047562798927853,-0.020956502051470382,-0.005627115123669445,-0.003197806521519639,-0.007965375482820771,0.005515816832009302,0.00822448994977978,-0.010787890028472615
2023-08-23,0.021711473845600703,0.01398138406820403,0.03121510205244908,0.006740245498600775,-0.008826858245496118,0.009415529041193322,0.0228251912663618,0.02516856372899055,0.015615669490355368,-0.005907517422933989
2023-08-24,-0.026519159237166294,-0.02173322959078653,0.000996812698389014,-0.0009504359314281851,-0.007494189082587806,-0.027530224045928062,-0.025785024837937244,-0.019760280191905708,-0.02921607421029239,-0.00274161173915637
2023-08-25,0.012563953787303583,0.009363367375901096,-0.024576874739345313,-0.0012230962072791326,0.017707768667093903,0.010713027528748599,-0.0043686795319827845,0.000770238206013251,0.036493404628287436,0.0020874734763616154
2023-08-28,0.008807346788494427,0.0022267184842264163,0.0175980599657904,0.0034621320011114136,0.008371385245768755,-0.0009008643247144191,0.016535266189752998,0.008662616768555256,0.0009635784854130897,0.004406607473341578
2023-08-29,0.021575812361443625,0.014445658477335995,0.04077150377077436,0.008099568244494555,0.0059368345745061685,0.013206715007284348,0.026282469781503857,0.026810907427855295,0.07406603958973092,0.0031497815792450455
2023-08-30,0.01899074272286386,0.0011563475717439283,0.00979124304925123,-0.004041583768944162,0.009697038423178662,0.00118530020246871,-0.009745632239313682,0.009687681281958889,-0.001089320005828064,-0.0026410594919854752
2023-08-31,0.001171726230287279,-0.003137738468384898,0.0018456631760065984,-0.012428518584153374,0.002791812141401522,0.021532889699268778,0.002673651162906296,0.002131917058182271,0.004582681990043304,-0.03088750668420877
2023-09-01,0.008427737524034338,0.0027421939952245334,-0.017289914962230465,0.00334303757054824,0.020738594032225225,0.0007967306725371615,0.0016543863245581897,-0.0037523959437742453,-0.05197055872941742,-0.0007137338111378031
2023-09-05,0.0012660271822694097,0.014769168571742593,0.0008038296304647154,-0.011095290901607597,8.813064445276992e-05,-0.006173016781758742,0.012640042721803607,0.0008105676867374414,0.04579063580383254,0.009550305835398653
2023-09-06,-0.03644973816147449,-0.0020107610003839357,-0.031026157454592872,-0.001654025544293201,0.008595104907828758,-0.014011920021062172,-0.0032702634638343384,-0.00969556879685863,-0.017978069897591802,-0.008081468690788133
2023-09-07,-0.029685726400977924,-0.008962199830916338,-0.017577798830147234,-0.008591054488677445,-0.004902449310243277,0.018228281379293984,-0.0016727530393418955,0.005932210677601893,-0.0017083203640211426,0.016366307122391156
2023-09-08,0.0034857238687891366,0.013129098761453874,-0.014573293743796277,0.000765023196607725,0.014462689917731152,0.0027527518216119884,-0.0026150411211853892,0.008246233865871285,-0.01196040362366716,-0.0044826787805751
2023-09-11,0.006600657216493295,0.01091935432298033,-0.008683215456837147,0.004370749803378298,-0.012621499591304252,0.03462479564658769,0.03194588134276782,0.00395154996697802,0.09615118904304938,-0.002895420641957764
2023-09-12,-0.017207899170910645,-0.01842645588738593,-0.006840907133402594,0.012930063390818645,0.028752199030887698,-0.013153992385327589,-0.019369408909080125,-0.011606482319156989,-0.022549196320499374,0.001084216355939155
2023-09-13,-0.0119254468463014,0.012847743040690852,0.013613152054829061,0.0004781652088398217,-0.00897690047296439,0.02530902952298205,0.01120768421835433,0.010071742214815379,0.01418033641106544,-0.0001250548546874803
2023-09-14,0.008744043536441662,0.007825148819726601,0.0021085327226506977,0.019211733730790482,0.017705466955085153,-0.0008979168301894522,0.02159695934809031,0.010116123696505393,0.017320639037477315,0.007805395644877941
2023-09-15,-0.004162464996480368,-0.02535580199766842,-0.037576769472992044,-0.002952301020310693,-0.015475287925423752,-0.03037658988565322,-0.03729005567332405,-0.005081793801319524,-0.0059953082833390835,0.006389827876429321
2023-09-18,0.01677171145597321,-0.0035190988274459946,0.001502262962927929,0.0020809594319139255,0.00802268425772224,-0.0029247348968620985,0.0074313434587753415,0.005878045732203265,-0.03376463807907184,-0.0013158211623622818
2023-09-19,0.006161973080156226,-0.0012465486913038639,-0.010195960772454828,-0.0012748917861099458,-0.0026386108498458317,-0.016930564270193287,0.008294752001974692,-0.0012308588208584993,0.004588376260533905,-0.011171985057814518
2023-09-20,-0.020194849732033476,-0.024268855811138506,-0.029876623570080873,-0.004239067458912485,-0.007958008860757487,-0.01714838747973992,-0.017859402018350425,-0.03164566000007112,-0.014780377139554338,0.02358287887221435
2023-09-21,-0.00892915548902277,-0.0038734651839266634,-0.02935739984219955,-0.007853019315152216,-0.014189372117314934,-0.04505328140436448,-0.013235196090782561,-0.024984502902816664,-0.026588996104119158,0.018142474136417206
2023-09-22,0.0049324401032276475,-0.007917802122412136,0.014354007364031675,-0.009628808299079278,0.0015671034928023584,-0.0016251248796010811,0.011264199136017419,-0.0014577416141045953,-0.043236555785455495,0.009848782676691937
2023-09-25,0.007353077927005088,0.001670423566710419,0.014600672328925762,0.004928449858830967,0.011160775774159248,0.01651413665688319,0.005834347057704151,0.00658103416899924,0.008579557642104906,0.008225320462121629
2023-09-26,-0.023676375102367024,-0.017151777848160372,-0.007392911195998402,-0.010433257223455254,0.0015474430350877868,-0.04113311252209692,-0.0062356652564255,-0.019563060686257083,-0.011687984544270934,-0.009510416105084617
2023-09-27,-0.008937477080366272,0.0020801405035269257,0.01320250028484474,0.005847902664609599,0.032038575243488125,0.0,-0.0040891677778343485,0.015206228560536753,-0.014939798128788435,-0.003408728777563022
2023-09-28,0.0015247098305124914,0.0027138317335636476,0.014516956104903635,0.012339395345107066,-0.0060917915180794925,0.0,0.0206755233148708,0.013467707088774277,0.0241549898062297,0.012566339211383
2023-09-29,0.0030416508568680964,0.006704797497934288,0.009470125362478357,-0.017566336299659396,-0.015946247054971077,0.009008352994332738,-0.012413955404976243,-0.011019491615981382,0.015465456415727708,-0.011653521910283583
2023-10-02,0.01472663608805018,0.018979371070497998,0.029068284311425045,-0.008656755028629913,-0.01672346192403719,0.018240461143240686,0.021779132284526274,0.024979656600668223,0.005500013317318054,0.02037835226859366
2023-10-03,-0.007800104756212113,-0.0264815199207903,-0.028654638018779793,-0.007400498918796036,0.0017279460377843565,-0.0373007704408456,-0.019350084875937194,-0.013053289239513339,-0.020356864105244222,-0.009960599648811444
2023-10-04,0.007282033818722447,0.017617234978943595,0.011969294788963318,0.004474794878547695,-0.038098969057448126,0.018115851921521226,0.015300298404165634,0.02099682136421547,0.05764957536105983,0.002254723565626526
2023-10-05,0.00717223351913359,0.0012530612092467625,0.014584049472870241,0.004207372160592903,-0.022768377916455345,-0.008222697494164894,-0.0025884570743638946,-0.0012580204724911646,-0.0042593870629195184,0.010926738421691467
2023-10-06,0.0146427631490524,0.024436255285666817,0.0237491795135232,0.015278220255833764,-0.016839734064427576,0.015753318962097584,0.034313826414056336,0.01841234096445447,0.0018441397469999051,0.01648380243679405
2023-10-09,0.00841559695202414,0.007791842533754259,-0.010743332053668687,-0.0022767711181398416,0.03439267482425878,0.0023417029658428425,0.009245986229790452,0.006086932731918552,-0.0033063672235030548,0.0032343087414987864
2023-10-10,-0.0033577448982938228,-0.004344930293933086,0.011529734117937824,0.006060130272961356,-0.004246311741867342,0.00946698516860395,0.010871808531647629,-0.002603990661702593,0.015097007960672728,-0.004320942463700111
2023-10-11,0.007872847170824981,0.01219713484684668,0.02177088575057976,0.003426949736777675,-0.03651170800160398,0.017986831598422272,0.01841016288449458,0.017874992954351795,-0.0023926822540326844,-0.00020974101682606829
2023-10-12,0.005048614085333399,-0.0037975188257624087,0.0029653719357401556,-0.0023290830605947324,-0.00018776607450607963,0.003785588962598881,-0.011227563043198198,-0.011305238253860095,-0.015789985181823882,0.0026863342489516677
2023-10-13,-0.010346239929528805,-0.0104114705975762,-0.03212186152994763,0.014907904016347518,0.031434553232105644,-0.019381108651019514,-0.02964913162097918,-0.011653024366912538,-0.030395093236742683,0.026031050038957206
2023-10-16,-0.0007271098052567891,0.014870561561992573,0.013849600018081946,-0.0010140867692756234,0.0007279300303026189,0.021042247787508333,0.02032031734042365,0.012587841717405792,0.011088356477393282,-0.0025427774686006418
2023-10-17,-0.008823588574136102,-0.0017450128907000445,-0.04792487438170214,-0.0021667039875742163,0.013011734449670203,-0.008181257764936053,0.0088353218398071,0.004447520803184989,0.003655911168542864,-0.0025682177226572537
2023-10-18,-0.007422380468769411,-0.005889762049850127,-0.0404542516548368,-0.011041336369015707,0.013907599586960187,-0.025733286363791553,-0.02193650250804238,-0.012676789773912185,-0.04893148784195894,-0.001100122079427065
2023-10-19,-0.002163346457004119,0.0036589491527600285,-0.002253727184918277,-0.0042585934965859214,0.0006196409338812488,0.00210493209093831,-0.013211130139297457,-0.0015233851794428767,-0.09761624872658338,-0.0082984387976691
2023-10-20,-0.014813258771975773,-0.014134341507258135,-0.01710491975265705,-0.016236473307844695,-0.017314032984809387,-0.025477545009301914,-0.013388003401491053,-0.015730850790947392,-0.037588294506417,-0.008690239727314053
2023-10-23,0.000693697734121599,0.00807937338945873,0.03765204384231514,-0.013735146034907447,-0.014782916662542283,0.011043686017449744,0.017216828688997043,0.006615239867240614,0.00042444095402800134,-0.010413940861622372
2023-10-24,0.0025403401041344327,0.003667427556159995,0.015882224018325244,0.0012048879579355566,-0.009731894050253318,0.01567921771001468,-0.004660394071237309,0.016781412298512613,0.020719371046622376,0.006554778647483303
2023-10-25,-0.013583600596379065,0.0302170661140954,-0.044107276724203566,-0.005469421115429288,0.0018434134398433444,-0.057387204557163146,-0.042549935960395066,-0.09992424153460026,-0.01911750338776431,0.009874632319069414
2023-10-26,-0.024913315567276686,-0.03823622482036215,-0.03539721641261581,0.0025609246118584467,-0.00915871665650188,-0.015106526502479031,-0.03803965113473849,-0.026868339248852218,-0.031855023921114375,-0.003494997284516391
2023-10-27,0.00793765148984474,0.005838502397308055,0.00430535155361342,-0.036683620587098946,-0.019235818337570588,0.06609496003096194,0.028647882340331617,-0.0009000301562209267,0.007456619810883741,-0.007027593156876435
2023-10-30,0.012230253632256015,0.022485779813565736,0.016189371103466046,0.012669143915899706,0.003121511959746196,0.038169415629497834,0.019787150203948143,0.01857087803515151,-0.0491375588495086,0.010107910901816997
2023-10-31,0.0028148226670818453,0.002368833979812213,-0.009299545544453721,0.011863565017138937,-0.000283364334623593,0.0028592165427562357,-0.004603188840328201,-0.003057823659106166,0.017479077618859314,0.010454584710215304
2023-11-01,0.018565151698617645,0.0232697138818562,0.037186319364539706,-0.0008631503402768318,-0.001985960178357157,0.028955362245697565,0.03451558268933966,0.01892031118194315,0.02371578467512363,-0.007421637597533223
2023-11-02,0.02048229174064623,0.0064807721077511735,0.027520967535647003,0.017691933863794165,0.032319670716361944,0.007779930147075702,-0.0031474750765501194,0.008191092338997993,0.06060741733192271,0.008485496468541263
2023-11-03,-0.005194799201515677,0.012779631750968377,0.03387463540168405,0.01111035056835326,-0.012264510877955279,0.0038312748175106013,0.011927303040956405,0.012549298265770026,0.0066139872231546415,-0.00980289880333037
2023-11-06,0.014499575195046485,0.010517038379584414,0.016440031983646103,0.007524374623418486,-0.01788009681183658,0.008191461641482902,0.003806983779764034,0.008868266697673995,-0.0031418755173999516,0.004810207686935957
2023-11-07,0.014347410091539973,0.011156831350380104,0.004449190837554301,-0.00048615984338242,-0.015803978159917836,0.021031053723631822,0.009517683610340087,0.005512939766430727,0.013183964542986627,0.008158577306965058
2023-11-08,0.005867572065280184,0.00737828451205098,0.01337978840098417,0.004918080549843116,-0.012358947584587126,-0.004424354026475328,0.0030064400445528215,0.00662075362229195,-0.0003150737899407528,-0.0020476741822925636
2023-11-09,-0.0026280410318866377,-0.006934638369794902,0.008040546926278171,-0.002975866922104623,0.00029156435778665703,-0.010471269344291862,0.0024050381598386852,-0.012210282678575227,-0.056160489658582134,0.004220724716329525
2023-11-10,0.022954713608919222,0.024591879015270598,0.02907286091607825,0.014722499800991306,0.007643475104351132,0.02083402648617425,0.025320127343634483,0.017882644702316073,0.021996498496030296,0.0040918712175054515
2023-11-13,-0.008620745910991403,-0.008121412076812884,0.005878960179531925,-0.004448753371941059,0.010451184043573359,-0.006779695661997966,0.0012766028866936848,-0.003778269288080129,0.04134183399945281,0.002509580767203468
2023-11-14,0.014184672627486735,0.009743164110284261,0.021084223833207898,0.018082403200424677,0.003842897976976592,0.022262486894446033,0.02139833798635364,0.011516469640311002,0.059438019477541446,-0.003896259523459702
2023-11-15,0.003036324720500966,0.0004058900065201412,-0.0155871290483918,0.00871918908167406,-0.006059265858908577,-0.017993607290294027,-0.010762122887026644,0.007456275528191744,0.022614155469065075,-0.003800335594007707
2023-11-16,0.009001420084515998,0.017430323845431882,0.0120364806742181,0.011355165346746738,-0.011643790183924306,-0.002587108521031568,0.004438502552268252,0.01701378662266848,-0.03883534904080814,0.002615298564192667
2023-11-17,-0.00010542559492660675,-0.01694367508306267,-0.003684929297322365,0.009005307651554205,0.024106894229213346,0.016319176713110995,0.002540202977512595,-0.011901383737552307,0.0030349323976646067,-0.006560872350175516
2023-11-20,0.009235488103052462,0.020314105126983718,0.022286089984376964,0.0030707479089281346,-0.004392320117937646,0.006522368493262836,0.014607544556983064,0.0069228343458109945,0.005533119144943252,-0.0022212848554901484
2023-11-21,-0.004239844693100801,-0.011645550344346186,-0.009267354899342358,-0.002089730878659143,-0.0003829024960119922,-0.015378098422388055,-0.008833848580546687,0.005270694287569752,0.023490974516940124,0.008355946880399851
2023-11-22,0.003508424386411617,0.012731323203226065,-0.02489475053521061,0.002350627261848191,-0.004317028976395948,0.01933932343605667,0.013294705096834586,0.011036176356807077,-0.029408274734311717,0.007698480597244092
2023-11-24,-0.0070291199333455045,-0.0011123140861033015,-0.01948421445247077,0.0013685904043766158,0.005369539342275084,0.00020445580612358505,-0.009592189194945734,-0.013082534739335924,0.005280386261856706,0.006123432247364411
2023-11-27,-0.0009480123071442153,0.0031216711129937558,0.009706698329953,-0.002282025693801712,-0.005850485708568442,0.006723903692254734,-0.010491610864496586,-0.0020505545534956642,0.0026721746625813217,-0.006436032889404749
2023-11-28,0.0032088834845209854,0.010744676651730371,-0.008765207230458429,0.0022820256938017626,-0.0005772336948093071,-0.00474961512561893,0.012735910109174874,0.005774390542004057,0.04408335693193017,-0.005645378821802201
2023-11-29,-0.00542430487142054,-0.010111179569873655,0.006648541314692872,0.005067314467684235,-0.015128422349119423,-0.004840585148378569,-0.0202331476818363,-0.016238952595468533,-0.010512266581044115,-0.010320767967917397
2023-11-30,0.0030581523905899187,0.00015855790022079554,-0.028871499403783193,0.011340392852199373,0.003901068541919164,-0.001573209061844679,-0.01531842437571061,-0.018391604231836597,-0.01676961998268328,0.03307434050780373
2023-12-01,0.006768288640098551,-0.011680182940991518,-0.00010672558321241339,0.004857344657296,0.0024303516460584653,0.006413794210223246,-0.007147710688410953,-0.005068142765120994,-0.005220199323597404,-0.007156773367320708
2023-12-04,-0.009509663244721486,-0.014442576640524672,-0.02720313320681475,0.007305715585763309,-0.005452301387580449,-0.01500697967354326,-0.014887669459821548,-0.019837469497890094,-0.01370144313218934,0.002044891459365978
2023-12-05,0.02084459807659017,0.009114758131614387,0.023026591675011174,-0.00012659204103242837,-0.019618973047479484,0.013986300502114904,-0.005420464812672378,0.01321772248588835,0.013240755825754019,0.003604855996927246
2023-12-06,-0.005703360621608261,-0.010036345299681023,-0.02309243216670217,-0.010563918856104203,-0.013330285502711656,-0.016198024273178,-0.0026427353879947347,-0.00743267718111576,0.002719129460769398,-0.0013275861192987104
2023-12-07,0.010088226260230948,0.005812837048195652,0.023736277514128542,0.0030659639854037682,-0.006986414708410741,0.016198024273177868,0.028385110081652162,0.05178150128373557,0.013568409275163597,-0.00229535209205677
2023-12-08,0.007385061938063006,0.008803417816516753,0.01934150011955543,0.01097351203481338,0.011416142111926689,0.003669683224747049,0.01868592206385006,-0.014269330093660436,0.004933396614923965,0.0027319875976005207
2023-12-11,-0.013011633300328375,-0.007860440935077768,-0.018676267850755438,0.0036522920226313878,0.0007028915234357792,-0.010432734440314026,-0.02270490687939323,-0.012673616443249476,-0.016957231787828677,-0.01113937178865829
2023-12-12,0.007888892352892349,0.008261057291184832,0.02184981200954665,0.008885675920315085,-0.015885415676431532,0.010839635496016388,0.02711312596508566,-0.005793259411151312,-0.011452714531076777,0.003745370536564184
2023-12-13,0.016553792377705864,-2.6675064189027457e-05,0.009003094006491746,0.0033581542296060862,0.008833749424938895,0.009179334477907091,0.0015544654286901425,0.0003771143111604609,0.009573866272891631,0.006010589432527265
2023-12-14,0.0007573350289823619,-0.022802566188852885,0.005433408625641342,0.018028688005893582,0.026535415648945997,-0.009586235533609468,-0.004701063998422006,-0.004763558570842819,0.04797595720291628,-0.027271362955348818
2023-12-15,-0.0027293757401388214,0.013032090437342256,0.011106844275284551,0.007532914373440405,-0.00671678574819456,0.01714963889276147,0.005238751856183026,0.00498996788268977,0.009711688394547188,-0.005857292547336661
2023-12-18,-0.008539661603928241,0.005165400740397318,0.023988803528222153,0.006033728724689315,0.007405553794757388,0.026971809898698733,0.028550512790447877,0.023846026749933382,-0.0056173183184346845,-0.008641714347395203
2023-12-19,0.00534586757250156,0.0016357936915714724,-0.009490414677380331,0.013266621586480367,0.013096423566803388,-0.0018191003361762064,0.016519015544672694,0.006239698659723113,0.020185249870892544,-0.0047783134244347115
2023-12-20,-0.010771869833268137,-0.0070981365514203665,-0.030560515083904168,-0.011343328824648368,-0.016841785312685435,-0.01091834083412718,-0.003087271688519616,0.012291357762638108,-0.0399767793773106,-0.015596913537460112
2023-12-21,-0.0007700898114770417,0.007847905080212231,0.018105453940741315,0.005687796514492638,0.004532177584026386,0.011243426514228085,0.013677134680656648,0.014923645575649907,0.029345860784192233,0.007627041717145672
2023-12-22,-0.005563115379535152,0.0027802042013180817,-0.0032714253433458727,-0.0005971637220586346,0.0017678313602242385,-0.002733830879625901,-0.0019787745812519923,0.007591200482563452,-0.007731210565404946,0.0008265338683945829
2023-12-26,-0.002845003227239386,0.00021359314490392394,0.009153163426515896,0.005896461359723611,0.0022543842091936554,-6.514686816695571e-05,0.0040665243747353,0.0002119196545241558,0.01598774007390915,-0.0005379894362301141
2023-12-27,0.0005179265552732415,-0.0015759487144426983,0.0027964148462683784,0.0059801527605393145,-0.004710604794003031,-0.00045644547960358643,0.008419189640896592,-0.008159148597905824,0.018647455510860632,0.005293155453318118
2023-12-28,0.0022239289279565545,0.0032293360328409125,0.0021225763074918056,0.0052988295120010055,-0.014565408334282543,0.00026087992298881607,0.0013682955929883245,-0.0009980375829835605,-0.032104151730159784,0.0040278801252693905
2023-12-29,-0.005439069621283602,0.002023186750197035,0.0,-0.0011748399303525305,-0.0020981405714764123,-0.009432812028151797,-0.012242461826998582,-0.0038582071065970894,-0.018738327073791184,0.002986561478605246
2024-01-02,-0.03644266850572633,-0.013843863437260219,-0.02772217938517641,0.011572790336538895,0.023525804157642643,-0.013317252487412825,-0.021907276906207907,-0.010940739883490105,-0.00024148746074577508,0.02415209284280805
2024-01-03,-0.007515579212874432,-0.0007282212214378396,-0.012513560734434232,-0.004368030427373628,0.008366592179676917,-0.009785543802100045,-0.005269516056352541,0.00541341752909704,-0.04096122279932548,0.0049752702923933564
2024-01-04,-0.012781657008866994,-0.007203548263728498,0.008978115811174258,0.006614292018501262,-0.008757501351410027,-0.02661905587134582,0.007663333926203559,-0.01837982397738082,-0.0021831499656647054,0.0062345849643006225
2024-01-05,-0.004021063570194704,-0.0005165000391595288,0.02263842694725175,0.005004444397631036,0.003025031664216918,0.004623714384981175,0.013818695243866268,-0.004850856764081181,-0.0018509415250833076,-0.014850754867879776
2024-01-08,0.023887281752097384,0.01869568607687812,0.06229948798444914,-0.0014519805809151845,-0.016802215891807835,0.026229678338986727,0.01888572256779381,0.022654621607257123,0.012386614576639277,-0.001601417387111806
2024-01-09,-0.002265981001372861,0.0029313918512245923,0.016832695433235356,-0.007937338816857617,-0.012463378492328358,0.015109875810597672,-0.0034351722607950815,0.015082963360251682,-0.023096839566935645,0.0034420289606604255
2024-01-10,0.005655395428788248,0.018403859369734626,0.022514641453404198,0.002107113355296792,-0.009880911638212185,0.015470650615520465,0.035832754793143934,0.009391645005389016,-0.004350632806278706,-0.0013569261845407304
2024-01-11,-0.0032276777426174376,0.004847639705880235,0.008646859978975924,-0.004218959301217556,-0.00020287193646327523,0.009387897135060054,-0.0021617374385656074,-0.0014065599147807435,-0.029145966144498332,0.0037872479498217817
2024-01-12,0.001776383183513676,0.009934039346714496,-0.0020451328270411017,-0.007367039802100518,0.012889179531863897,-0.0036152239546972612,0.012954396683213404,0.00400366969678419,-0.03734939877742937,-0.03424791823398042
2024-01-16,-0.01239338713814514,0.0046227614994869635,0.030103585418632003,-0.006290055416144587,-0.022870903348868897,-0.009487311793446907,-0.018950653625169272,-0.0011221913935574707,0.004649070658851297,-0.004535570102563852
2024-01-17,-0.005187098299473188,-0.0020519051072822162,-0.00585219500564705,-0.005371985317258095,-0.0072943935743973115,-0.009512302504832145,0.002473457005895683,-0.007184230258516684,-0.020025473044372827,0.011091205733822057
2024-01-18,0.03205154326316067,0.01123396606243141,0.018628992332853627,0.001972961841306318,-0.0018576974272971913,0.011729719012639512,0.020846948356040042,0.014108019987615562,-0.017172815629643214,-0.016518568250838375
2024-01-19,0.015413711217468854,0.0121132867182398,0.040898310077154165,0.01711475741196155,0.0015483064953693735,0.011915672389449407,0.0192744271942946,0.02001033346064441,0.0014620115002590317,-0.02506269117808959
2024-01-22,0.012089850583040325,-0.005432832335872086,0.002736121454493487,-0.0011750352542175535,-0.001341772732273342,-0.003611493461086361,-0.004364692035517695,-0.002667707123132154,-0.016105240597581734,0.01855356487986656
2024-01-23,0.006631048340766308,0.00600958439220878,0.0036644690914981134,-0.006605721294253991,0.011195110311085997,0.007979485588611064,0.00891831238886176,0.007166428756439076,0.0016270106278732431,0.004919888978101037
2024-01-24,-0.003489913698943353,0.009133387546795633,0.024565108900426083,0.008895748462449156,0.017113415491127854,0.005433174197432314,0.014177151658026675,0.011226239073491693,-0.006283434610725192,-0.00445215942264172
2024-01-25,-0.0016979547196054685,0.005721842034801048,0.004147048456619274,0.014209478916761756,0.02508439622949212,0.005594095679664069,0.006327346109037848,0.02109392096148448,-0.12925817170128795,-0.03940391964110083
2024-01-26,-0.009053633671939768,-0.0023245200914224842,-0.009555886052462,-0.003823789330148366,0.008482341271613656,0.008647102438040672,0.0024389322319291703,0.002104930106939712,0.003389065826718794,0.01966759738469612
2024-01-29,-0.003592373905251119,0.014232505317079883,0.023224498857301285,0.0026087270437531655,0.0012614780557110084,0.013359331333490848,0.01730494457379726,0.008635752708259092,0.041055489597857625,0.002659359837802127
2024-01-30,-0.019433496605714574,-0.0027618583287560856,0.00493446720609609,0.020287237230213005,0.016540452332886032,-0.014113732972622603,-0.0023967317310089518,-0.013443849128938189,0.0034508226289791306,-0.001844938740682984
2024-01-31,-0.019547394926627208,-0.027315913964681013,-0.020064715420703778,-0.010894715177443299,-0.019648192406711007,-0.024189614134501332,-0.025108896192921663,-0.07796516748053794,-0.022699471099276523,0.016014432040902506
2024-02-01,0.01325252052989059,0.015473809539359017,0.02408702230177942,-0.003619848149766519,-0.0040934236139170705,0.02594906400632865,0.011823001846151402,0.007537699790201345,0.008347821172369478,-0.009029608255872753
2024-02-02,-0.005419900507550659,0.018258223259239727,0.048512850899211084,0.005739449276221922,-0.004110573804561837,0.07572554877189726,0.1849650795922505,0.008605411685618502,-0.005042858776994556,0.006074674684022969
2024-02-05,0.009798444628467374,-0.013637547548008023,0.046830543881022924,-0.0013170589470374234,-0.004127295495514962,-0.008768909348284514,-0.03335054412924825,0.009088959497509272,-0.03713468972636411,-0.014351038302766263
2024-02-06,0.00859467289313586,-0.00039458668094639497,-0.01612492764584309,0.003432544227443455,0.006869419477710196,-0.006834432372405122,-0.010261340176117167,0.002918877960120836,0.02206779799027196,0.015212926951533765
2024-02-07,0.0005810602401847648,0.02089052200427707,0.027126912537863854,0.0018827928803468305,-0.00029336139910090457,0.008125368023266808,0.03217822766030308,0.009943526547778681,0.013309178288648728,0.01693151625270058
2024-02-08,-0.005771440296271873,0.0001448538638920572,-0.006555113052331649,-0.0035975462007619597,0.01697506703229042,-0.0040544313336464575,0.0008726603018528224,0.002539115403932418,0.010500153377802503,0.0013468914661162042
2024-02-09,0.004085842605218166,0.015431746044643065,0.03515828272980977,0.0012004981619141988,-0.02138715001005908,0.026781354306300166,-0.004029423161219424,0.02095617152780058,0.02093365777497024,-0.0036021060562730065
2024-02-12,-0.009042960364967458,-0.012658553776023904,0.0015929509533610944,0.004447018908277545,0.013662897411143921,-0.012168901576895616,0.0016861249611040496,-0.009914847580744263,-0.02850600281752684,-0.0011197857307046605
2024-02-13,-0.011338276519991938,-0.021763683290514924,-0.0016623548202650518,-0.008741779190722086,-0.008646185133857006,-0.02170298682855135,-0.018902099543247054,-0.01633260911954811,-0.022088768605910858,-0.0015274471858339187
2024-02-14,-0.0048214756983590325,0.009618891366049428,0.02427056284852564,0.010106004142033675,-0.004946175302728702,0.013780303876272836,0.02819985501486781,0.005496891365201073,0.02516701014711292,0.00017411422235850588
2024-02-15,-0.0015759022850218899,-0.007180847702837957,-0.01694926484018244,0.021579922325996145,0.028256321946547508,-0.006925273760105457,0.022459800057548118,-0.021960831899215955,0.06035334314528131,0.007593039791820294
2024-02-16,-0.00846614726931273,-0.006168270399684932,-0.0006197659440343355,-0.004680827177562619,0.0,-0.0017094021256489145,-0.022375242185244466,-0.015884902826439753,-0.0024975038337594173,0.001285399292976768
2024-02-20,-0.004122283208810531,-0.003147840080364391,-0.04450794694932884,0.0039021645328340022,-0.00949259516200185,-0.014439139136134756,-0.0033226440012932607,0.004260656334672277,-0.031447068575792124,-0.0009400182755887681
2024-02-21,0.004177145873162336,-0.0015157564076239253,-0.028923045182729867,0.0064888056774655475,0.020231859029830778,0.008996959517601153,-0.006856183219646664,0.010082247105813536,0.005199145723306879,0.0017449133790069136
2024-02-22,0.011181341421572765,0.023273759898651207,0.15186984262085734,0.011924411020516975,-0.0008587481394376878,0.03491338968982024,0.03794370514552892,0.010745355396506824,0.013463405650618309,0.008641159954336433
2024-02-23,-0.010084973060098625,-0.003187328166593926,0.0035460084472089533,0.005012777240509891,-0.008820707369653348,0.0023457610294128446,-0.00432924313710596,-0.0009028565219566107,-0.027943686650054866,0.001404542835704957
2024-02-26,-0.007479067437108602,-0.00684706193111476,0.003483037151448147,-0.003430060538036248,0.003940672790085466,-0.0014869599257995307,-0.004742503264254379,-0.04540235405876025,0.03797371074003026,-0.0036480796715968582
2024-02-27,0.008081697307032643,-0.00014706994032756196,-0.004955945677906767,0.0004906669477397283,-0.0021124705363895924,-0.006833819221537168,0.010962465864396745,0.009477418043564483,0.001653606167566249,-0.02291353722173683
2024-02-28,-0.006647543009780415,0.0005886831681414845,-0.013277072825904061,0.005056584416225979,0.0027835673914137563,-0.0021920379551390117,-0.006240675288157716,-0.01816525832151301,0.011499231283567918,-0.029931941827479776
2024-02-29,-0.0036999188699061505,0.01441534946711786,0.01848578040721293,0.009070584563837875,0.0019154356081201795,0.02057680546309288,0.01254442265994369,0.015136504626521365,-0.0007921787106965236,-0.009436890820433579
2024-03-01,-0.006048699613352767,0.004486628111752871,0.03925148274596074,-0.004147140847633271,0.012550126285014868,0.008225899848415687,0.02452691982123666,-0.00957926383647487,0.0037575170226514664,-0.008279590600020295
2024-03-04,-0.02570908095457252,-0.0013968322670959209,0.035319603106054406,0.007473671810284475,-0.014082133926746713,-0.0035975271186564546,-0.008215973914918946,-0.028024894076920215,-0.07424463938175002,-0.01577138354617487
2024-03-05,-0.028853161466389374,-0.030018207933476482,0.008539821936187629,0.009967357269389819,0.012190687415687611,-0.019676533274039055,-0.016127372466231294,-0.005112663971673913,-0.04012679843323044,-0.018261969865755467
2024-03-06,-0.0058954427776819595,-0.0013915511849251728,0.03133133178745183,0.005184144629679939,0.010639814530187924,-0.0035094856867787733,0.011903151550391415,-0.009618714914674456,-0.023512123304642613,-0.001163036908206001
2024-03-07,-0.0007096959667851997,0.017381259457762567,0.04377419238298312,-0.008797114892361105,0.005603944028468969,0.018897104445031784,0.031938338788004075,0.022425414992365,0.01188110874296599,0.01299179442402687
2024-03-08,0.010184524778303923,-0.0071623974167679474,-0.05707533889007649,0.0018612183727259924,0.009362632844427387,-0.00834829600574499,-0.012257834451416672,0.0076358580496778405,-0.018701625030085045,-0.0006921711232909821
2024-03-11,0.011762098626482346,-0.004193709830120251,-0.020242800433952577,0.0003719308275462878,0.005887886211369381,-0.01952208072253206,-0.045200350720425005,0.016552014471038382,0.013763678693560029,0.026054593651271434
2024-03-12,0.0027748284205911296,0.02625171471314268,0.06912671683348055,0.008198077589281757,-0.006441628631601248,0.01975013161880721,0.032870519084880416,0.0060110552239761765,-0.0012947061441473569,0.00040879468787574565
2024-03-13,-0.012196702578981637,-0.0004334973226727809,-0.011214772916947387,0.008079571353109436,0.01110871735854796,0.006648685830772736,-0.008399298235377151,0.009270707586168405,-0.04646099727496628,-0.002762645566602768
2024-03-14,0.0108678910090562,0.024087268890578852,-0.03292761625245871,-0.017978692331250712,0.017557091189565513,0.012327433453265669,-0.0075755871134843885,0.02340254934599741,-0.042056898779332184,0.0020471779407148674
2024-03-15,-0.0021986477809818297,-0.020912196414270896,-0.0012173826683706237,0.012319476965425,-0.0017959034021597753,-0.02452200827324045,-0.015841690191658594,-0.013508213790852644,0.006563076277915342,0.0037149065316413746
2024-03-18,0.0063520993871613324,0.0021588266058699783,0.007010988561256274,0.012325152147279366,0.009214129852447392,0.00034392410567333365,0.02625836681586178,0.04501232550338732,0.060664152342604714,-0.00771063178930688
2024-03-19,0.013493454073346551,0.009752999118306141,0.010604502392528189,0.005848113459986275,0.007009975083669338,0.008105519638180665,-0.0014901192966863426,-0.004411228694817788,-0.014372034891457558,0.01279116180698286
2024-03-20,0.014602215525361253,0.009023885527300888,0.010836124179525826,0.013021920882843954,-0.000884467746414826,0.01271024074657137,0.018527875598458393,0.011563419447886537,0.025017133837829976,0.0018430424863623439
2024-03-21,-0.04171568168830152,0.009688888253991095,0.011693865571454055,0.013809308917575123,0.004415405036709543,0.0,0.004421319226484216,-0.007694070302138504,-0.016299696542812377,-0.005152722850456214
2024-03-22,0.0052962330317992525,-0.0014684279291432344,0.030736093871040066,-0.012333327112280683,0.0,0.004033399915744371,0.0035778816974753685,0.021249670692702487,-0.01158171211632812,-0.003300062173908992
2024-03-25,-0.008335010147140675,-0.013809512097496616,0.007533499927858997,-0.009197001810305203,0.010169300795085072,0.00468522019633587,-0.012956809378508537,-0.004653645454439841,0.010481683435756076,-0.008586540542343358
2024-03-26,-0.006694962405196483,-0.0028656780021892292,-0.02603005404048557,0.004660302327025947,-0.007529399995287668,-0.007876935918428052,-0.014275818297039961,0.003989959053655642,0.0287772826285837,0.01314679633816716
2024-03-27,0.020990746393716675,-0.0005218488211044947,-0.025284194814416048,0.019178325558604815,0.010316593480280217,0.008544428374293455,-0.00410205499316833,0.001326524472201523,0.012084083617363902,0.0016035400263304253
2024-03-28,-0.010615359861926858,-0.0016861561127013136,0.0011737725792256156,0.00390170884715556,0.010985816664172143,0.003053793447902987,-0.0169080523847035,0.0003977572420360199,-0.02272190773999231,0.0032395702175082195
2024-04-01,-0.008491524868668257,0.009109421881015784,7.739060535203478e-05,-0.006813095763153199,0.006431402147148578,0.00326551461029285,0.011812631577230866,0.029765213680245938,-0.0032477284143495326,-0.010158636327164922
2024-04-02,-0.0070235212102847675,-0.00739946577520293,-0.010132781811165743,-0.0004022338383012403,0.01938521995008084,-0.0015484091821309372,0.012177472338715153,-0.005998972155665597,-0.05026651935105258,-0.06661803190056628
2024-04-03,0.004785881069017708,-0.002351861140088135,-0.005470234750215633,-0.0028200139860736044,0.00016772187126319762,0.009474051539763393,0.01866387922684029,0.0023265242998598747,0.010447544054431742,0.003486137187918234
2024-04-04,-0.004904370516749174,-0.006131295279371402,-0.034989881506589576,-0.007637404043982006,0.0035143046214262848,-0.013300069884866008,0.008215093764831786,-0.02874662187715836,0.016083269202606634,-0.00952877229323588
2024-04-05,0.004491667621353241,0.018117624880253435,0.024185839776143112,0.009158007291505019,0.013688099599525794,0.027777320574842966,0.03163261265720014,0.013002280629957829,-0.03696743555877544,0.000790148764947919
2024-04-08,-0.006685709678678677,-0.0021878284290348018,-0.009992218036639463,0.005202928352138014,-0.00677910234158293,0.0006481667921116775,-0.015460256507982287,0.015292313435619197,0.04783676362708771,0.0005703179323556587
2024-04-09,0.00721641319673507,0.003972488637836179,-0.020628440343289818,-0.006723531599660963,0.005212297976569393,0.0025885563003378185,-0.0045360629341488845,0.011237879359363455,0.022295607975213145,0.008124856982541373
2024-04-10,-0.011201871942803308,-0.00710984803318614,0.019549089816317755,-0.008557883600386163,0.00838212701718958,0.0015069094018642995,0.005652554442485076,-0.0029417828804066755,-0.02937344256551801,-0.02125898660534555
2024-04-11,0.04236098738145726,0.01097294032863987,0.04027445486106455,-0.00020474793600663168,-0.0033607172249688457,0.016533742520170792,0.006385372046194835,0.02072654106256409,0.016399556773736196,-0.01868241471247277
2024-04-12,0.00858963834483849,-0.014191271677302046,-0.02718251665799382,-0.06686417367617083,-0.011727997958447102,-0.015566165935951603,-0.021758060973345546,-0.010594907909174552,-0.020541749097701737,-0.005721401878868432
2024-04-15,-0.022106066025682315,-0.01977236074030088,-0.025089157562026166,0.0005468661054128941,-0.005748795987281669,-0.013577002419975346,-0.023061246039922132,-0.018363312130566026,-0.05757465973833702,0.014534274036243447
2024-04-16,-0.019353377803289405,0.0022700240941991314,0.016307823894086488,-0.011493432979705771,-0.00830642386911835,-0.0016350785294987403,-0.0009400038352588469,-0.0029746869097958674,-0.02743506868222295,0.05087909987090836
2024-04-17,-0.00818077560279292,-0.0066311122849906316,-0.03943342232023164,-0.003990184418937682,-0.0005057678370466424,-0.011190509048215303,-0.011248380773711658,0.0069062299565309515,-0.01062208397137564,0.02131148204326488
2024-04-18,-0.005730789644065371,-0.01855187446344884,0.007539618161553872,0.006476109916132003,-0.0009276864842782885,-0.011428682278624262,0.01532190152377015,0.0034671830655331353,-0.036155647217109545,0.029194376652646962
2024-04-19,-0.0122875774188948,-0.012821004104760473,-0.10541152518052085,0.024793590375298373,0.011409550311274,-0.025944630354616176,-0.04218866492348298,-0.012383143778195669,-0.01939578390268632,0.015991458565188868
2024-04-22,0.00507785087510481,0.004599521221603442,0.042621792165713025,0.019243044109726038,0.0056563268952425924,0.01477882204751945,0.0013710420756243252,0.01411218844520074,-0.0345935559693179,-0.019953055515860144
2024-04-23,0.006371522289764302,0.016351162083997766,0.03588126669504843,0.014310379436905012,0.0038907979367821303,0.0129496869735391,0.02939357694455089,0.012590004131404852,0.018345226676437152,-0.010333438928760255
2024-04-24,0.012622078018644702,0.0036490460757286,-0.03388356656318143,0.0048803316479396515,0.00016529695064762358,-0.01656734624660272,-0.005254675569683505,0.0054824040859098805,0.11387415621830609,0.002300871933905571
2024-04-25,0.0051342001822563,-0.024800094529000335,0.036416082465125434,0.001500709202576317,0.002310480637376393,-0.016673704471388103,-0.1116166637610405,-0.0198655928824196,0.04845814470471284,0.013372157580769822
2024-04-26,-0.003479039102698084,0.018079273740495477,0.05992398024707898,0.0006204104313885949,-0.028168571515431264,0.03368654484295438,0.0043180093763907825,0.09734775708929054,-0.011168015552988686,0.0030126724446628093
2024-04-29,0.02450551833766155,-0.010067253762405932,0.00025067116507915624,-0.0010859296224896633,0.014141659103013309,0.007432568410519159,-0.024364390654323904,-0.0343128441050923,0.14242723171122051,-0.012841004234520552
2024-04-30,-0.018439868510515062,-0.03264642916449648,-0.015560916561760646,-0.007999610798761063,-0.011517080585552222,-0.03349007554568368,-0.005679252323553476,-0.020491293090390484,-0.05710084205665045,-0.010958801750258916
2024-05-01,-0.006065649827146559,0.014306595731865787,-0.03967645738260215,0.0006255162651039582,-0.01912135676529664,0.022599831917240992,0.020751621398231182,0.006612829349363662,-0.018113707174260838,0.000847226031594216
2024-05-02,0.02179273334300478,0.007316103723585407,0.03288272537753157,-0.0010427723930653086,0.0018082155514642089,0.031455365813882176,0.005653525949435666,0.016703406835361548,0.00011105007606901516,0.018136132700158673
2024-05-03,0.05809564789844843,0.021927489720306406,0.034045644292085196,-0.006018373102485838,-0.002066829520091608,0.008033933494385928,0.023008043634678708,0.003714302381349174,0.006533843535574036,-0.0010554155247146518
2024-05-06,-0.009148558304602324,0.016776863502963632,0.037046350148492,0.007790781132872112,0.006444806418090759,0.013283331052944075,0.02990500906867435,0.005129079168387015,0.019511437908750914,0.0039115292659086505
2024-05-07,0.003790003544512616,-0.0102081969802678,-0.01736271221034866,-0.001302955013747923,-0.004980375761289518,0.00031790155490520083,0.005482211602936674,0.01856516873472005,-0.03834210509362018,0.013221849542167019
2024-05-08,0.001862556817594149,0.002927298202442315,-0.0015693498613369844,0.020134920874419943,-0.0001722412450767489,-0.004034374926922967,0.009268506633758779,-0.010979569671741872,-0.017530851194269642,0.004481415067381795
2024-05-09,0.009964261479584749,0.004326291653333221,-0.018587301198093452,0.00941125699333891,0.01952419411721389,0.00794706169253194,0.005949223326729747,0.0034183318515956184,-0.015864649448707812,0.007562523456918341
2024-05-10,-0.006914043994615595,0.005852068180031785,0.012663454995124996,0.006409829633666828,-0.0040609913124755185,-0.010716874256865036,0.001639217906641917,-0.007737683357856926,-0.020562350450525728,0.011335253222741907
2024-05-13,0.01749155019304487,-0.0024623288536212416,0.005780133546877331,-0.00020142877746856256,-0.0004239132984952456,-0.004865607224493341,-0.017348338038178313,0.0029012685125034536,0.020097034145307512,-0.0020887957643298573
2024-05-14,0.006154594479231205,0.0068410725966660466,0.010530821603426405,0.013891942364009402,0.006052062215317121,0.002676374471979152,0.008171534507727585,0.007069667538832525,0.03239754278801776,0.0041732375538990054
2024-05-15,0.01214381252516658,0.017332903218961856,0.035210469549808825,0.002973006413070506,0.007703731176710088,-0.005789979151338669,0.020328303873381963,0.012658930582520966,-0.020254418706909572,0.00711631993227071
2024-05-16,0.0006323289122184468,-0.004952391521970736,-0.0028678814765167406,0.0017797126049888137,-0.006005547260464731,-0.012770048240180699,-0.017407768153849104,0.009633848391052557,0.004873391179277019,0.007161991831362262
2024-05-17,0.00015808056823901515,-0.001854451927828655,-0.020125173419854973,0.01139343292235626,0.014904901384140834,0.005809980560830076,-0.002793256551405796,0.010735707278339097,0.01487402019069651,0.006425114524250875
2024-05-20,0.006143072527574267,0.012134344143215911,0.024576934089285525,-0.046015656625895955,-0.008140789267216541,-0.006300279871404103,-0.00652693674362923,0.004872755865471158,-0.014245067870223688,-0.014205678357731701
2024-05-21,0.006834051044328639,0.00866132897605013,0.006373447011528836,0.01994508230434661,-0.006933745490118719,-0.00212713491141393,-0.009020138716119145,0.005242777605031341,0.06446711975223302,0.012144823802780784
2024-05-22,-0.0075671308843723506,0.003443606167607689,-0.004581567028360056,-0.00608312110767599,-0.02031520549220936,-0.00010914608364277473,0.0067567615144795545,-0.008299550808390574,-0.035399542384592614,-0.004210995063649479
2024-05-23,-0.02128301954712243,-0.008209716514962983,0.08910601969934744,-0.007033894628175181,-0.017206431503588335,-0.011423056748417279,-0.004284652121584188,-0.016175036454240704,-0.036007818288810785,-0.008707489151854661
2024-05-24,0.01645219886405186,0.007373165574004877,0.025397476705946904,0.01906355055554925,-0.0007932771188938545,-0.001658392028660058,0.026357448758573897,0.008263053397206269,0.03116576011599187,-0.016897925107580442
2024-05-28,5.265746426045162e-05,0.00037190282540219984,0.06747570141068739,-0.00604678541019664,0.01261639773854047,0.007715628907514658,0.0035485288042737912,0.008025350733884355,-0.013989415788236143,-0.008874882830428364
2024-05-29,0.0015776271345335673,-0.002675924561714929,0.008079693556064178,-0.006991951768660691,-0.010766658634268806,-0.0007138953246986688,-0.011652850486571017,-0.00283866735762365,-0.0031733327174769638,-0.038369799954016605
2024-05-30,0.005241363392217778,-0.034370053730293997,-0.03839377106926909,0.006139375624761023,0.003163134579674811,-0.014944634490046925,-0.015530219313281633,-0.021781637506321568,0.014648923152829736,-0.006353632046657523
2024-05-31,0.005006148142359229,0.001108547260059351,-0.007877019816174525,0.016419935962647157,0.02828312949192424,-0.01619107105787046,-0.0004711666394233116,0.0022633938166334005,-0.003978997402597566,0.028087196866474512
2024-06-03,0.009216078547136816,-0.0038858284118156237,0.04779355775712388,-0.004005446772171124,-0.024255721907337293,0.010710931098535235,0.0225780193281026,0.003876428508192938,-0.010102569596006488,0.004170027404398446
2024-06-04,0.001647996604774561,0.006147669223129658,0.012418352866344325,-0.013267712563551932,-0.015674956814065503,0.0055916049316681584,-0.0010475874117440859,0.0035739746903856555,-0.008659479988969872,0.01605324748984106
2024-06-05,0.0077904199628184775,0.018903502834338136,0.050270761398447154,-0.00958594116972603,0.0039861284658067155,0.010759365441920877,0.03718337280226573,0.00927840149028606,0.0013151256990527008,-0.004699529151217246
2024-06-06,-0.007121708715896636,0.0012020712314741932,-0.011847077535230635,-0.0017758509204767767,0.007486084361966969,0.02031303453242799,-0.0026294368911141523,0.007497124734393291,0.016660454613497404,-0.0023878716761313212
2024-06-07,0.012315682411660513,-0.0015794365279313892,-0.0009095185787110731,0.015320682634205954,-0.01076231395944851,-0.0037909438439048654,-0.0016214238905419079,-0.012927551350497904,-0.0025885260992180074,-0.02262819337529905
2024-06-10,-0.019333292967889756,0.009439704959640471,0.007433708457586627,-0.0017020373492853198,0.00292268426821498,0.014864526720524128,0.01936653114380137,0.004294598052471118,-0.02101026729322036,0.008745132699798876
2024-06-11,0.07013128653772467,0.011179130015882043,-0.007169481777372411,-0.02665334496474073,-0.008080088324301623,0.0009083768397987709,0.009642980785634981,0.009157275854353735,-0.01817434057762428,0.002461597071421051
2024-06-12,0.028177570015719442,0.01918241493741739,0.03486588795084403,-0.014667516511518526,-0.01111610677697557,-0.0018175795783648761,0.0026959941068382303,0.006602597619780856,0.03811347747393242,-0.0063681523208017465
2024-06-13,0.0054762317929215616,0.0011782331471069823,0.034617459354317794,0.011059518346345384,-0.008055487359692734,-0.016508777761010902,-0.009358928037723072,-0.014903162664983371,0.028799010597446485,0.008542258935395263
2024-06-14,-0.008201949442050015,0.002239553238754513,0.017362369405807838,0.0006192341345608129,-0.00848738706617513,-0.000925185330377967,0.0011113319770546211,0.009262631710844961,-0.024746085007725318,-0.00036207676145542147
2024-06-17,0.01948046831688746,0.013020086680151888,-0.0068476221733875286,0.006173720469253432,-0.0068974347782584985,0.002175536021534634,0.004887320967775359,0.0025421985324840727,0.051619109593938894,-0.01176533159297158
2024-06-18,-0.011045210295960742,-0.0045378035931217964,0.03451705667145933,0.010306844952399802,0.00936889899168604,-0.006814429382413544,-0.014193472991578441,-0.01220459583306809,-0.013860022086213656,-0.01686151467138361
2024-06-20,-0.0217477285630103,-0.001434910970147119,-0.03604533409541273,0.008441323142366336,0.021346646930413653,0.017836847681061675,0.004414913619060409,0.006886979748821881,-0.017957490517488177,0.0071875010286474115
2024-06-21,-0.010499395524989864,0.00911243543480856,-0.03272088307446804,-0.012000965109525677,-0.008809034023998404,0.015886019163884733,-0.013889077902391703,0.018712002251465108,0.007899471520701,-0.0039912634981845345
2024-06-24,0.0031278169803293254,-0.004702172488200131,-0.06917928256022268,0.013057368148517936,0.029271283365149135,-0.018738006784044702,0.008312410353079466,-0.002285150355888395,-0.002352322975825913,0.015197163120554606
2024-06-25,0.004458263853892413,0.007300041976815199,0.06537958639563958,-0.004081045832343143,0.0028018745894077533,0.004140733544431204,0.023160867035389422,0.02648476123754111,0.025790114652126835,-0.011247215503538372
2024-06-26,0.01979607109066343,0.0026797131897861584,0.0024556978473154437,-0.003236493029357572,0.0003497719911884566,0.03827288718411035,0.004923126572923656,-0.0008154017504674788,0.047022052078927956,-0.0009498792433354478
2024-06-27,0.003978066699587255,0.0015249079017873265,-0.019250579734400943,0.008774594777752451,0.0042736199453356355,0.02166336912708652,0.01247257692974321,0.008286231075193487,0.005332819818052439,0.004945983163002386
2024-06-28,-0.016387803977597887,-0.013114221893965734,-0.0036359673047330946,0.015395358587695635,0.001912986263830337,-0.02352451121310858,-0.029969538131130884,-0.017739015062726248,0.0023273813203096337,0.045845178091671504
2024-07-01,0.028689087067968216,0.021645638668184367,0.006133081742294432,0.015648732029204065,-0.001390899704908227,0.020233739225558187,0.0009118373580792946,0.0046010657622363085,0.05877983360300819,-0.029108274350507276
2024-07-02,0.016109481334685347,0.005567670514171129,-0.013200186668418504,0.016317946215455726,-0.006808122256143686,0.01409893985494711,0.009505312130102788,0.012220548148715808,0.09710195030947986,0.0072315407449136
2024-07-03,0.005794254495032921,0.0032387632724617888,0.044717431964979695,-0.0006707365517512785,0.005066914653501721,-0.012123208336190894,0.0009023921778532949,0.003126427408965716,0.06337304899541438,-0.01690103275658086
2024-07-05,0.021390029215188067,0.014628870790075672,-0.019283404841608294,-0.0133389492037093,-0.012186197851915517,0.012123208336190851,0.05707013792412123,0.025398435480732583,0.02060688228437311,-0.0038449046451629124
2024-07-08,0.006517529482238347,-0.002827192050142243,0.018659425785532983,0.0018537998440666538,-0.010552211735668412,-0.0035563498917093785,-0.01980934185968671,-0.008271402302808765,0.005629789876539415,0.0027215098458233523
2024-07-09,0.0037677402291072513,-0.014474421746793987,0.02450269095385333,0.011918675189827095,-0.011115037244684801,0.0002508745118109151,0.0012838624498412979,-0.00026448413849348653,0.0364508858978897,0.005644685573529381
2024-07-10,0.018628990350773394,0.01449582914778529,0.026513952050209073,0.0008184377039215581,0.008794657005932448,0.0022548901390979956,0.008810297135331975,0.011574204591972581,0.0035389720904070512,0.01776423337123538
2024-07-11,-0.023494603161742955,-0.02508400995096273,-0.057276142279934446,-0.001685677390453291,0.011813418251563982,-0.02401082970854252,-0.041996465797663106,-0.02978307753432126,-0.08822077208547265,0.006823798525810212
2024-07-12,0.01296627614216065,-0.0025324021558120633,0.014339477332842318,-0.012173202539907479,0.0001766668169860801,-0.0028751754997392003,-0.027345243152001163,-0.0026981808865939004,0.029434316513726216,0.014116007948273031
2024-07-15,0.01660477788346417,0.0009035708465670007,-0.006209326721699364,0.024628528689090896,0.01698209631588571,-0.009142411458262565,-0.005447076459196193,0.007857917058687275,0.017609829570940913,0.007478854012457402
2024-07-16,0.0017901574487537537,-0.009828754388532958,-0.01632700322472025,0.01685301288692994,0.007178429971729614,0.0015554679731073517,-0.01292170771598886,-0.014091191984028563,0.015396997777534727,0.06297659422152804
2024-07-17,-0.025621304489551758,-0.013437452779807872,-0.06853526758567727,0.015099378630752088,0.013694235360838011,-0.026724318518412248,-0.05843347384633702,-0.015893344754637356,-0.031919700332288976,0.0435125741932969
2024-07-18,-0.020748621128812438,-0.00712760472567522,0.025934351265467857,-0.03228581138882484,0.009812230540588695,-0.022493376002440963,0.02955936265101721,-0.018566976017655504,0.002933302220995548,-0.015717370239776134
2024-07-19,0.0005796193048453891,-0.007430556074711112,-0.026442714571731016,-0.000952948878219143,-0.023247917979659825,-0.0033798282769946274,0.001973558652587756,-0.00016893102358023186,-0.04107613843938729,0.0017528004775665697
2024-07-22,-0.001561517394994509,0.013249541293738884,0.04647363479860948,0.0023805582272808704,-0.006916225039680384,-0.003172184996925187,0.02200892223405908,0.02232028569083924,0.05018271902171053,-0.012101368862206741
2024-07-23,0.004677461361754141,0.00430293082596118,-0.0077195046337764734,0.00023777466913632394,-0.01626770113043764,0.02092444370758336,0.0026433353237097007,0.0006603080250140428,-0.02060764898795659,-0.006880859891982878
2024-07-24,-0.029175891441415892,-0.03651336357536553,-0.07045644048308014,-0.008307076096163738,0.014009522076332178,-0.03039119500388669,-0.0577448271609515,-0.05170165367528322,-0.13164294360339135,0.009062743638222476
2024-07-25,-0.004816062480520214,-0.024785919260662734,-0.01739334920183426,0.0003834176305905797,0.020823391736393766,-0.005434169444389781,-0.01718682314308157,-0.03148154192703444,0.01953112906763447,-0.0001249192518447618
2024-07-26,0.0021587301442898927,0.016286346347619152,0.0069229047981932785,0.01696367952173098,-0.0008521212151809342,0.014626968944213104,0.026744832791976373,-0.0016751810343885558,-0.0020452089625195087,0.017779614078773726
2024-07-29,0.0012837803839983878,0.0034273022981117993,-0.013087225883588452,-0.006570736444439278,-0.010538455508555937,0.0038282625594168156,2.1506135351659924e-05,0.015036236512793935,0.054450283723543685,-0.005226499291824932
2024-07-30,0.002562697388283347,-0.008968649696230839,-0.07304002489636705,0.020374407019578544,0.017672441882625133,-0.008166388972744573,-0.005425802847680097,0.004472850242598085,-0.04170207944562914,0.01676203423302312
2024-07-31,0.01487953617458846,-0.010864431181259996,0.12055339404512593,-0.01116857345397861,0.0035478266030562087,0.02858958980412218,0.02481949635808949,0.007313593716498137,0.04157282172336867,-0.00029508437627115213
2024-08-01,-0.016892656848242902,-0.0029685281248100124,-0.06907203339331322,-0.02300689977274859,-0.013925703851121126,-0.015685476578311947,0.04712100457303195,-0.004557418963844818,-0.06778709499652093,-0.005900983832015485
2024-08-02,0.0068459905844397645,-0.020882559693781375,-0.017923807106249728,-0.04333778594475672,-0.0005987248009940452,-0.09194763210362274,-0.019475527012810825,-0.024303196398262675,-0.043301714320780345,0.02934994138531936
2024-08-05,-0.04936562890192134,-0.03320202234416512,-0.06568877639937816,-0.02152154731464771,-0.018217587161806104,-0.041839920325843556,-0.02575182732057352,-0.04548051774038492,-0.04324862022379944,-0.03426808319978457
2024-08-06,-0.009796049916924702,0.011223707507638278,0.037131693121694134,0.027529283930676083,-0.005329135013700213,0.005635490449044775,0.03786716855884224,-0.006046485071773169,0.008810602088580683,-0.0028288565178456377
2024-08-07,0.01242076777573001,-0.002957327268024348,-0.05258138123637658,0.00029947717888743306,0.013226756962124962,0.005174089797253657,-0.010518752722771602,0.00409793491942994,-0.04526769292244102,-0.004001978071765047
2024-08-08,0.016496458422253012,0.010635378472877977,0.05946414851771835,0.01809877254511911,0.018924291284090018,0.0184440734555928,0.041486085402083955,0.019254756124527855,0.036255901329012616,0.0002826338015228976
2024-08-09,0.013642437734129192,0.008235222379985465,-0.0020980077503768946,0.008490706857390734,0.008110117676741831,0.0068522199395901024,0.0158462191755506,0.01007064113210628,0.00581690373893266,-0.013297994032455698
2024-08-12,0.007104555157224513,0.0019438887002344212,0.03995475736717387,0.0018932928699615125,0.0012613367483054678,-0.0008389728264874979,-0.0035212610007251473,-0.008467379040460174,-0.012629388585244743,0.011618839025336327
2024-08-13,0.017046978109110288,0.01754387036586478,0.0632650084405513,0.008451459997539493,-0.009626010332632067,0.020354930507755713,0.024108612779878084,0.011456648945538208,0.05103246867853809,0.015708620228955236
2024-08-14,0.0020316651527100722,0.0068602440216231925,0.016566113471988664,0.011000313238122339,0.009205832821997743,-0.0007639034445704183,-0.0033734448427125705,-0.023358023702933575,-0.03152675190710158,0.009411339139155367
2024-08-15,0.0134397116736967,0.011754503051246356,0.03968305527861738,0.0062115332745443655,0.006167329378492163,0.043090966761615855,0.019867494539323956,0.0057824244946164186,0.061436309145650216,-0.00010333007048635315
2024-08-16,0.005901212264584529,-0.00609888717859512,0.013902591589443061,0.011374353476945591,-0.004727777614559782,-0.002988857651035908,-0.018615258927913086,0.01023894502431141,0.00920378250292453,-0.0033353137025836912
2024-08-19,-0.0007082123398142163,0.007285851337431452,0.04258635400121966,0.006893022433152176,0.003041947764894461,0.006530104639669463,0.0035203926962288717,0.022510931389595548,0.0300815962441386,0.0019022436545684444
2024-08-20,0.0027410073983211787,0.007727331069715051,-0.021380741668599833,-0.004325822227323504,-0.033892941522494134,0.0036964682293246748,-0.004829670222439085,0.0030553023106888273,-0.007300267158314731,0.0032258406937928576
2024-08-21,-0.00048572589701869034,-0.0015547615078420228,0.009775105427488938,0.00037296893818997265,-0.006391491872785815,0.006852561474421805,0.0158776680805604,-0.007987316900575738,0.00976670507756732,-0.0044533930360198025
2024-08-22,-0.008293985694969138,-0.020460687700786948,-0.037746249898085296,0.009414871383227741,0.007699716699702189,-0.02234539227075752,-0.006053814900280424,-0.012437706497526183,-0.05813634375381778,0.0011238427149677988
2024-08-23,0.01023547530749256,0.002979647761487223,0.04449380296440854,0.007725241099102308,0.013763498802453979,0.005153271352930898,-0.00741576126041613,0.011050036312067234,0.044835591431516886,0.009955139704606202
2024-08-26,0.0014978367535109045,-0.00794930402047315,-0.022750351893760578,0.003931658736427255,0.021180516695635004,-0.008736614913990125,-0.013115674881611585,0.003255204056836299,-0.032803441227522996,0.004472190648742664
2024-08-27,0.0037345361424810227,0.0008461926047383867,0.014445241297917681,0.004597680629569913,-0.009556347155680406,-0.013654075452589952,-0.003884035435457982,-0.008947064214627026,-0.018939062709292416,0.0003748071980544794
2024-08-28,-0.006776506910527709,-0.007859919435188188,-0.021189372270644637,0.00502868351192165,-0.00990619861628946,-0.013491668231426824,-0.0044792412515199075,-0.011174645570553367,-0.01667672472989858,0.0020240520072312956
2024-08-29,0.014465146123645328,0.006118510227528658,-0.06597795355688367,0.004148751763741617,0.013722695090278429,0.007698580379841969,0.002782771845842882,-0.006592148042808419,0.0025726237078790366,0.005135164128919985
2024-08-30,-0.0034438972173904962,0.009683867712470113,0.015024027978913737,0.011588233598952627,-0.0016096287574057782,0.036396721617948,0.005945013792557132,0.009841551596282305,0.03725544123667223,-0.002318720775339597
2024-09-03,-0.0275821282780787,-0.018631494579707527,-0.10009679485089698,-0.020220824239496477,-0.021165188272013264,-0.012685159527315687,-0.01848924346525955,-0.03754279734679121,-0.016529275820300126,0.014265796295131321
2024-09-04,-0.008656188695740155,-0.001319795184377121,-0.016712974927910643,-0.004412833834048379,-0.012286128781029769,-0.016706139175178974,0.0019131583124771488,-0.005799661688292826,0.040981513663141275,0.00914502435469597
2024-09-05,0.006904029838757788,-0.0012480451936857414,0.009371381787202234,-0.0077810807978194105,-0.007833599436549703,0.025968075788917713,0.008003213550183326,0.005036802305101928,0.047876016035803666,-0.014487725350245131
2024-09-06,-0.007039707223623784,-0.016516977687508108,-0.04171248377384153,-0.024042475259547974,-0.004694181741285884,-0.03722372046282126,-0.03262407671778855,-0.04102337591071709,-0.08824048544582774,0.002331738003427543
2024-09-09,0.0004074640735919906,0.009957652126026222,0.03478618849639929,0.020267542632687326,0.020822190216994926,0.023127387297091972,0.008994441731815907,-0.013425721658091458,0.025949973905266994,-0.004668710761159905
2024-09-10,-0.00362790809586857,0.020685882799572956,0.015193341297442296,-0.05328339921680357,-0.03711176008778553,0.02338469252840609,0.0,-0.0003361737724717621,0.044759273955983725,0.008264194047990007
2024-09-11,0.01151842752389934,0.021117549373384184,0.07834780874254706,0.008091319199507977,-0.009975719353045752,0.02730414417528586,0.013850008725860731,0.016676844267695144,0.008628742512625562,-0.015613123431177217
2024-09-12,0.0004938825789835336,0.009317363356178315,0.018980388129862528,-0.0030447400479385184,0.013668599981703694,0.013350735010507195,0.026548010391619293,0.02308438092232787,0.007337206636805016,-0.0022575177542420526
2024-09-13,-0.0012127431965711709,0.008372296079572458,-0.00033587920159958205,-0.011097157350172056,-0.0007195984166511721,-0.002730969055689944,-0.0018663633481801828,0.017748369696450855,0.0020864851607279924,0.009976965327684958
2024-09-16,-0.02816816852809427,0.001740255443738642,-0.019671678723281752,0.017177395137398258,0.013937530236325416,-0.008616597457795744,0.017326073123083388,0.0038032008576532944,-0.0153589759450266,-0.005214477282102057
2024-09-17,0.0021702266753216653,0.00879423346779895,-0.01024228772157619,0.006664863902875512,0.012957939788606845,0.010705675426824473,0.005684332641341412,0.007940025607972061,0.004794890315022082,-0.019159277750132705
2024-09-18,0.017829881347589237,-0.010023707681031663,-0.01939264921861312,-0.008253821215850742,0.003497154978822337,-0.002410931547252041,0.0030347181338402757,0.003070927108172935,-0.0029445960609886415,0.004643579801642471
2024-09-19,0.03639510459591479,0.018125797207315775,0.03892546366353695,0.014114827682628478,0.012316899992166523,0.018283807518041345,0.03856268751983783,0.014474401709450491,0.07100962175825201,-0.006184482776263558
2024-09-20,-0.002931691555953585,-0.007826452773962858,-0.01599211550065994,0.002893869846945657,-0.006312933732029363,0.009070295653554553,0.004016125982514873,0.00890321228970795,-0.023519752638904136,-0.0035935245723778416
2024-09-23,-0.007609836548524255,-0.004051615218756763,0.002238966322359697,0.0016567844672903988,0.017968914929989935,0.011829538769620484,0.0054362057431858795,-0.010693292631214523,0.048140375327935025,-0.002769248273933639
2024-09-24,0.003966056041949876,-0.010061675759257274,0.03888650839311806,0.0007090929759508285,-0.0026449622959538364,0.00041255068996117736,-0.001915063813345207,0.002714767274795625,0.016935793509053217,0.0030996141078621802
2024-09-25,-0.0044077920185332,0.006826911145217484,0.021606521130754286,-0.006638416927021927,-0.019671057240746487,-0.007400007450933529,0.008801271564282568,-0.004941478623181852,0.010757148762662457,0.0019451293290112372
2024-09-26,0.005067342351876022,-0.0018530023156952448,0.004281921490975103,-0.0019526482343169645,-0.017313680287829612,-0.007141186533660476,-0.0008272010976003665,0.007648895885692306,-0.010953821465680538,-0.002605970174521837
2024-09-27,0.001185933518603447,-0.007657167365269767,-0.021513138333353346,0.003426268603539507,0.02642083238956841,-0.0168284107446147,-0.0008458463701797158,0.007469266766574895,0.024249227064234113,0.012173134226889025
2024-09-30,0.022614364430828277,0.005312670152797718,0.00032945384685833623,0.0017087797924664353,0.012015270133742552,-0.008763077056375612,0.008913947180151623,0.011522300279230728,0.004482044837533062,0.004851939051365149
2024-10-01,-0.029574715251223918,-0.02258627699548313,-0.037246522377538595,-0.018282470277719905,0.022855688291641175,-0.006460997690134298,0.007015500672203381,0.006850187480376783,-0.013894251852425751,-0.0023630845263924983
2024-10-02,0.002516574093651485,-0.008498359252022634,0.015688330830646833,0.0012068164944854353,0.013170644070984542,-0.002000651545077023,-0.006369182239208455,-0.006789913143240793,-0.03550382703625727,0.015328468576609494
2024-10-03,-0.004906718001858156,-0.0014154808314884898,0.03310196395956891,-0.009987514417918366,0.008685080049256735,-0.015270736231762942,0.017238400900801854,0.0,-0.03414806745440706,0.0007426592674789849
2024-10-04,0.004994975294564139,-0.0011530008226340854,0.016709386394095267,0.034878367648748174,0.018188917680740834,0.024697907897679776,0.022347400535616836,0.007208877997280608,0.03839570976808335,-0.002618405660287445
2024-10-07,-0.022788546216971864,-0.015794916940013764,0.022166892712417872,-0.0013740787373781064,0.004316433690280646,-0.031093362659704415,-0.01890433745789865,-0.024725347953339756,-0.03768957599969925,-0.01300700352653193
2024-10-08,0.018236744961556348,0.012544905224485375,0.03968128768327789,-0.0008535633525589502,-0.026920511364700656,0.010563468311108654,0.013773266268622849,0.008553216569930463,0.015124010919583781,-0.0033987784174148747
2024-10-09,0.01656049773203383,0.006609277370647142,-0.0018076260383813859,0.012589414068118174,0.00040971314694280105,0.013319379012842232,-0.00402243274867664,-0.0154490086105212,-0.014210915403026646,0.016439575417396976
2024-10-10,-0.0021806327310848785,-0.0038880852760943287,0.016152308494313056,-0.0027213643094061595,0.008563390909790278,0.00796086049904925,-0.011376617044589437,0.0013582210475821372,-0.009503630132407154,0.010900892226213163
2024-10-11,-0.0065266604838868,0.00115353604045532,-7.414295172611436e-05,0.04344210214256254,0.0038095501279311605,0.01155904643352474,0.010428100019255121,0.007131454134395387,-0.09192353886888906,0.0005852188200515444
2024-10-14,0.016345479919744714,0.0067507992103264915,0.02396856029800029,-0.0036504806260474784,0.0037950273796545815,-0.006802098901968148,0.000796003776684815,0.010481618172154893,0.006224848869363662,0.01221513331367633
2024-10-15,0.010964488832855862,-0.0009548899985789552,-0.04799373574981824,0.00410032135028796,-0.0305223279679402,0.0007995584839864811,-0.007053438035650276,0.003026507256506316,0.0018690482583788197,-0.084599663832686
2024-10-16,-0.008891426736925915,-0.006276437099899719,0.030826910106662823,0.005604976870047011,0.0025725305672596377,-0.0042714734594326426,-0.01630220352945746,-0.0018148421537210711,0.007983687088569507,0.026694860755934358
2024-10-17,0.0015951415232058656,0.0014408914975963948,0.008875811512698098,0.0034816434337935037,-0.002572530567259695,0.003418620886077508,0.00024262523172408567,-0.01359408987017123,-0.0019899714413276278,-0.00933745776467635
2024-10-18,0.012201742249239467,0.003449485168006335,0.007783936568059349,0.00422413482878512,-0.0028290504346895917,0.007755306570388279,-0.0007975856772245546,0.0030029874555196606,-0.0008605378505268966,0.006304727215606894
2024-10-21,0.00627814999523567,0.0014816717494000023,0.04054361255893742,-0.010571659933790533,0.0005831022313910632,0.0004232229251258213,-0.0022752226322455124,0.00396963444037223,-0.008417707909120813,0.0032602241732974145
2024-10-22,-0.002625229539009119,0.02063195004783981,-0.0008353583882615282,0.00500989817303721,0.0051498502644715905,0.0033265052557146266,0.0118395379402911,0.0065004047038813885,-0.004029147285192923,-0.0028214368163548727
2024-10-23,-0.0218601514140219,-0.006830152470504325,-0.028467396044923158,-0.003172903586503081,-0.0035687503896429987,-0.026656796914304174,-0.03198318876890702,-0.014394173905753377,-0.020018310718538105,-0.009202246590205881
2024-10-24,-0.000823625939923417,0.0003060880841351077,0.0060721312579055785,0.007002802144980897,-0.005670176503568867,0.009000562616286057,0.0072294316406289775,-0.0003684512723365486,0.19818699146920774,-0.0068062960036968925
2024-10-25,0.003636415925019152,0.008019967854840623,0.008015632664506103,-0.011938734102611046,-0.000836396738775451,0.00774968161813032,0.009587923301899894,0.015549553325947247,0.032891334056112616,0.006664413180076333
2024-10-28,0.008562672971425022,-0.0036503196196577747,-0.00723248822464238,0.014247312597548478,-0.004949989736830302,0.0029769707636567114,0.008528804972377442,0.008735145601204412,-0.02512824530239814,0.0012038431619158401
2024-10-29,0.0011562712771404301,0.012486649648772764,0.005181472839207372,-0.011596914306488973,-0.013718665594267841,0.01286871001658346,0.02581581866863409,0.017598490286800925,-0.01145548515134625,-0.00551725444058659
2024-10-30,-0.015396018047432859,0.0013418399420045072,-0.013614328493164187,0.006751489003938893,-0.005043156675544728,0.009907234588807736,-0.002497763568809492,0.027781215423882698,-0.007619899978935549,0.0014755879777212776
2024-10-31,-0.018377192191068547,-0.062436894245329576,-0.04837410230040139,-0.01115775203151903,0.0007708517891999571,-0.03339535403553647,-0.04178698044892692,-0.019388792695960614,-0.03035306639591626,0.0027317642940593375
2024-11-01,-0.013368715158445017,0.009844338539194114,0.01969047442405679,0.004585830395475661,-0.01579456438529821,0.060018526321249224,-0.0007402668024920348,0.0010512449653784421,-0.0034882074251496174,0.005405929277254335
2024-11-04,-0.004045639506440184,-0.004665159073919207,0.004789223428680521,-0.014275684611068677,0.03134367081339365,-0.01092182223034851,-0.011491119255914789,-0.01204004623983268,-0.02496977961188894,-0.01739963744447235
2024-11-05,0.0064653415487007475,0.0073177875793907655,0.027976747078599932,0.007750404631710903,0.002946371192914933,0.018822662731709527,0.020740151858116326,0.002950081150938069,0.03480162701711456,0.01646557324197584
2024-11-06,-0.0032724832887087787,0.020971387131199563,0.03993241218284535,0.1092537272144841,0.017003333236748963,0.03733922736991443,-0.0006642389436097201,0.03910958075514428,0.13759466024737685,0.050985438583716944
2024-11-07,0.02114699652397369,0.01241719528604461,0.02220896417441543,-0.044190452409299426,0.0012389895754208236,0.014192148444279072,0.033773466166842535,0.023737299281960354,0.028630012464395397,0.014574236183269274
2024-11-08,-0.0011888362514780944,-0.006816208870606991,-0.008431654418616083,0.002534981357300896,-0.0003304073100781645,-0.008942557238934116,-0.003996477778698508,-0.013366862704512187,0.07869717552417867,0.016966320672859154
2024-11-11,-0.012101517158939552,-0.010778855847281589,-0.01618390385970431,0.009700443325175216,-0.005298332095468087,-0.006457525082191786,-0.01052442235418791,0.011151522613746006,0.08580690404849912,0.015213149212584832
2024-11-12,0.0,0.011937736523986324,0.020644547734824752,0.0011276824366424013,-0.0009966792393766456,0.009958024917575062,0.0028253729952536608,0.007017060592145462,-0.06342678815128278,-0.017065901435638155
2024-11-13,0.00396129963483659,0.005116581798672349,-0.013715568501128726,0.006656693685844425,0.009263224075582284,0.024539669362855586,-0.008276095393466229,-0.015201394817368055,0.005313266949669512,-0.01442020648016052
2024-11-14,0.013676561417135037,0.003966697016630173,0.00334452274814061,0.002939843657468756,0.0006637347691182307,-0.012312812938838414,-0.0049085383281332814,-0.018620344336531758,-0.059448133931949705,-0.021218069310256205
2024-11-15,-0.014209793979990644,-0.028247954167951325,-0.033112570685923215,0.014122368722841953,-0.010422412616526051,-0.04284745921407266,-0.04081037926987977,-0.017755480639523494,0.030196972790488486,-0.0015520137771321645
2024-11-18,0.013332994360030487,0.001829907640943505,-0.012972841607801752,-0.001142059319126906,0.008346602116803655,-0.004501522120521847,0.0005772688058695348,0.016159478620187923,0.054664350493325395,-0.004365985764781091
2024-11-19,0.0011395887601670345,0.00487067912586133,0.04778737867398429,-0.007948905616472213,-0.014062304504816946,0.01432430133148399,0.011994987871554535,0.015958622596075077,0.02120595242401374,-0.021687271190176587
2024-11-20,0.0031490337274675513,-0.0055205140081149425,-0.007647718415685755,-0.0095482095185489,0.014145454354418838,-0.008491035845116046,0.007864131805177508,-0.012087077159513598,-0.01154032611298051,0.03992058729435001
2024-11-21,-0.002098164010935638,-0.004326129713779539,0.005332321832623484,0.016394556281714295,0.013292238316779238,-0.022430287385072762,-0.004306039581452198,-0.0486111831312199,-0.007012172684276001,-0.0050251391385247625
2024-11-22,0.005890135574902158,0.009953580251833386,-0.03271024350147696,0.015365898437745109,-0.0011488785555928737,-0.00637175235688548,-0.007039738644805302,-0.017269318362218306,0.0373345373484672,-0.01114140874194942
2024-11-25,0.012966370936938485,0.00428330072599642,-0.04267303581087694,0.006976197898718255,-0.015056523424409841,0.021728540914003922,0.010620737440136174,0.017388583458531656,-0.040430888534493496,0.02500345190376139
2024-11-26,0.009360529387291922,0.021730211507660867,0.0065948370794716195,-0.0012793830179166337,-0.016811434320716936,0.03132358260823746,0.01480727418230423,0.008730083027415658,-0.001063755153845317,0.0015832633921422324
2024-11-27,-0.0005532952262558315,-0.011751208254068099,-0.011606757841200743,-0.000720333365239421,-0.002631119044744451,-0.010251516694207487,-0.007596051683507933,0.0006502785334611736,-0.015914020837727676,0.00261679479672157
2024-11-29,0.010164053964483975,0.001110491205092667,0.02127370654114112,-0.0002801784225896142,0.0025463127455425463,0.010395828320660513,0.008954951215187218,-0.0016560290926469399,0.03619593916712737,0.0029870881184834303
2024-12-02,0.009477418125383955,0.017602739496480425,0.0027447815745265058,-0.013993093510601334,-0.0009328001185467372,0.01347372166869659,0.03172094785581583,0.014922239434350261,0.03397975234247804,-0.0027569226718052436
2024-12-03,0.012691072584695458,0.0005102308631308251,0.011689326611084686,-0.00582391814328006,-0.0015286944908246719,0.012872961773847143,0.03451719960119609,-0.000875147651346955,-0.016005713052796626,-0.0054211034202472875
2024-12-04,0.0014825074863604628,0.014321780974673999,0.034200977842167635,-0.005817130548185356,-0.02923241899560069,0.021872981158048213,0.00021175108574040448,0.017529580136349733,0.018355288553428408,0.00914448449771328
2024-12-05,0.00012340628273707047,0.011817856918785943,-0.00048237103355753695,0.008509164448822116,0.004365608057199259,0.01089568506430291,-0.00793325513118744,-0.009970972855995661,0.03178623389945424,-0.053502418643186396
2024-12-06,-0.0008232493033495472,0.0021440354135606266,-0.018226669049069347,0.007629462424620244,-0.01059779657066222,0.0289577215747153,0.02407842147372288,0.011919031533021611,0.05202108959673976,-0.05202359450238042
2024-12-09,0.01597295166684451,0.005508141851399943,-0.025814776120378517,-0.014455595931339384,-0.0059168368870063815,-0.004149028072046304,-0.01648737121455699,0.004915884284555889,0.0014634148953150045,0.023644386189776444
2024-12-10,0.004125196716571002,-0.0060494837337090905,-0.027312915117605304,-0.0039040924114182225,-0.0020393483245159513,-0.004654999543156226,0.009327934161978019,0.05437632966192577,0.028328310501358537,0.008118670669646857
2024-12-11,-0.005179438715064517,0.012686237404244804,0.03090847454214619,0.002755002674862365,-0.006678937333385683,0.02293094704166905,0.021342455872442108,0.0537745236754602,0.0576113551148347,-0.05764653760081941
2024-12-12,0.005945936150050901,0.001268656978902078,-0.014242130807284472,-0.008246465826795009,-0.0008938379949557306,-0.005618085452278564,-0.002991799785561231,-0.01776176758440199,-0.01582716714006912,-0.033873891692705875
2024-12-13,0.0006854591615692313,-0.005106889429058768,-0.022755843422417737,-0.006604704238971131,-0.008802790331667242,-0.006616567663893641,-0.016689119872892545,-0.011210737055994627,0.04244899941747966,0.009109888477140535
2024-12-16,0.01165936107652652,0.009612376000436598,-0.016901799807731075,-0.0015016075793522863,-0.021613967602234475,0.023763519526408726,0.0070572982231261695,0.035400091009187264,0.05960057359180242,-0.043147871544686384
2024-12-17,0.00967265630162667,0.006335103268791188,-0.012271892023624522,-0.00510523963591842,-0.004249818063821695,-0.0076711237701660145,-0.007718927726636691,-0.006325308849288528,0.035724138195772255,-0.02638314125673509
2024-12-18,-0.021654567925706178,-0.03828458463795618,-0.011415515737865655,-0.034095479458536845,-0.014830345777932713,-0.047078410933269275,-0.036580519083193035,-0.036583790815612444,-0.08642421525210743,0.028827412525950103
2024-12-19,0.006990182973477677,-0.0008235315771715,0.013636897668975469,0.011180102509140867,-0.008587747652232101,0.012482931876037162,-0.0027165412601105345,0.0005836529407766278,-0.009038042516689774,-0.021174259787600534
2024-12-20,0.018640994426701325,-0.0009842537526570051,0.030298635082894952,0.01972189127541293,0.0034062476500011773,0.007273430311082978,-0.017479588506027054,0.015266760785834303,-0.0352567708528249,0.021994513655839182
2024-12-23,0.003060352990428718,-0.003096852971414379,0.036232395722880506,0.0033194461058675597,0.0040533882109917985,0.0006222471909635992,0.024640321451663557,0.016682563301312386,0.02240426356053564,0.0123401735130518
2024-12-24,0.011412524397138976,0.009330187007487759,0.0039302246608490955,0.01630976623103081,0.0009401564014266682,0.017573311182246015,0.013083990724303649,0.007575383112241282,0.07099116636191981,-0.00047398693225651
2024-12-26,0.0031707796809900615,-0.00278072882732178,-0.002070309525535561,0.0034194159727685895,0.0008454835534777876,-0.00877006267142877,-0.007266150640609155,-0.0026038363165430093,-0.017787254049436575,0.009928798493207058
2024-12-27,-0.01333059760546277,-0.017453122276388223,-0.021088521583209213,-0.008135175336726166,-9.387386468543355e-05,-0.014640913829901727,-0.005884409411916428,-0.014626013014200849,-0.05074526160258332,-0.0022720295852072113
2024-12-30,-0.01335219870688894,-0.013327857900136086,0.003497230778767141,-0.007700449961888231,-0.006784759658474214,-0.011010096307821616,-0.014391089444899622,-0.00791661913747567,-0.03356928885086787,-0.004303500114049025
2024-12-31,-0.007082823666737158,-0.007869299324253738,-0.02354938461416516,0.0016281746835330156,0.016969366302226636,-0.008668295678212696,-0.009738704621251692,-0.010196189147703387,-0.03305021011916344,-0.003827668446778904
2025-01-02,-0.026586160060075692,-0.006951835770878205,0.02949592004542924,0.0012091382055546068,-0.0024198474568232968,0.0037760870596221323,0.0231790360046942,0.0006865526353976165,-0.06274403546918701,-0.0026723383938696142
2025-01-03,-0.002011467786861251,0.011331311650952598,0.0435743586509182,0.01357407390670347,0.00511222086270839,0.017866865271653997,0.008954370874363581,0.012381435460680792,0.07895504556688626,0.016688293498712533
2025-01-06,0.0067163370439658025,0.010573316436923394,0.033756097968553084,-0.004887306085016179,-0.0011132655188706847,0.015139723199454136,0.04142049655335026,0.026142668257899303,0.0014850709586745647,0.0013051384169351274
2025-01-07,-0.011453114152515327,-0.012890931012237986,-0.0641860798536641,0.009586376779297025,0.00933072322207978,-0.02446088330127337,-0.019726579120467623,-0.0070343260219017075,-0.04145067133894483,0.0011284906454437573
2025-01-08,0.002021008618495214,0.005171733825563461,-0.00021418747833265556,-0.00016449280581512323,-0.01687708957084807,9.006065292234922e-05,-0.01167200897136183,-0.007908830475909897,0.0014697002488738569,0.01977412212450931
2025-01-10,-0.02439903884351732,-0.013301807985565137,-0.030434847288904117,-0.013499200565696506,-0.003654011410220217,-0.01446508722386957,0.008381120160249595,-0.009896840941225934,-0.0005065652243020289,-0.007328829695738783
2025-01-13,-0.010398045312126373,-0.004209861086310876,-0.01991587997337843,0.017931551543188245,0.02548441319420943,-0.002194768679336334,-0.012302194802343762,-0.005377954464138354,0.021478195369560783,0.03852316344960484
2025-01-14,-0.004789586640451314,-0.003650120002268814,-0.011095073899767115,0.013260752850168854,0.003926721898929313,-0.0032094484707197966,-0.02341738173220343,-0.007092796996596112,-0.017382638722844804,0.004793334768847208
2025-01-15,0.01948482149103695,0.025275252621263778,0.03343612993800147,0.01952760380426586,0.016182694585350543,0.025346561447878488,0.0377633757422918,0.030583161263578965,0.07731423282838396,-0.0005887410015812662
2025-01-16,-0.04123899879228495,-0.0040664790089509325,-0.01979244486418121,0.007579810975088422,-0.001705328596139893,-0.012117003196939351,-0.009475769769347721,-0.013592259716698819,-0.03420597069137618,-0.06231566944069746
2025-01-17,0.007507065199941147,0.010426470047615584,0.030524404626792276,0.019048886781875555,0.008942936969430701,0.02364641617601076,0.0024020229100081,0.015890820787154068,0.03018125256143425,-0.001626805596683196
2025-01-21,-0.03243634190817683,-0.0012360774086454143,0.022403421203704088,0.014822461872138098,-0.007596390895040731,0.02089205157407654,0.006003815316318896,0.010404887123338558,-0.005713813715474868,0.029439073984433038
2025-01-22,0.005330873929507782,0.04047655315034565,0.04335519758198355,-0.0007226072605110424,-0.017557086099778775,0.018466503377704703,0.011355320918934323,0.0016144070929170783,-0.021355043154943146,-0.010089073476327131
2025-01-23,-0.0007597666927844427,0.0011422111359425374,0.0010194296937427129,0.011762798411354806,0.005644609855523266,0.0017431021503980866,0.020557166460091248,-0.0019679402319262708,-0.006598243859181292,0.019153003834344744
2025-01-24,-0.003942403722869548,-0.005949776460451657,-0.03174431189641363,-0.00418243268978068,-0.013619228173144472,-0.0024241067445138365,0.017197323783471396,0.01120088474066832,-0.014164587635274254,0.005158690217992932
2025-01-27,0.031285743998031273,-0.021625703483907115,-0.18594623672584248,0.003806385073464278,0.013800858057348217,0.002424106744513845,0.018954713371868014,-0.04286159788369338,-0.023466650856007368,0.020464704524405096
2025-01-28,0.0358920507137915,0.028671851020683575,0.08549732233247516,0.004840782336486877,-0.019523239283966775,0.01152955641148476,0.021661479518758308,0.018031602885227795,0.0023640734639690623,-0.001915306880432716
2025-01-29,0.004606120169078599,-0.01094969347026095,-0.04187561123168072,-0.0020987630167503602,0.005814298049483104,-0.004545214548105975,0.0031981166958895677,0.0005630380774956539,-0.02284170549807513,-0.008106664023691272
2025-01-30,-0.0074221766588497716,-0.0638017860301433,0.007650548633454593,0.006170472111935493,0.00824783765472009,-0.01030306500192206,0.015416635269325733,0.02755807286547858,0.028327903495885404,0.013786546593222548
2025-01-31,-0.006714713058157286,0.00016867433434548538,-0.0374349340220019,-0.0034732403852603066,-0.025324730090754467,0.012872778270920829,0.0031681530267757,0.01555996439714037,0.010734640646320742,-0.005661304876537828
2025-02-03,-0.03444229542688905,-0.01002445923520442,-0.028811055786625978,-0.001834664573998494,0.00243070691647594,-0.0010944834258047257,0.011942742478245347,-0.013769392835659588,-0.053090087069197885,0.010433964001512815
2025-02-04,0.020790325663487513,0.0035223392289391647,0.016914111574630936,0.0042263724275965016,0.02644709463548653,0.01935490231141661,0.009603042226369584,0.025270620610451565,0.02198853609615247,-0.004992496139720717
2025-02-05,-0.0014185589597766808,0.0022285864475037904,0.05077483241816475,0.0092500830976316,-0.0007278871252611342,-0.024633742288564034,0.0009651543994941374,-0.07571961300599196,-0.03645352337012321,-0.01039392943706221
2025-02-06,0.003221032282342159,0.006102941050332318,0.030375912493674658,0.023642986640296418,-0.013283948470367804,0.011200132499427723,0.010050449847930439,0.0014103577536028014,-0.01023279935109268,-0.01826488479134012
2025-02-07,-0.024260743875656753,-0.01470534151032637,0.008974175176840966,-0.0039803368507467275,0.004233391370566263,-0.041375225115693685,0.0035471529500451173,-0.03321791642595289,-0.03451714290429038,-0.005694879813572399
2025-02-10,0.0011866867973147088,0.006010039902686568,0.028322793927100964,-0.01740949229758217,0.018921573890549662,0.01726234455405195,0.004022590292650427,0.006078319304697627,-0.030577195209388917,0.011957821501570104
2025-02-11,0.02159692823516533,-0.001893956646295306,-0.0057812795125245005,0.014468066211121169,0.00628830377233979,-0.0016312726853763525,0.003339813537262463,-0.006186325175852737,-0.06547989008634725,0.0010305037599583993
2025-02-12,0.018105177708689794,-0.0058503863120056105,-0.012578952630126927,0.00167158406652278,-0.030548606754957467,-0.016591608211964908,0.007722254539765533,-0.00927009680637921,0.024091057420887543,-0.012286512063082485
2025-02-13,0.01948224854777441,0.0036604346488702437,0.03115507770236104,0.003153664234865812,0.007239702071452101,0.006270442838655877,0.0043744234816926,0.013685174083113007,0.05613428883532556,0.007141598219755838
2025-02-14,0.012630594967861392,-0.005152758502644317,0.02597367913365412,0.0009765634661967177,0.0010167024570670584,-0.007363076447512864,0.011069987715704473,-0.00490079266361204,-0.00028100285016493403,-0.014544792005892053
2025-02-18,-0.0005316274709570028,0.002958151188095946,0.003953279599679705,0.012074687560483284,0.0174013622047418,-0.008916663909923439,-0.027943292293901068,-0.007913288132392117,-0.004873623368530301,-0.0444891096550017
2025-02-19,0.0016348167622983812,0.012445345685597912,-0.0012203107487286792,-0.002503578931578016,0.001451627853969394,-8.819720145894445e-05,-0.017745104433331382,0.008129227559572688,0.018050813649058695,0.02038085462093602
2025-02-20,0.003912790097394392,0.005276765178596917,0.00630062254391456,-0.045608194684184825,0.015294987868783977,-0.016685221316839496,-0.01276994939877429,-0.0038397076942105627,-0.01723217010242546,-0.017011491592450047
2025-02-21,-0.001139670634083971,-0.01921594644985502,-0.04138428677727492,-0.009641500453344564,-0.011765331432286735,-0.028673529284667792,-0.016381923395147477,-0.026908371646165868,-0.04797223327197698,-0.07434983211843815
2025-02-24,0.006292589463524479,-0.010366922754356748,-0.03135742944169091,-0.011035450230635565,0.005226036809571794,-0.018030235415601108,-0.02281707087314008,-0.0022846841378169236,-0.021756545199510743,-0.010561182358555255
2025-02-25,-0.0002428776543699362,-0.015214124467470782,-0.028416629615078307,-0.015190981933249864,-0.013936863957233907,0.0004230045694208501,-0.016037972708518082,-0.02159832410795489,-0.08762494178787733,0.019015553254108142
2025-02-26,-0.027412498442933024,0.004588660213143606,0.03606306439491651,0.0053856325629418125,-0.0024635291509851375,0.00725744971005982,0.02434020412191914,-0.015453432419612799,-0.04043677756749929,-0.014540385371693729
2025-02-27,-0.012812628391607893,-0.01817642015218111,-0.08859155609872982,0.0010040208124067322,0.006283815429128653,-0.02652073681079192,-0.02321522452673659,-0.024793945609641394,-0.030905910133740465,0.010663626566639264
2025-02-28,0.01895114882838302,0.011298085602732997,0.03893256748339041,0.02138729518678501,0.010655673718340673,0.01681666750153127,0.015017827502636125,0.01050839658825514,0.03837459125197188,0.01356633290516898
2025-03-03,-0.015879584903652395,-0.021643622509646333,-0.09094889967224491,-0.015344734312912804,-0.032592112908269744,-0.03479859601476046,-0.01987606162318344,-0.019390524123198277,-0.028844050845269347,-0.016794190510805395
2025-03-04,-0.00886161467129036,0.0003086937038227862,0.016779374349874386,-0.04060304933282923,-0.00204365852665232,-0.005968420431592876,-0.023243354308393006,0.02314189502819324,-0.045311188236941684,0.016057063146675432
2025-03-05,-0.0008056225157174363,0.03143509870891107,0.01123075839094025,0.005101830798720752,-0.01972088197705563,0.022128220043401252,0.025408795609744583,0.012211718903919403,0.025621016692865903,0.0028825356489805215
2025-03-06,-0.0017406185181207748,-0.010351951445150723,-0.05908587863761449,-0.020038181099196438,0.020464433321079823,-0.037456115209580504,-0.04444825454219006,-0.0038799936402657696,-0.05770651942025788,0.024365493420840427
2025-03-07,0.015767586656844947,-0.0090610910485678,0.018991795688078728,-0.017430027846709873,0.012924828194147735,-0.0072509229263983,-0.0036216268152344006,0.008723247241940447,-0.0029651004058366417,0.011740913714266171
2025-03-10,-0.04969413952822101,-0.0340059449174844,-0.05199885786190871,-0.0424088691818677,0.02518026239360373,-0.023922554740530594,-0.04523311147314321,-0.04589522925014988,-0.16754574067757613,-0.02297342555184794
2025-03-11,-0.02962387616166318,0.0007625343672001999,0.016501844852471987,-0.013351992000051998,-0.023896840037959995,0.010482560161564325,0.012827458137528988,-0.01109403867972084,0.037245079838722016,0.012046578787172718
2025-03-12,-0.017633249295556267,0.007384897218583521,0.062294685249707854,-0.005426437263449501,-0.0002748700444701072,0.011631581915007516,0.02260799413048736,0.018542015455993686,0.07319368705023706,-0.010195084035584707
2025-03-13,-0.03422267822985216,-0.011810505089285162,-0.0013834199585296947,-0.011962349097510802,-0.004224113796144504,-0.02546092021137873,-0.04780267483442259,-0.026375375983535582,-0.030323348875332088,0.0008518839439332611
2025-03-14,0.01800745100151966,0.02551840428486006,0.051349506075918684,0.03168775799735059,0.029289922740423815,0.020723473340341268,0.029199251816371563,0.016633895089057493,0.037912677650069934,0.014698787614400447
2025-03-17,0.002386044386517449,0.00036033281692763117,-0.017745041757320636,0.006389631372321664,0.016485307821423684,-0.011227182074080659,-0.004453475482378999,-0.007277642359106003,-0.04906823105490024,0.02099967396133437
2025-03-18,-0.006140242137349673,-0.01341617833387206,-0.03490315686595081,0.004435994151614973,-0.0010554334063144412,-0.015030126840267754,-0.037974556450925796,-0.02228054886339317,-0.05483544563443516,0.009533105615547845
2025-03-19,0.011917875237583938,0.011149648220582103,0.017944239750659657,0.017465815211170032,0.015455458078443212,0.014007778521538292,0.002915065509073525,0.019842975147010503,0.045761190368065426,-0.001191532458364946
2025-03-20,-0.005310320282632644,-0.002530160166574395,0.008557532266213808,-0.00041820186895783417,0.004236728163133909,-0.0030218279679656837,0.0033160966727315794,-0.006673120096854523,0.0016944590202751025,0.01596869352265694
2025-03-21,0.019289508822971636,0.011361165241527749,-0.0070270460654743025,0.010902179386580092,-0.0034572544517897734,0.006442448675219972,0.01734018115339913,0.007283094149115584,0.0513547158131408,0.010796234646074421
2025-03-24,0.011207323573550563,0.0046407934402340955,0.031034323089008616,0.026262986140448346,0.002594026444797763,0.03530037223454001,0.03720277579886829,0.022251917575844212,0.11273547481030481,-0.0006774131360380943
2025-03-25,0.013589228794342463,0.0052776368544547045,-0.005947987191630208,0.01230011537198354,0.0067989167548415524,0.011981521917604297,0.011982668985552374,0.017029811329032824,0.034423463077927825,-0.005961572999454879
2025-03-26,-0.009971390117563473,-0.013220924886847275,-0.05913432079483433,-0.00039824382515796475,0.014306699402599514,-0.022515953159889142,-0.024781258219336827,-0.03277827416981365,-0.05742390273973778,0.009247540447126425
2025-03-27,0.01041827559373815,0.0015628628138508176,-0.02069434936884807,-0.011659982075192475,-0.003218144516510479,0.001142864416179142,-0.013843836447341376,-0.01723223392830635,0.003925268964187628,-0.0047973398659658896
2025-03-28,-0.02694003354278616,-0.03062433599252162,-0.015920741714038286,-0.021468468564975973,-0.0013581055782466065,-0.043855989217514546,-0.0438287674623077,-0.04998364306487356,-0.035704833212183235,0.0006202826754756892
2025-03-31,0.019226538745356993,-0.009042851465469355,-0.011832338692772962,0.010037986167536265,0.010141183080541637,-0.012846835734262254,-0.000659219417550704,0.0020067798880366527,-0.016797411271064034,0.014830359502952145
2025-04-01,0.004760696995733947,0.01795233144834552,0.016199519385009103,-0.006708247884831623,0.0009244854364894236,0.00998885850959942,0.01658745560871678,0.015591686618391963,0.03525624951763979,-0.0012037289191969011
2025-04-02,0.0031314275761356735,-0.00013079819252638595,0.0024481403712954724,0.008825860009297616,-0.0031131337265891857,0.019785262896236874,-0.0035386667132990294,-0.0001910045077213219,0.05189662060946535,0.00015297310128150555
2025-04-03,-0.09701343487620308,-0.023913803294693326,-0.08128114248024199,-0.07223222121382664,-0.05401567017134226,-0.0940813573992858,-0.09385222388247423,-0.041076748357617966,-0.05630172235818194,0.03241986938552578
2025-04-04,-0.07568024497284098,-0.036213783683344,-0.07642284656242293,-0.07778691021615482,-0.07467602493679805,-0.04242073641032032,-0.05190532923182363,-0.03456054459469499,-0.11003572551557192,-0.028890200544851696
2025-04-07,-0.03742591488083676,-0.005517591787538286,0.0346999436663738,0.019590116986802627,-0.01350840655576587,0.024606997782102066,0.022567577463107728,0.007867203128292085,-0.02597878190231111,-0.0006667699435071837
2025-04-08,-0.051101920416750976,-0.009264357058533899,-0.013818873531873348,0.011268055707768614,-0.021305651548647372,-0.026597259717812963,-0.011298521292459406,-0.014067863346318342,-0.05023573100190593,0.05267607324406999
2025-04-09,0.14261752616676604,0.0965247676057286,0.17162069393041088,0.07747497691982208,0.04870984905615283,0.11312358861813517,0.13763471252054985,0.09241605739245289,0.20449058000160142,0.04493588943473966
2025-04-10,-0.04331871119682613,-0.023684634251191463,-0.060947224933162486,-0.03133852429084548,-0.05708063564799383,-0.053085113655140896,-0.06977751816933798,-0.03781772120279855,-0.0755220285780395,0.027113794829309215
2025-04-11,0.03979218842354236,0.01844685225282051,0.03075760220810597,0.03924435693951839,0.03161745156101506,0.019941079422269643,-0.0049912810085314605,0.0278762868444046,-0.0003566259450699316,0.008493335933145092
2025-04-14,0.02181432295472252,-0.0016489950808063717,-0.001985237401284583,-0.006285639514097306,0.0024208845928136956,-0.014987065296594422,-0.022493077588783297,0.012207307825436962,0.00015855643290671638,-0.02091877329077332
2025-04-15,-0.0018782124525660647,-0.005377851474534099,0.013368825843533362,-0.006796944956176186,-0.0028088938781608563,-0.013989329016472998,-0.01891776908803059,-0.017503361233583637,0.006950209565496345,-0.005928316312456635
2025-04-16,-0.039711549127792865,-0.03729284222344867,-0.07119155886989582,-0.015214014147222692,0.010516879435851697,-0.029726389380639047,-0.0375302518486933,-0.01924872895034565,-0.050690742903996715,0.002481425560913402
2025-04-17,0.013853250405553743,-0.010359836095107615,-0.029131122723122637,0.010182721892776957,0.025864655076174338,-0.00991534732389348,-0.001653686954136861,-0.014253572674831523,-0.0007454979855451015,-0.2533406501968281
2025-04-21,-0.019583364231764565,-0.023828481862150735,-0.04617750731374333,-0.012886643733821446,-0.014792668064091435,-0.031126527586896723,-0.034116245193377026,-0.02335869588605532,-0.05918076725792799,-0.0654742102200276
2025-04-22,0.033497787465208734,0.02121471373096469,0.020225378982556348,0.028414652798813552,0.02761700519147051,0.03442328337941731,0.031720400155018126,0.02540741590500851,0.04499438204493094,0.004340172640155207
2025-04-23,0.024040263112388,0.0204268401646701,0.037901410284819616,0.022205904403166107,-0.008624318095215643,0.041953201051518486,0.039179996526702086,0.025293074533903087,0.052271947159751794,0.0018242695279256332
2025-04-24,0.018258556649684416,0.03390150503066673,0.03557782828378565,0.015488827460771704,0.011666700234266593,0.032360982528496264,0.024455037535085773,0.024982996190434044,0.03437870754426389,-0.008706770774955486
2025-04-25,0.00435762671970507,0.01167953606531316,0.042132961442940875,-0.0044654666860156084,-0.0005524989744608666,0.013048475365695443,0.026139462446115515,0.016685723140924726,0.09351849398026,-0.01331149203533279
2025-04-28,0.0041009269569146625,-0.0017623789531737114,-0.02075261562710994,-0.0013558661641325399,0.0005524989744608321,-0.0068492053390797475,0.00450290391161329,-0.008370301382611477,0.0032583903115033577,0.0032432618293964243
2025-04-29,0.005078927436444548,0.007335708257394689,0.0026636287209435196,0.00573957349089162,-0.002488432852718538,-0.0016529240033086564,0.008513242255547834,-0.002805774403442387,0.021284373105168935,-0.025977400408961737
2025-04-30,0.006089082548314729,0.00309138857707487,-0.0009177639988480709,0.0,-0.025516812430428734,-0.01597624814818092,-0.009860099243007197,-0.008527771187469507,-0.03438223363024816,0.005385913330547066
2025-05-01,0.003851392643997796,0.07348606392615331,0.024397036741896447,0.009236891637643772,0.0014190766539039165,0.030860378884021808,0.04140761942018383,0.01562049469591641,-0.005829314402079844,-0.026500122975738227
2025-05-02,-0.038077575248601635,0.022959613092205088,0.02556424074860387,0.022507974042952447,0.0040568444842368715,-0.0011573530932636395,0.04244449126698593,0.016783294580132495,0.02356864125337387,-0.0018984071612858295
2025-05-05,-0.03196390482377563,0.0020426156845589198,-0.005956554248827417,0.00019800019864706612,-0.028071313583444644,-0.019292122294797282,0.0037617035238458967,0.0010968798930714215,-0.024495847170982712,0.012153132828261954
2025-05-06,-0.0019124478912930995,-0.006578705731860101,-0.0024630687579338803,-0.01319245971353123,0.01384764428759383,-0.00721681069789819,-0.0201596310649044,-0.005986020900498838,-0.01767474071206643,-0.02577325021756033
2025-05-07,-0.011450050864054507,9.2311911345899e-05,0.030531374558073913,0.0005615496108670264,-0.0009553704593652216,0.019801632738363693,0.016046197035683486,-0.07536691339853324,0.0031546161942166075,-0.008783663096301837
2025-05-08,0.006298553278077304,0.011061313816464366,0.0026448147092960903,0.01622755754889683,0.01386002143116659,0.01770048072706834,0.0020087220261176377,0.018975740896171385,0.030659773437438274,-0.014190048617428274
2025-05-09,0.0052522561730470926,0.0012771347138463363,-0.006153419559859312,-0.0015397660596855628,0.011622657860471536,0.005089047328858073,-0.009273591275329125,-0.009966341007208963,0.046108194570086934,-0.012816772829692251
2025-05-12,0.061232680331136,0.02371769770301294,0.05300639191595005,0.027168253470699795,0.0170928559562264,0.07760926703827985,0.07624313908986706,0.03669960753059422,0.06528003118679684,-0.004977773989822755
2025-05-13,0.010101034632091492,-0.00026715172174336216,0.05481143911457786,0.011318222549926255,0.0027444803936371477,0.012999853383055317,0.025629413411695067,0.006729652756097397,0.04810492051681205,-0.19586230353737083
2025-05-14,-0.0028217892757707217,0.008424933329915445,0.040794220982518795,0.009949874390417134,-0.008993398712532736,-0.005312830342904736,0.00506308493435212,0.035953393699889986,0.0399319216619113,-0.010881807332409796
2025-05-15,-0.004153047235287477,0.002253580700858679,-0.003775339048011805,0.006940096679528279,0.010089404350732968,-0.024458403999516362,-0.02375716025231296,-0.008562754034733876,-0.01407694599861275,-0.11572759848409858
2025-05-16,-0.0008989878747773597,0.002512640710313931,0.004218607445701615,0.0002617849531590915,-0.0035982175446990375,0.002044981599618388,-0.005513141068527355,0.013509092181212774,0.020670491941373468,0.0620409329007912
2025-05-19,-0.011808533337582812,0.01007525434818192,0.0012546920779612969,-0.010066992500401408,-0.01602564440046856,0.0027687076543830617,0.0001405774923777571,0.0021037449044605263,-0.02280219175263177,0.07894854663480647
2025-05-20,-0.00923883715308381,-0.0015265950974601272,-0.008816539524647058,0.0030155675876636394,-0.014379361882456808,-0.010189475975831261,-0.005213323462612248,-0.015490995403651389,0.005044436283555748,0.017852222798384287
2025-05-21,-0.023329135189360545,-0.0122979351792695,-0.019385842157549956,-0.017618911084866587,-0.012367684348049718,-0.01456138756787949,-0.002514377218527234,0.027547379868563364,-0.027122740878422213,-0.0595795148456612
2025-05-22,-0.0036188503375893435,0.00504722581041065,0.007784422282878386,-0.00141828918058811,-0.006678639632594675,0.009796778074282274,0.0016820881278246296,0.013611175603753453,0.019004252475032086,-0.021046333229116337
2025-05-23,-0.03071097063426496,-0.0103421754559979,-0.011661475557530044,0.00015338507677188022,0.0005824953105907025,-0.010443315729919826,-0.01505211806963614,-0.014145311805724975,-0.004997253689502847,-0.003714694294982473
2025-05-27,0.024983556398390557,0.023077888304662165,0.031562974414774195,0.017414864901270213,0.004744602873628416,0.02471808928544102,0.024044443441592116,0.025955740333611702,0.06709725458197968,-0.001930514289980425
2025-05-28,0.0010483354048508517,-0.007254554533967682,-0.005105197879147071,-0.006808183840663011,-0.013714058991668146,-0.006330074379308311,0.0019597575090979495,-0.0031281599567999467,-0.016644185010272462,0.01048732021472587
2025-05-29,-0.002347813583758254,0.0028820389567138682,0.031973530233375014,0.0033342341469043382,0.005664051807909711,0.004775584008620333,0.0022814609813216484,-0.002905007199313782,0.0042777491260106125,0.00020132169560123597
2025-05-30,0.004491076551497529,0.003655858637175848,-0.029602538151327566,-0.0014004710705303042,-0.0038049938596556357,-0.003360050181079145,0.003775542062371503,-0.0006983557800411314,-0.03396601533337422,0.012465119022267915
2025-06-02,0.00422304755014603,0.0034912670828017084,0.01651345799010261,0.0024968607152730193,0.0073045388280905295,0.007967779780350723,0.03551669556662955,-0.01590574201151991,-0.010941091649071494,0.009264333960453251
2025-06-03,0.007753628371346302,0.002162280790676564,0.02756803483192623,0.0060647353096564445,0.007251720912991303,-0.00455906882030232,-0.006054908305228241,-0.017004577411235264,0.004599945784019605,-0.011552402625617667
2025-06-04,-0.0022162082530769673,0.0019421162964943276,0.004944668689518938,-0.007728576800515366,-0.014556259741081934,0.007361824330479417,0.031151014874619156,0.011190021425886995,-0.03614067809813415,-0.002792637226518921
2025-06-05,-0.010856416731508965,0.008179910169773305,-0.013692475659628582,-0.008628487678496572,-0.004604931427597738,0.003276044436817532,-0.004852160363386255,0.0009516183080557763,-0.15384948606327908,-0.015229559823134557
2025-06-06,0.016265235233562988,0.0057565439831664044,0.012282113869049219,0.01432714318948854,0.023678848218544192,0.0268593707089079,0.018939550827101987,0.032001244374369,0.0360138325066553,0.024639843229342002
2025-06-09,-0.01218645226259795,0.0050259098185064304,0.00640076746753005,0.003793443649556445,0.006690899355579552,0.015840481625608374,-0.00524509504566952,0.01499065329316167,0.04453121583281344,-9.897933166635908e-05
2025-06-10,0.006037678889490072,-0.003878527708841309,0.009281522624728413,0.00694904157985181,0.021208297194214874,0.0028993089092673027,0.011944589199579223,0.014153489836623307,0.05519232015438431,0.0019771043399699983
2025-06-11,-0.0193803061435197,0.003603508580718693,-0.007810938453748301,-0.0016767085020871091,0.01930500692836135,-0.02047379463536856,-0.011829370327077208,-0.00702357625964986,0.0010421025390305668,0.022040430422009403
2025-06-12,0.0021107094022437905,0.01313747140810818,0.015078635267653356,0.0003355899849030364,0.0038349454018014035,0.00018763973740831241,-0.0011244147067064033,-0.00934711737326995,-0.022679683166052338,0.025245303556064105
2025-06-13,-0.01390141153604722,-0.008198597573722955,-0.021117980385975357,-0.012341109792943752,0.02154692660853955,-0.005360427367806205,-0.015244841859530055,-0.005879598074435562,0.019242741328905938,-0.01572751555001394
2025-06-16,0.00997806923497654,0.008762249888579429,0.018977775134110173,0.02021325919917716,0.003205612348047011,0.01868340140955021,0.028568921974744317,0.011951051684704487,0.011674257976472,-0.011825874726518549
2025-06-17,-0.014109826849418127,-0.0022984725861480634,-0.003947360668708717,-0.003111928702202992,0.013423094056023615,-0.0059407894922023025,-0.006988985675513219,-0.004649706209226096,-0.03960360944657592,0.003925087939273739
2025-06-18,0.004793205712486797,0.0045916102545926745,0.009392397697284088,0.016339699506525498,-0.007130651978591149,-0.010764380578029788,-0.0020960646011392425,-0.015060058839991983,0.017857560202303197,-0.00542135158605737
2025-06-20,0.022235476071869577,-0.0059312857551390005,-0.011267468084258936,0.003789023391997322,0.013252221277236067,-0.013405860444963278,-0.019476512857041155,-0.03930378279517355,0.00034155282181088666,-0.017038970643625223
2025-06-23,0.0024845862325690205,0.01785392919372585,0.0022221085511937373,0.011820783215958941,-0.02614527646795878,-0.005835109391705959,0.023435571300431664,-0.008739573126522853,0.07910624722725408,-0.004413481174579491
2025-06-24,-0.005973181188035858,0.008421152289271351,0.025542989761243095,0.010687618864587209,-0.030900374189001444,0.02041663831593163,0.019380589017257917,0.009519261182499296,-0.023827555571310416,0.016295952811092924
2025-06-25,0.00627085632161283,0.004397553030850552,0.04242740276623674,0.009905814832799531,0.0002769629073409352,-0.0036726605052767557,-0.004954748287888709,0.02317485649703389,-0.03868634165630777,-0.01184937449812108
2025-06-26,-0.002782261366145821,0.010467752973181617,0.00459050878320667,0.016375774089050315,0.014838064994658668,0.023911043937020576,0.024269923612610322,0.01661759355146195,-0.005418374727754274,0.0019846547191243362
2025-06-27,0.0003979945789484961,-0.0030401227274794345,0.01745742886484561,-0.005695744588960565,-0.005561393197686584,0.028065998915184062,0.010330857260876947,0.02834850452258087,-0.006621400161764133,0.021219376482809478
2025-06-30,0.02013605979229072,0.002959668187111396,0.0015202656094916523,0.009705171669048766,-0.014550303419623847,-0.017665207343808734,0.00606095999976524,-0.012966607280883015,-0.01861926308527601,0.009209924583214625
2025-07-01,0.01283340638163014,-0.010834317913543303,-0.03013495171069394,0.001723148135476735,0.013269557800725036,0.004865337820140418,-0.0258985529772242,-0.002215440449143996,-0.0548353231730864,0.04441965555013052
2025-07-02,0.021987282881436514,-0.0019529267652533882,0.025440023440004986,0.005460086233491475,0.016433352642806688,-0.002452467458083949,-0.007886649320482447,0.015798047857470632,0.04848766871497916,-0.05865662937081911
2025-07-03,0.005211437084864038,0.015658016819526364,0.013203383786024163,0.018411744262254257,0.010302341116900175,0.015744829251554494,0.007594657767854753,0.004969707431192558,-0.0009508330128998894,0.0032136974955993556
2025-07-07,-0.01700171208706939,-0.0022477122660855987,-0.006927347614395662,-0.013708380620866115,-0.009762287634228508,0.00026851753624536286,-0.0009184258508936781,-0.015379753188254013,-0.07030747928005848,-0.015810567184763823
2025-07-08,0.00028584204423298497,-0.0022125131390817805,0.011060952863149367,-0.03198194813834984,0.027343040072513206,-0.018562963722362966,0.003224444653660982,-0.013840420786285498,0.013080017887538436,0.013051975885577603
2025-07-09,0.0053662683820817954,0.01377846032826156,0.01783985865536264,0.001342997827733495,-0.003421139241215669,0.014392611963869897,0.016664347491790087,0.012878488895307412,-0.006501707849529647,-0.015689476557066515
2025-07-10,0.005996888569178622,-0.004039912377084586,0.007462304828640099,0.017607978610422396,0.009880658146493042,-0.0012589875178302516,-0.007589154542169513,0.005645769069318348,0.046198855706690405,-0.011288005785534364
2025-07-11,-0.005902208401073387,0.0036624647720248406,0.0049845059826317175,-0.004625980151448966,0.004341072759729964,0.01234146308748988,-0.013469531747693289,0.014365549984673681,0.01167844971117151,0.015208783044230184
2025-07-14,-0.012101749648500403,-0.0005963116158512306,-0.005167294757861245,0.006393976754891,-0.01316785742643216,0.0029730809278073135,0.0047412104217983255,0.007574250447592439,0.01075495879659973,-0.011642671791880171
2025-07-15,0.0023461060134709884,0.00555104499717487,0.039614395606997935,-0.007474967698636832,-0.008905391151680434,0.0029201137891530816,-0.014714066378916492,0.0024206094604632584,-0.019500985006087518,-0.02995367821408618
2025-07-16,0.005008724256493555,-0.00039555681279942345,0.003917357282829712,-0.0025509498491778034,-0.006040729810050761,-0.014059063272129654,-0.010585344564823539,0.005315426771943968,0.03444095462458378,0.00267027954360354
2025-07-17,-0.0006664697157571819,0.011953135753057375,0.009466668777072643,0.014173923588222817,-0.005091789852327158,0.003086778258328562,-0.0021362038816777947,0.0033283983068041335,-0.007050661595447646,-0.015226884946196792
2025-07-18,0.005508060298912894,-0.0032297704035930386,-0.0034161614298479494,0.004714372921954862,-0.035459254992925605,0.009999860894734277,0.0040835429814313285,0.00802952633820388,0.031555911584314186,-0.018994220882780667
2025-07-21,0.006137005974840423,1.9661010407750972e-05,-0.005992110159224309,-0.0010303035552533756,0.002594797469810879,0.013921126445029842,0.012263266150648643,0.026870164870149666,-0.003525100711992725,-0.001805894362484884
2025-07-22,0.008995641893247627,-0.009435490517924396,-0.02570983749370646,0.0015796354039255781,0.004524666477070568,-0.008012836242670535,-0.011511020884795053,0.006501663035949317,0.010959828902223289,0.010541618993792844
2025-07-23,-0.001166706650818722,0.0011867793158299464,0.02220264008780086,0.018124005973016277,0.012725034406262287,0.003598354221935051,0.012366351987531584,-0.005818081915067292,0.0013540923687317768,0.025553835888752267
2025-07-24,-0.0018229539227858852,0.009855084104650864,0.017183791372874523,-0.0007080914788523598,0.007792734347423673,0.01711152033504944,0.0017080422174792665,0.010146596748128955,-0.08552542784602518,-0.04879376890443297
2025-07-25,0.0005613455732988572,0.005524198997792547,-0.0013823541396934624,0.006956182267841522,-0.003526386122573901,-0.0034075702705456917,-0.002970219194812888,0.005241914918051709,0.034637201499348805,0.008863123286223335
2025-07-28,0.0007945872262707551,-0.002358187448186649,0.01855864510264024,-0.001139325389039032,0.009376202078678788,0.00581605955069594,0.006921616129536383,-0.0031106859633964292,0.029706848621967902,0.003764108847078036
2025-07-29,-0.013072756763627699,0.0001365410048412786,-0.007040236055244424,-0.0041656670095603305,0.012838900970183635,-0.007675754918146071,-0.02487375422207684,0.01632659314263738,-0.013574889801361277,-0.07754376766137834
2025-07-30,-0.010563550635202222,0.0013063097461027014,0.021197062230718208,0.008681570412341001,-0.008719585250003412,-0.0035559103854630675,-0.00686646620336128,0.003976860620187278,-0.006747506520358081,0.018858029186033635
2025-07-31,-0.0071047515593244985,0.03871544383713945,-0.00784015751888624,-0.011378620454646136,-0.0023262786924568026,0.016886027515609428,0.1066342095650891,-0.023840725649708988,-0.03434052685502853,-0.06394734065512371
2025-08-01,-0.025321452731960625,-0.017757409183642305,-0.02360808283998426,-0.023463752784787094,-0.018077067642055515,-0.08631653211497635,-0.030761633495805775,-0.014539687207710155,-0.018465033347039538,-0.04839543883494865
2025-08-04,0.004781459275903073,0.021760641141602772,0.03551207195474499,0.016757516993164214,-0.020921443683916494,-0.014540622735209995,0.034542802091876296,0.030769898281728103,0.02167142527004271,0.013410095500219496
2025-08-05,-0.0021168857193060897,-0.014839677755221435,-0.009713780471523306,-0.009869702554741814,-0.0012115008577256445,0.009873169687714855,-0.016768440190606363,-0.0018988216546357182,-0.0017476574412364776,0.0407389584147626
2025-08-06,0.049653465367576075,-0.005338691627633824,0.006486298088631934,-6.863742910587896e-05,-0.006830451696279859,0.03926568541504039,0.011110706513638598,0.007267967741308814,0.03560499649944306,-0.021016056107901894
2025-08-07,0.03129862336367004,-0.007840948828233461,0.00749617014752595,-0.015252131556292552,-0.00527160194253072,0.003681789897764909,-0.01324819231112665,0.0021904451135033717,0.007349951735303974,-0.0045264927259741836
2025-08-08,0.04148539226384542,0.002301202090501742,0.010619853644031441,0.0063227301106405145,0.007990675485483618,-0.0019739023688590293,0.009757684198273102,0.0246280800946166,0.02264179762598033,0.025104263628313146
2025-08-11,-0.008372376345528211,-0.0005173797079421338,-0.003509223219586762,0.0027666024984096204,-0.009123945019140378,-0.006261419913672536,-0.004468604995590724,-0.0020873858132390384,0.028057128395424267,0.0058815828082035195
2025-08-12,0.010813739262220462,0.014215180246752826,0.006023892571502235,0.011298002043544053,0.0028306581364236634,0.0007678847964323423,0.03102054967458523,0.011574546877795766,0.005324552775796538,0.03580568413863695
2025-08-13,0.015897409188223566,-0.016498310921669652,-0.008608717349844527,-0.007953615764175729,0.013755905872051647,0.013855775538096454,-0.012636440717654665,-0.006809765824299073,-0.004292710283261014,0.03840139140441102
2025-08-14,-0.0023600172840491777,0.0036430222204388717,0.002365088903671358,0.012416995645537214,-0.002046698604167758,0.028188187008165968,0.0026244510957513876,0.004840742326743626,-0.011260099884090402,-0.0011780722609554901
2025-08-15,-0.005125246266400223,-0.00443112733670534,-0.008662784671288152,-0.012554779213464205,0.0009395332564677136,0.00021645874568753922,0.003955742006142509,0.004719264212390405,-0.015072159502432556,0.11313544001826449
2025-08-18,-0.0030271086609148412,-0.005919248056930784,0.008607885130718085,0.003573656880831703,0.002157560494170403,0.001989132843084511,-0.023007637827178764,-0.0019636855315474802,0.013819862125930686,0.01462866891700158
2025-08-19,-0.0014302831382129908,-0.014276749033120633,-0.03562518250083032,-0.002988502039735791,0.0065377662896407744,-0.015147236228621111,-0.020924547545095932,-0.009529238047808015,-0.017608491717904177,-0.013872510099579837
2025-08-20,-0.01993191516264375,-0.007976380270356328,-0.0013673902756099587,0.005421122457403943,0.01028020926923868,-0.018591996826338653,-0.005015970798854225,-0.01122510029852712,-0.01656474162017639,-0.01456770480284544
2025-08-21,-0.004923337094260738,-0.0012883508182282872,-0.0023974413321251535,-0.002638327136734357,0.006429154861994829,-0.008345349193359648,-0.011595370686595875,0.0021548335972849685,-0.011770166368817137,0.011638285509933675
2025-08-22,0.012636571111288266,0.005912343045197068,0.017055862688769675,0.016232821849506085,0.018593710655636413,0.03057093586711227,0.02100632108332643,0.03124643728955725,0.06031041669933769,0.013327517783541314
2025-08-25,-0.002637850248934095,-0.005872572717918165,0.010173294276644033,-0.004533528819771086,0.004125176166848887,-0.003940606259072855,-0.0019759767623025734,0.011578187517698521,0.019196337227210383,-0.008362332689288727
2025-08-26,0.009420191929208597,-0.004412201053792637,0.010841438539146547,0.01236808335081755,-0.002239826183768186,0.0033724076943096397,0.0010613994178273922,-0.006496190693679346,0.01452187916170169,-0.014637880985530545
2025-08-27,0.005132723136336729,0.00931823158506862,-0.0009357442470731524,0.002375017405813027,0.01123819712424698,0.0017910076284830656,-0.008951244404125317,0.0016399932224074952,-0.005903612812939926,0.011418116412794804
2025-08-28,0.00894079103525418,0.0057065932069966276,-0.007905546767859262,0.005963446754507443,0.005307398845393937,0.010765909591411497,0.0049783816682230034,0.019851825272041074,-0.010408659566889222,-0.005245946007930693
2025-08-29,-0.0018076532753705872,-0.005805262612566875,-0.03381173379975708,0.0011617921936450048,0.008258585359667883,-0.011289768498294606,-0.016660127571371464,0.005982826048849997,-0.0356293206445078,0.024765946944078018
2025-09-02,-0.010479415315868323,-0.00310341311922011,-0.019712979462313325,-0.005722669168439365,0.0034938270595777665,-0.016111647069703763,-0.004871785341704446,-0.007354062202246904,-0.01360034804236362,-0.003459114313417176
2025-09-03,0.03738232170686491,0.0004552817932497732,-0.0009372442279620256,-0.0006342670281575672,-0.024537868966092523,0.00288041832828813,0.0026355741861525833,0.08742922242930973,0.014259073808795026,-0.0029835957010907153
2025-09-04,0.005478258508480344,0.005171140606282077,0.006076933767151556,0.014287721805646634,0.00436892987282571,0.041984146824532165,0.015615808571573667,0.00708498721927684,0.01320230431684188,0.008087230357776733
2025-09-05,-0.00037544004701183827,-0.02586461097900745,-0.02740215622865982,-0.03156404376239261,-0.028608129934337024,-0.01431613896889294,0.005062980150159553,0.011555753189343118,0.035717557533237444,0.01601264995776106
2025-09-08,-0.0075800439522243105,0.006443797395278915,0.007693769707076887,-0.00500608176587374,0.005659970332063341,0.014994810804568525,-0.00019932215071020987,-0.003199455712553877,-0.0127361095766315,0.015292005961253607
2025-09-09,-0.014950592233048619,0.000421430284394124,0.014451488819847015,0.01672468503327434,0.007256339314153619,0.010124998519937195,0.017655236001742857,0.0236041006980416,0.0016441653277190816,0.08287061348766263
2025-09-10,-0.03279128326264767,0.0039247880153606115,0.037753447894249226,0.008990926975841704,0.016581208596486346,-0.033765520828453625,-0.0180806274221957,-0.001921554581710453,0.0023605495234688204,-0.0032820704015161634
2025-09-11,0.014185282152052413,0.0012782645216960395,-0.0008462105389974989,0.016565247942014725,-0.003205144971434901,-0.0016511904499798356,-0.0014373291072825344,0.00500483067090056,0.05868272574299215,0.019504050615341363
2025-09-12,0.017410513088878223,0.017588554017360425,0.0036619809787885797,0.004408345221256717,0.00017825610149223325,-0.007858600093329492,0.006226500147136608,0.0017872820655918233,0.07098109112687562,-0.003115652878996378
2025-09-15,0.011173207622585361,0.010651038921044187,-0.00039376182782509923,0.0064629286138470155,0.0016925790280519523,0.014274139722700788,0.011984566407969924,0.04391357527884553,0.034992045964953526,-0.0069034778087261476
2025-09-16,0.0061072678411055875,-0.0123390602296241,-0.016277980876145105,0.0009384413877837656,0.020526668657701197,0.011257360441086762,0.01852753961085583,-0.0017900463378341341,0.027849686096646824,-0.023588102946765756
2025-09-17,0.0035210509004652986,0.001923308987091985,-0.026597241403402035,0.008245570199266647,0.005305117006283133,-0.010436704109897131,-0.004219497141556134,-0.006511094346190766,0.010006196509857018,0.00537140535556062
2025-09-18,-0.00465544610939042,-0.003082998516371822,0.03434396892143857,0.004736331686826227,-0.011866551054062252,-0.001685208986324988,0.005822746333825859,0.009969037369691014,-0.021384159862326838,-0.020076624096946993
2025-09-19,0.03153063426328445,0.018473175812154664,0.002436745997643716,0.004936040952931695,-0.00979062862115351,0.001080590559717161,-0.0023994664280722745,0.01061679973139421,0.021877209710827277,0.005569516739166481
2025-09-22,0.04219290013168558,-0.006741670095727397,0.03853040216217526,-0.007461356454302913,-0.007116202567009977,-0.016771933038536895,-0.016455222416097693,-0.008634935470949928,0.01892459915165681,0.013599276886541046
2025-09-23,-0.006464126391678221,-0.01019855810911776,-0.028617571377575424,0.0009596373516476083,0.01708235534454431,-0.030871872178262885,-0.01283746893512125,-0.0034510240578151732,-0.019441082441463448,0.018549372423749023
2025-09-24,-0.008367236857623894,0.0018049085202667553,-0.008216168557129732,0.002172072326195457,0.00533894475415452,-0.002267986025112884,0.006938963472809256,-0.018124038096646852,0.03900845039857305,0.011780039626505784
2025-09-25,0.01791156533826258,-0.006134581432704233,0.004060334377331126,9.565539931413667e-05,0.008950735063918778,-0.009398795415484473,-0.015567612075140208,-0.00547747563650642,-0.04480186162620923,-0.017925011902472403
2025-09-26,-0.0055042148040742,0.008699106490814365,0.0028099153155892965,0.008292206523674787,0.014003055590629102,0.007444168873481812,-0.006913930416277708,0.003046738415967134,0.03938961629749567,-0.0042921311322154185
2025-09-29,-0.004040113676564628,0.006120520259241569,0.020331839161166973,-0.0011713919245234059,-0.02592603319244145,0.010815805882780046,-0.0004705735273605162,-0.010151131840795144,0.006360288086303643,0.003191912550824863
2025-09-30,0.0007858087357872592,0.006488934203835655,0.025677811217956793,-0.0008239566032105576,-0.01295341162041211,-0.011771724709007034,-0.012207791300851874,-0.0039001392603908403,0.0034011943142930328,0.00034742585035413937
2025-10-01,0.0032151298202565005,0.003392207882805762,0.0035311424333920476,-0.015076722044174576,-0.0067634807192744825,0.004815990813160187,-0.023476584117074345,0.007376992370799251,0.03260699487618123,0.008650670455195124
2025-10-02,0.006555105475919997,-0.00766830470526582,0.00877364616369359,-0.01022241278801412,-0.006270140419913894,0.008035429408424817,0.013445244182262723,0.003220593823759507,-0.052409624917241146,0.015441431783672629
2025-10-03,0.0034552785601604428,0.003116838323726653,-0.006746299902584282,0.008031475138826127,0.01754666579820156,-0.01312477732054764,-0.02294183364169024,-0.0013847085565151982,-0.014252492909231236,0.018153805244332525
2025-10-06,-0.005167971387568354,0.02145578678755221,-0.011148129310685517,0.002104449370548132,0.00826518946226504,0.006312318256467209,0.007151832988227419,0.020493569861959795,0.05305409919515741,-0.003977923830184095
2025-10-07,-0.0008183388500996244,-0.008721815046370006,-0.0026984529592276167,-0.004830776503950356,0.0005253039319440682,0.003975811225101454,-0.00361157202811533,-0.018823962711457358,-0.04549829949251959,0.013537886141412206
2025-10-08,0.006141440918380204,0.0016589481690558452,0.021756858631033507,-0.01196643131771244,-0.00210273660698157,0.015391813667974614,0.006653126586502596,-0.0046494549737600135,0.012847468714676217,0.017067430591897876
2025-10-09,-0.01570053155599148,-0.004678791333891448,0.018130890013948877,0.004921611514337435,-0.009782724746745672,0.011126943813862119,0.021594502976112075,-0.012712310773075027,-0.007206358713169257,-0.006046603878272259
2025-10-10,-0.03513201331059678,-0.02214234287731204,-0.050099617507457596,-0.015303045496079254,-0.01949631371629932,-0.05121476887040818,-0.03921801348755149,-0.02074942686626368,-0.05195335338705128,-0.036531924736828925
2025-10-13,0.009697244813388845,0.006029293841267811,0.0277825544651176,0.02325750063382461,0.013544593426139902,0.016955828210376053,0.01463779042685272,0.03153852766540364,0.052779538485349636,0.011666614737010115
2025-10-14,0.00044402022615236544,-0.0009343377984267062,-0.04501927478738404,-0.019310568668760512,0.00044535749254892733,-0.016863378479674927,-0.00989928479724481,0.0053104434891352624,-0.01539666493428667,0.00353473873989368
2025-10-15,0.006316514957929752,-0.00027254014670982933,-0.0011114158244270305,0.011879608665396404,-0.006074131999180826,-0.0037966156016826813,0.012480851199708425,0.022479209231112716,0.013674604901329141,0.003383741996922535
2025-10-16,-0.007608847967879364,-0.0035511184547924787,0.010950226124179306,-0.02366750205086559,-0.008728905643021525,-0.005115842622809568,-0.007666375206432122,0.0017115108150660145,-0.014816786729139185,-0.01248234894941419
2025-10-17,0.019370592698148312,0.003843272406871184,0.007725426200566742,-0.0032880390458567164,0.014357680149653305,-0.006689964147498498,0.006788014230305782,0.007290580035335335,0.024331310172500658,-0.00019627693795901222
2025-10-20,0.03868092101339173,0.006230654117871639,-0.0031706593282750787,0.016002350664474377,0.004089965112441048,0.016018234695332655,0.02104848161665333,0.012749076456333632,0.01831477587612344,0.021857028523373
2025-10-21,0.002018888131504994,0.0016821281308762122,-0.008136406510658164,-0.01758318264479671,8.879296762753176e-05,0.025314357693141158,0.0015012852185218224,-0.0240243592293803,-0.01085364312168525,0.002438685326059865
2025-10-22,-0.016576708850049894,0.005547964873942636,-0.004869402639927996,-0.010081229475102095,0.017589057909410635,-0.01854683769726401,0.00019083978282160153,0.004898952511040789,-0.008235365016010689,-0.010676177950513835
2025-10-23,0.0043625258369113535,3.858399568198024e-05,0.01037424620852365,0.0014609744098337425,0.011010603023706095,0.014304177190941961,0.0008041809835501669,0.005507524096584052,0.022547291398770954,-0.0028809358854841984
2025-10-24,0.012404704167094445,0.005841893468855865,0.022258016158518332,0.019833214005043415,-0.0051001385279678575,0.014013300747685163,0.005922404512736598,0.02666825344114232,-0.03457920037137167,0.005671136019793228
2025-10-27,0.022535353479356313,0.014993829501661277,0.027692149273092357,0.012273018568832807,0.004755138149377307,0.012234712914707927,0.016734508905436467,0.03534052978488426,0.042211814191010485,0.009554217297160921
2025-10-28,0.0007065287393462459,0.019654159742433237,0.04861863582365977,0.003970291391725924,-0.007879883422257199,0.009995255600938363,0.0008254451330183155,-0.006707044520457206,0.01781041931942346,0.005069439040906143
2025-10-29,0.002598862988010724,-0.0009597391008330833,0.029457811052411947,0.0004911655410182541,0.0122689605204057,0.00456970894129321,0.00030598781254312623,0.026198884628952937,0.002082342411769511,-0.03479812777227915
2025-10-30,0.006283466664280875,-0.02959053720096553,-0.020248053829069825,0.01278168110500893,-0.015229040877439455,-0.03283904572023767,-0.12030230244089464,0.0248551884875748,-0.047501755655160294,-0.030030408510346204
2025-10-31,-0.00380226296753672,-0.015236447589300659,-0.0019734570078558597,0.005414430516229459,-0.0028814930788920276,0.09152568904562086,-0.027564459107705098,-0.0010309993008497183,0.03671813319553837,-0.009296275277668173
2025-11-03,-0.004894298833628012,-0.0015074686283697196,0.021448370488581326,-0.00570533792129416,-0.005260333481227639,0.039264803615285844,-0.016546892147518498,0.008957331575330699,0.025538450543862383,-0.023011237022636848
2025-11-04,0.0036729963281676823,-0.0052357096217623324,-0.04039308421323307,-0.0003233186146959154,0.003334737732764723,-0.018597025701107325,-0.01642693673302252,-0.022022792752013447,-0.052848572813666,-0.008907466829855966
2025-11-05,0.00037029726863190167,-0.0140386699221063,-0.017669859029216153,0.007826971566643288,-0.0040381925919619035,0.0035233445181079427,0.013663153711260779,0.02410000160374422,0.03930641199562339,-0.009384109904628889
2025-11-06,-0.0013707172835239541,-0.020035292897006292,-0.03720853949792179,0.0055672202006174345,0.007187332589767811,-0.029034574612610754,-0.02711161729408456,0.0015465430394330795,-0.035599264459215095,-0.0190364156754521
2025-11-07,-0.0048305427121975416,-0.0005634072263488708,0.00037213908360064416,0.0025172823009005554,0.023477582377763172,0.005621146751201347,0.00446541349512957,-0.021009353464985905,-0.03744886561150212,0.008207418665776917
2025-11-10,0.004538380514148896,0.018308873913350867,0.05631657163129625,0.0084932877065295,0.008494851508708481,0.0161931675138767,0.01603582336126944,0.03962339416297694,0.03592274671529928,-0.008145252157121021
2025-11-11,0.021371148071028613,0.00528243164540753,-0.030037238330691364,-0.004015781751829851,0.013109380289756428,0.0028141212824006312,-0.007435430272008366,0.004162421740235615,-0.01268032095842644,0.01808922316159014
2025-11-12,-0.006487862890758322,0.0048244518503963866,0.003307868914437253,0.015062455972788737,-0.013955651889007582,-0.01986689759076167,-0.029239448183971926,-0.01591690460661754,-0.020731107188327342,0.03484152656301016
2025-11-13,-0.001903213145158224,-0.015477043445896822,-0.03646714782519775,-0.03470788939433828,0.005656214702050989,-0.027483132611142096,0.0014439733950654045,-0.02880180946216908,-0.06875241071018368,-0.019477099544281114
2025-11-14,-0.001980466546235507,0.013597141351495137,0.01755882995992245,-0.01914958084439406,0.01290882784237004,-0.01223891180071706,-0.0007053094271526698,-0.00778403046328704,0.005853666241942873,-0.0325832408796129
2025-11-17,-0.018338285065585238,-0.005286647438276812,-0.018951161366741732,-0.01072895171512671,-0.013588465139150326,-0.007785167790615942,-0.012299245682110145,0.03067391684273961,0.011238716089416035,-0.004172028642850172
2025-11-18,-7.464947758260898e-05,-0.027366657918495088,-0.028483265509903405,-0.003201193006381742,0.011406449342957444,-0.045328527802621185,-0.007201905599082073,-0.002599581492137089,-0.01893489628165649,-0.021890107126325435
2025-11-19,0.0041789849317348,-0.01359982200959675,0.02805438362998455,0.01280967288211797,-0.014214623563476834,0.0006288715862684946,-0.012407478620558528,0.029564244995286055,0.006805426562391663,-0.014422040872633983
2025-11-20,-0.008638554808404069,-0.016130733570459205,-0.03203230513479911,-0.016255652246928997,-0.002816082275379303,-0.025238376767976148,-0.0019837813393590747,-0.011541314157416221,-0.021922199285516537,0.007895357478332267
2025-11-21,0.01948948732721377,-0.013276759568626431,-0.009790873441003703,-0.0012073146958899105,0.0005126291858507713,0.01621670892983362,0.00861911592427883,0.0346659328985,-0.010530198558583292,0.026699360001261652
2025-11-24,0.016185769721398423,0.003974214213768214,0.020308938810314977,-6.698885365101652e-05,-0.009525908954966125,0.025014152157624068,0.03114637681647499,0.061225036623522563,0.0660172720981127,-0.0028794630295931843
2025-11-25,0.0037982730766835957,0.006288079705412228,-0.026252354221238554,0.016639313176714444,-0.012669417952667026,0.01487032297548011,0.03709796532482305,0.015140053542090788,0.003870128654219355,0.02240819006427676
2025-11-26,0.0020917682533082623,0.017683802879553616,0.013628437947211431,0.015197488830821964,0.0022679805106313616,-0.0022230225348219158,-0.004110762297199058,-0.010848796659713516,0.016974787220379935,0.01045755120609351
2025-11-28,0.004672971434540764,0.01331982147428266,-0.01825050237722547,0.01752837065397771,0.009970152936800564,0.01756175380535844,0.022379901030830283,0.0007186114161668127,0.008380619474776033,0.00018197302722688228
2025-12-01,0.0151262172065036,-0.010769020544935939,0.016362629615955304,-0.013376274246441593,0.006106252622360574,0.002825964858582112,-0.010986827308280302,-0.016659943756855197,-6.97394621241348e-05,-0.020093267326200048
2025-12-02,0.010855696011275954,0.006675349732992619,0.008522861496818633,-0.003372289131460661,-0.010775506925025739,0.0023061862991379644,0.009674067814705688,0.0029172315250621268,-0.0020945908399217085,0.004106579399145448
2025-12-03,-0.007153684504557431,-0.025359684307076167,-0.010358750886118864,0.01370975547657274,0.020757259421658066,-0.008740386717129234,-0.011657743339014325,0.012023279909851093,0.039960567737700375,0.04568351035945357
2025-12-04,-0.012215789741831256,0.006488812662661286,0.020939759460909875,0.012638696819760634,-0.005618511136689717,-0.014171743534491207,0.033712345521616956,-0.006308275516298442,0.017287167308555625,-0.018479427502715202
2025-12-05,-0.00686355564689062,0.004813305577848631,-0.005303645265539134,-0.003359027746561974,-0.005135119411031204,0.0018314943611840917,0.017813833594919608,0.01142603526634251,0.0010335035967348669,-0.0077663724614811785
2025-12-08,-0.003197540392983899,0.016137024080980087,0.017067539740813674,0.0005395111499937944,-0.004816882149223226,-0.011568418747626617,-0.009879081056581996,-0.023126917990400276,-0.03447772390855956,-0.015575467930604716
2025-12-09,-0.0025583326534953568,0.002034460923044121,-0.0031307726339145528,-0.04775790962736907,0.01938327842687224,0.004529366309921425,-0.014866985162616196,0.010653108541316977,0.012636566806914386,-6.183994285935488e-05
2025-12-10,0.005755873046479309,-0.027737782748785963,-0.006454273212194532,0.0314458964768887,0.010850017200146398,0.016793958483706913,-0.01045084399994186,0.009822969952304814,0.014008389943790958,0.01463285667437969
2025-12-11,-0.0026938721785778564,0.010207698642583593,-0.015629252452978915,0.023172725367381627,0.0,-0.006492686132941979,0.003960671315716565,-0.02459662283700412,-0.010152139695978377,0.025140446140645954
2025-12-12,0.0008988005844432756,-0.010270345009627218,-0.03320988405610645,0.003585424751679636,-0.006041302635185232,-0.017920589673159203,-0.013077129469912597,-0.01010102101900865,0.026650529578487583,0.0150612618420295
2025-12-15,-0.015098408555415868,-0.007783100806013461,0.0072300846298920425,0.004698244603120113,-0.008961027346852887,-0.016268534273204432,0.0058936797766686415,-0.0034656155304002914,0.03500417593015653,-0.002167046125657971
2025-12-16,0.0018224664254049999,0.0033010826256549314,0.008078970801869827,-0.01406632978980297,-0.02650307069549163,8.98866451848032e-05,0.014778109019416348,-0.005367608597818877,0.03019325551468915,-0.02043599145717302
2025-12-17,-0.010138247658845124,-0.0005669788742274988,-0.03889667710610827,-0.0018079787857562713,0.023526513015126687,-0.005813022613826454,-0.011709520323177205,-0.03265726081512035,-0.04727460429487326,-0.007719768198509468
2025-12-18,0.001286746577224654,0.016373686322175084,0.01854689154035358,-0.006305930867998783,-0.007437525815392453,0.024508470639878127,0.022756733885575087,0.019160124141452444,0.03389652701091261,-0.010579574228722204
2025-12-19,0.005422681951884745,0.00400041265745044,0.0385822323928654,0.013360748689700244,0.0012862209717962583,0.0025985418858299946,-0.008585132748912054,0.01541980802173458,-0.0044993863680713635,-0.0021965956423437858
2025-12-22,-0.009914939859583293,-0.002060026788581246,0.014807802897141563,0.01836689313213553,0.012434193075451341,0.004739078487121393,0.004135553565664006,0.008493528645663396,0.015527202757109204,-0.006926374621693716
2025-12-23,0.005116600880012278,0.00397214761063837,0.029607952574700207,0.008751697900545733,0.010691657585559485,0.016110849706755952,0.005186771874033061,0.01464463828401981,-0.006507353223946919,-0.0011078555507387446
2025-12-24,0.005309660095674185,0.002400221534646221,-0.003176142656346988,0.009891810050312826,-0.0016762127513247106,0.0010333484556670999,0.00391747403462239,-0.00082738698265557,-0.0003295782832779731,0.008522790176358944
2025-12-26,-0.0014985148401437073,-0.0006353561311843441,0.010128284734973564,-0.0038350969581531147,-0.0009230316568663706,0.0006022774408405259,-0.006401942101222528,-0.0018483374733360757,-0.021258551524587485,0.01289040610460589
2025-12-29,0.0013160418504418513,-0.0012515348656507654,-0.012198192178212625,-0.012767631944483378,0.011851222375090287,-0.001937179352692427,-0.006959267343993393,0.0001594455042328586,-0.03327112293491262,-0.008747302073594585
2025-12-30,-0.002487138437606135,0.0007798461292190305,-0.0036193198928964683,-0.001019821077378492,0.0038092054556116265,0.0019801618568183687,0.010961574488480381,0.000924497119140346,-0.01139973602177475,0.009741285106794242
2025-12-31,-0.004477584501558454,-0.007949807912633325,-0.005560883274468545,-0.003717240984522652,-0.0053868199437987815,-0.007381025988312501,-0.008838469437340053,-0.002712013930594704,-0.0104187006411069,-0.006190787460729715
2026-01-02,-0.0031314907649584198,-0.022330964886835367,0.012521810833682744,0.01006647108593755,0.019013773407409906,-0.01889327280046985,-0.014773282949542107,0.006845562700986246,-0.02624643791802105,0.018874973930616084
2026-01-05,-0.013933739398968666,-0.00019031417583016398,-0.003872991969811118,0.02595965204540983,0.021854801911332558,0.028550975746587545,0.012801938058977794,0.004400966434874054,0.03057312274344065,0.01656830871734297
2026-01-06,-0.018504426184870557,0.01189892113605505,-0.004688805860122811,0.00620554488358313,-0.03498594274515418,0.033210483799024845,0.00277393819506747,-0.006974520860365621,-0.04230652917497186,0.020116707428203044
2026-01-07,-0.007767587254826069,0.010312111434744248,0.009937556278234288,-0.023036113384685624,-0.02137515097677845,0.0026114748641676943,-0.01822383661849573,0.024014222089048562,-0.003586402728205757,-0.021052692585555522
2026-01-08,-0.004967410582383972,-0.011148447616020766,-0.02175679022132189,0.008526606258458363,0.03662391068370733,0.01939179681615764,-0.004062547750147667,0.010688691223534988,0.010124471981728621,0.014959214251761515
2026-01-09,0.0012730781005779077,0.0024441728912703835,-0.0009733096453260929,-0.0018209993893160631,0.01373643012012579,0.004415959535942419,0.01077665023750994,0.009571837743600703,0.02091338126870214,-0.008308919070911554
2026-01-12,0.0033871684089656568,-0.004391217865887232,0.00043270820192001583,-0.014380347466553112,-0.004665432964719216,-0.0036853485099490966,-0.017127527812730442,0.009963142793824693,0.00883700211279967,-0.010138926764598656
2026-01-13,0.003069160037768495,-0.013736507182654508,0.004693209374154674,-0.04278342356899576,0.020034984900475415,-0.015826265506308397,-0.01709294557748412,0.012308823372590035,-0.003927828743923437,-0.019513277351791425
2026-01-14,-0.004184200562639289,-0.02427942109519256,-0.014473845297566582,-0.009793751259905982,0.028513182759828132,-0.024831791107773515,-0.024981077684351052,-0.0003870776518356573,-0.018051031148363036,0.0030797798221156585
2026-01-15,-0.0067546064536927915,-0.005938635536979807,0.0211251888846915,0.004504793022612319,-0.00825195087114772,0.006444429028140061,0.008541482039797271,-0.009153269872939145,-0.0014354670972459708,0.01187096202891546
2026-01-16,-0.01043328271118352,0.0069829161120922465,-0.004393569228210795,0.01032607894635446,0.005868228684290708,0.003938837966679267,-0.0008863310845809698,-0.008388899556791845,-0.0024427450941923528,-0.02370324856934358
2026-01-20,-0.03516681140302266,-0.011680223052395683,-0.04480571352822744,-0.03163414819950337,0.004378845749724547,-0.03454778703396358,-0.026349733663020885,-0.02454108763585905,-0.042609305094350874,0.022138436576973283
2026-01-21,0.0038434513252299496,-0.023169670533137062,0.029056623452312275,-0.0023147430832682497,0.023858441558572772,0.0013410811217221105,0.01452686023188949,0.01961992178812403,0.02866105598439217,0.02716656918108295
2026-01-22,0.002822574664753265,0.015705520178247077,0.008257212491436692,0.005250256375453734,0.0002245210044779861,0.013014244969160121,0.05501978292985349,0.006556218203448959,0.040695858938020815,0.019139939638131983
2026-01-23,-0.0012490498169329728,0.032300585451473816,0.015194520290977908,-0.019656330235491997,0.009902796512661561,0.020359762712410228,0.017039807335167065,-0.007927574580847759,-0.0006678119583802994,0.005037110432526288
2026-01-26,0.029280096957102087,0.009249904782276927,-0.006414700713591816,0.011089756398072094,-0.0009637315253828699,-0.0030989827151846525,0.020434481253087985,0.016122850940925554,-0.03135078007637384,-0.013052945943014932
2026-01-27,0.011135311634926056,0.02166550821931283,0.010933722693939045,-0.0024279625603488807,0.014650536421730606,0.02591738783059459,0.0009068913588675953,0.003863308730187143,-0.009929693133760457,-0.21822166255479078
2026-01-28,-0.007110624097650485,0.0021824219748765978,0.015788180324216493,0.0015304477762258923,0.005466243996482615,-0.00684863228798761,-0.006320410222100932,0.004354659328152262,0.0012987560805733547,0.03926153103421185
2026-01-29,0.007149452337149825,-0.10528434928615048,0.0051558106250884595,0.0186110134055129,0.02107308465659703,-0.005281189009015846,0.09898350615029354,0.0066442638710852405,-0.0351442835440217,-0.005901239726747121
2026-01-30,0.004635398415236556,-0.007432400683403792,-0.007194235238293908,-0.0017311372082860605,0.006314068652468152,-0.010103375476311564,-0.029985563188647524,-0.0007393398956330136,0.032707748293060876,-0.018508302521279028
2026-02-02,0.039779460893500804,-0.01621288172015588,-0.029306123614050272,0.007328600953698427,-0.021444653855962153,0.015178840703943746,-0.014182511319568216,0.01669423375409795,-0.02018328139266714,-0.004680964580767851
2026-02-03,-0.001964837922112354,-0.029142520112481862,-0.028803825223368506,0.021542138345198095,0.03778852795087111,-0.01802454038618342,-0.021043427681574568,-0.011647856167536927,0.00035553266889641583,-0.00494947398992357
2026-02-04,0.025680287047938025,0.007220868463188697,-0.03469726658767911,0.007656813482897179,0.026501530391370196,-0.02387675021837666,-0.03338312330932552,-0.01982967057375864,-0.038532688670109685,-0.02949682237560139
2026-02-05,-0.0020997961220096443,-0.0508118658368591,-0.0133501220397345,-0.022664883328897042,-0.01028370169097824,-0.04521487700574901,0.0018219938622909511,-0.00538927445825068,-0.02191272731756527,-0.027073823387137545
2026-02-06,0.00797784107081465,0.018797518997179397,0.07577304156935682,0.03870475774615286,0.02012744296701554,-0.057150465515023806,-0.013141606918423851,-0.02565457393930337,0.03439569638292661,0.029715989315974807
2026-02-09,-0.011729000497211482,0.030588820346685523,0.024664984785234986,-0.0009309078897587004,0.014387834779096477,-0.007636568568798812,0.02354657289088363,0.004511976127782775,0.014992548192064116,-0.0034398475024180466
2026-02-10,-0.003428831498793266,-0.0007982280148395168,-0.007924370677356948,-0.011930662750366815,0.0025098060882388054,-0.008468076358810299,-0.009644478696859545,-0.017857175162165135,0.018729813289406434,-0.009035896653386465
2026-02-11,0.006628103245317512,-0.021770891178542195,0.00797702503371531,-0.023717540387654817,0.025852022544017222,-0.01401348751238724,-0.0030310693655162288,-0.024209280312032656,0.007170667714086594,0.020611827048573707
2026-02-12,-0.05127407257936166,-0.006276264375390111,-0.016499430880248904,-0.026669835860967567,-0.030219814778677162,-0.022196688349696986,-0.028640550214027307,-0.006323030622704307,-0.026499721174377204,0.019386961501305054
2026-02-13,-0.022995839415095466,-0.001294823159871587,-0.02234034990641119,-0.00029753461935999966,-0.009920278748112988,-0.004066437083335938,-0.015571327214771068,-0.010671594913670299,0.0008867362574486323,0.030544596866133988
2026-02-17,0.03117681438621338,-0.011175591191809244,0.011746261049877795,0.015024590848798631,-0.0153409683337807,0.011801910679928636,-0.0007505209541119311,-0.012176512355151718,-0.016448249621048336,-0.014082772862260794
2026-02-18,0.0017795532383034164,0.006880453544403101,0.016141838338721674,0.005357871770775795,0.030251149329743966,0.017934163011373634,0.006128581884773992,0.004328154695212355,0.001678940551719039,-0.0030832460001958524
2026-02-19,-0.014364224365880748,-0.0005770287920214309,-0.0004256277036358056,-0.0023670305321947045,0.001922828948887176,0.0003417909236829623,0.0024224061806033905,-0.0015836689050871284,0.000947679089765262,0.005984737252492093
2026-02-20,0.015233823534795543,-0.0030916176909677397,0.010166442233303357,0.008855479136574062,-0.02474565518820732,0.025304384018124338,0.01673323408663877,0.03927149905384939,0.0002671812076260135,0.0002413935813510143
2026-02-23,0.00602904668779855,-0.03264977069912112,0.009072602696341523,-0.04313195799520826,0.023353659315183233,-0.023304999462925406,-0.028480283268426505,-0.011141943938339317,-0.02954695527872473,-0.0267688929725557
2026-02-24,0.022144036649487702,0.011713641833520843,0.00676381203940997,-0.0012438296284315005,-0.009999492420500545,0.015900551376285547,0.003211746552263668,-0.001895820979512424,0.023604408796446652,-0.030166363176369525
2026-02-25,0.007650520846136862,0.029384055394936336,0.013954458115647371,0.019980716469079444,-0.001340756270684215,0.009923754371216356,0.022259315138828957,0.006412254767255281,0.01940114803767631,0.036732577128120225
2026-02-26,-0.0046786052410885525,0.002791917205408831,-0.05610616371498543,0.009287483425649617,-0.0034947335349735003,-0.012997130763748655,0.005066097189523062,-0.017798762809532465,-0.021357279325286554,0.008618608877106443
2026-02-27,-0.032657957379533524,-0.02260753692228252,-0.04253841115102456,-0.019227938861463983,0.026310423318732075,0.009954149190768667,-0.013530886153766148,0.014148866989350384,-0.014967735162802965,0.02279673463970227
2026-03-02,0.002041924719824955,0.01468509769894799,0.029417965049183585,-0.009166031826472012,0.01121555989890425,-0.007696209563361218,0.008265910075498125,-0.016950742877400962,0.002010344152525457,0.005644487073961535
2026-03-03,-0.0036708976244395467,0.013408647831676312,-0.013406031910892074,0.00903284313298966,-0.01561867207347566,0.0016302091348675868,0.0023230854579415765,-0.009637871137742905,-0.027372150980348144,-0.019584991312847213
2026-03-04,-0.004674468498819032,0.003139220615922468,0.01647012436394315,-0.002901611774074465,-0.0133268699024581,0.03802601972435073,0.019126483335465395,-0.0014832666350016398,0.03384721273919843,0.009463733764526774
2026-03-05,-0.008530831338801404,0.013433508696627289,0.0016376569434080994,-0.01969920234007789,0.0062545409844556475,0.009730180814114253,-0.010780750218416239,-0.0074503274355435314,-0.00096123102727329,-0.010986337267067586
2026-03-06,-0.01093213459894777,-0.004196959457124567,-0.030570547947451978,-0.01396170454436624,0.002980493788588297,-0.026520103831069775,-0.024069923175256292,-0.007874587110925608,-0.02198816416611494,-0.007961691587671925
2026-03-09,0.009355669414157603,0.001099767241845775,0.026799927974745296,0.0015189002047436512,-0.005105314659222981,0.0013123918981728527,0.0039156834447055516,0.026627573258840187,0.004903095477786746,0.0031610330047003045
2026-03-10,0.003648874557014285,-0.00895519345973096,0.011540132553405798,-0.004113092137313458,-0.015474010066328382,0.003926872997654284,0.010265555471366521,0.002217256954955653,0.0014036436297643494,-0.00997360429836578
2026-03-11,-7.670972662595488e-05,-0.002171161078240015,0.0068501971802928125,-0.004199734075961804,0.023023178173022348,-0.007869298894721337,0.0012070636730406865,0.005391957579841923,0.02126320318819362,0.010254039872821108
2026-03-12,-0.0195526595655038,-0.007486996517855703,-0.015657017582739324,-0.016234141178046287,0.012782485243646462,-0.014780671622370333,-0.025801047858578785,-0.016823743285437443,-0.031914812787204434,-0.029168030323464728
2026-03-13,-0.02229865363447962,-0.015826551578986114,-0.01590614903148685,0.001942306825587805,0.016728864258597403,-0.008916648837354262,-0.03909800723548689,-0.0041925494222189,-0.009692136394107657,0.018028192859287317
2026-03-16,0.010737011185857437,0.011062368643045354,0.01634289655954095,0.009550584461822866,0.007084805093974457,0.019408860320450153,0.02299736633433219,0.010792430673513667,0.011083506865035645,0.011980780137389764
2026-03-17,0.005561553592463054,-0.0013511210133194,-0.007065700712188807,0.0025478674235575463,0.009998837457253388,0.016208681248397017,-0.007663393274436528,0.017389521764320726,0.00933537602077204,0.0072593739671931775
2026-03-18,-0.017018440434935896,-0.019262435829129988,-0.008445360648967679,0.0029583516932415376,-0.007711805819411821,-0.02507954596315967,-0.011273233148284706,-0.010442915185014242,-0.016388196671314647,-0.011330839283876582
2026-03-19,-0.003928637969992818,-0.007095289098823652,-0.010251940462499028,0.0007989451438162021,0.0036104863482625802,-0.0053030276815244914,-0.014692904057745948,-0.001821659411311911,-0.03228927274343446,-0.013775668853406456
2026-03-20,-0.0039038546496206693,-0.01855045253982266,-0.03336870520646045,-0.004908211151035378,0.009501986578669465,-0.016372033885598155,-0.02172771740000326,-0.02016085311090813,-0.032986169449252166,-0.017445514674974905
2026-03-23,0.014014812591042392,0.0029547673243715392,0.016880501264273443,0.011622475968344073,0.009102355265814457,0.022960765779813284,0.01736678392254706,0.003515474619599001,0.03443139945829688,-0.022197501226467985
2026-03-24,0.0005962460475602484,-0.027153937768180758,-0.0025083307357880963,0.008552216779579985,0.026034339639715246,-0.013896403903249794,-0.018614073048194207,-0.03922867113558763,0.005707699063017406,0.010114097409651874
2026-03-25,0.0038868788463975487,-0.004571152690792659,0.019668337891847958,0.010275454764177187,-0.012901866702527727,0.02133987694053351,0.0033170736732061044,0.001685596671163304,0.007594547116542637,-0.00637405836377967
2026-03-26,0.0010682625170895263,-0.013758534009891197,-0.0425303080215932,-0.01280937241443384,0.01320408920114136,-0.019893385566031804,-0.08294109895877108,-0.03501266341009786,-0.036518388902705916,-0.009283305871307535
2026-03-27,-0.016305280196262602,-0.02546012506735926,-0.021963413780231762,-0.030707409764835016,0.033056966529054474,-0.04031216865924322,-0.04066678726205274,-0.023701747101302656,-0.0280150189690427,-0.03426829317254603
2026-03-30,-0.008760109701824332,0.00611966014484149,-0.01412747193455417,0.003282672939755061,0.002803230649256805,0.008044214540419325,0.02007426140964033,-0.003066625853971971,-0.018268243604687585,0.010637507318007097
2026-03-31,0.02861786495948073,0.030751447801748214,0.05437625561333066,0.03595979399902107,-0.010611848632389785,0.035779229656415903,0.06452330162265603,0.05012990705870468,0.045315377792307994,0.03306200986340935
2026-04-01,0.007223978636376895,-0.0021635289281511007,0.00771105353121578,0.004138821976746752,-0.05375943595158966,0.0109828388282875,0.012333430331749967,0.03361296174041603,0.02525999735964806,0.012450387340620274
2026-04-02,0.0011338123573076417,0.01101201335750153,0.009288088228185538,-0.0026441735436960176,-0.0005599779366503515,-0.0038064614152036554,-0.008269132622956196,-0.005462337645962499,-0.05574001402961767,0.0119006197974689
2026-04-06,0.01142239161475063,-0.0015542218182786648,0.0014083382738375788,0.007985826785513652,0.016540487375283897,0.01429401955243689,-0.0025098367236974298,0.014166973229900738,-0.021783536042954785,0.014679202384955464
2026-04-07,-0.020923456036972127,-0.0015835039189674074,0.0025862058206754654,0.006578412169908947,0.003300037138635307,0.0045949583469463715,0.0035362963950763718,0.01806970063372021,-0.017642424845982326,0.08958789187694624
2026-04-08,0.02107802518992581,0.0054646202714657,0.02210099101794525,0.03492429647888253,-0.04805230104502939,0.034392593210598475,0.06296131492105914,0.0380919413630264,-0.009856563133277247,-0.005703100273765875
2026-04-09,0.006122567123347408,-0.003371654917970858,0.010000334200718077,0.007633806144905957,-0.007582109519110016,0.05453095913592383,0.02574274969004378,0.0036802842067981197,0.0068808468500743715,0.0030347869744975107
2026-04-10,-3.8345556912621514e-05,-0.0059144890165382935,0.025340931070435613,-0.0014833255164648355,-0.016453054560155677,0.020041816513914186,0.002336465202516237,-0.003932439437588319,0.009588788947183922,-0.008441973824239418
2026-04-13,-0.0049260673756055485,0.03575403655529446,0.0035984100488998323,0.012220485822152918,0.000852116298823413,0.006314422859656274,0.007387146364669433,0.012747789780323843,0.00989500379675574,0.028090635845698667
2026-04-14,-0.0014286068821369137,0.022483811465560243,0.03732744648887824,-0.008194680751405403,-0.02252643898076281,0.03735274928383289,0.04312075772108938,0.03546580363710918,0.03287951656879651,0.0037946616542946865
2026-04-15,0.028940120889102108,0.04503888343389864,0.011938031369764115,-0.01682235070371428,-0.0015423655411854844,-0.0020903861446825195,0.013627804672031613,0.0125667731821318,0.07343111096819813,-0.00044574161657777195
2026-04-16,-0.011437796552710188,0.021745251113201896,-0.002618194278043067,0.013054716392694827,0.019735545837719155,0.0048173395273468644,0.007845985357244307,-0.003268333148616994,-0.0078120863116936485,0.00745507721681482
2026-04-17,0.025599724502604514,0.006002043749179862,0.016649073332435406,0.0010963345559705288,-0.03713317228242087,0.0034382179946092772,0.017108713626815247,0.016704019890516727,0.0296911094422974,0.025678920420017074
2026-04-20,0.010381401662850636,-0.011226740924225573,0.0018824237593380586,0.021362883546273116,0.00843190166391323,-0.009141266429826336,-0.02595292477717801,-0.012546149259453765,-0.020476797687229584,-0.0035487651929547673
2026-04-21,-0.02551957602598669,0.014461871447776973,-0.01084740809684451,-0.012667040147730398,0.004594081740594729,0.006543731071590066,-0.0030900877519639235,-0.015320409239913332,-0.0156116416401595,0.06733034514728718
2026-04-22,0.025959122658055597,0.020442188268340603,0.013022666698602456,6.385450264070844e-05,0.007654603112211498,0.021573448951202067,0.008752856380746823,0.020935575571808553,0.0028167845306925577,0.021472371333151802
2026-04-23,0.0009512419139857489,-0.04046886377167461,-0.014224159796213538,-0.0042578849925245695,0.006866007130415139,-0.001097088026179746,-0.023346602573655204,-0.001268059342409964,-0.03623482292188371,0.002937507115960716
2026-04-24,-0.00870548556450589,0.02111053357014146,0.04231955004193406,-0.01100066621441083,-0.01082024531729966,0.034333958023186784,0.023806006921236807,0.016128121174901693,0.006879807968652782,0.0010148721591513277
2026-04-27,-0.012809554739298108,0.00047093907199736843,0.03926319027785601,0.010808076207741784,-0.0048468823104791305,-0.01093113357236666,0.005304181205167543,0.017100363295902886,0.006278483691632188,-0.0006482573014312213
2026-04-28,0.011517520751980868,0.010373913089718178,-0.01600850416151377,-0.0005776973848079748,0.015866421426324682,-0.005452887403187945,-0.010785602217771114,-0.0015997151332615383,-0.007022844604162197,0.033490739514132006
2026-04-29,-0.0019966978339397375,-0.01122176316871562,-0.018560255972615913,-0.007088869541220571,0.02693213329552853,0.01277897868001351,-0.003312316930648197,0.00045734758925342116,-0.008600254179982027,0.010766044696274102
2026-04-30,0.0043581493936293405,-0.040089887405449304,-0.04736465906513777,0.012787757483226312,-0.0022006462065732465,0.007650061888693173,-0.08937823141819438,0.09496195924186007,0.023409515563600516,-0.000701521575257873
2026-05-01,0.03187991038650981,0.016200380815886175,-0.00562788249813037,-0.0024292809532104396,-0.01029058935598965,0.012000489635761667,-0.005177488415403541,0.0023102896670280067,0.02379554904158833,-0.0045991813452101755
2026-05-04,-0.011885962197690256,-0.0019805564528877612,0.00015109925506329687,-0.015545747384606946,0.006135036239211539,0.014029132183864345,0.002723162409339637,-0.006346484401737387,0.004314924812415465,0.0053276906137504874
2026-05-05,0.026204338554427865,-0.005430265418195371,-0.010025891482081857,0.005672182198308184,0.007713029951827262,0.0054985478239463976,-0.008968510390804464,0.013425462662561916,-0.008032003657369561,-0.018731358969357178
2026-05-06,0.011649801728447845,0.006251935224948011,0.05605804652492139,0.017620215107473358,-0.04078702695568466,0.005250321971042334,0.013006805266546462,0.024439568109513986,0.023754487827164997,0.009327896816478946
2026-05-07,-0.00024353676707370125,0.016317029709620266,0.017504551528897266,-0.027788100651294837,-0.014292277506208002,-0.01398871786017844,0.006391827246250566,-0.00012566775395786466,0.03222900776203085,0.006675514541939382
2026-05-08,0.020250074126795237,-0.013518725545446366,0.017342835809247024,-0.013708901199919597,-0.013807504425191987,0.005552939638259035,-0.011708800290584477,0.007035661903728889,0.03942710124226755,0.027318665021449536
2026-05-11,-0.0012634684139431265,-0.005943620767689755,0.019511007291121277,-0.006975695828254186,0.034735838167074796,-0.013624751749596186,-0.017824338822277564,-0.030809005349915507,0.03813364950728898,0.011669083977722058
2026-05-12,0.007217281916175962,-0.011920778009659372,0.006087883494185524,0.016135812931797267,0.006326871258440463,-0.011854752338375166,0.006889353612012059,-0.0033248284969245433,-0.026297804689101322,0.030610857477276782
2026-05-13,0.013711560991706276,-0.006297779830460884,0.02261580585803677,-0.015302751160139258,0.0062211136575871665,0.01608392713413966,0.022351957398803673,0.038664537053085424,0.02690433759547956,0.011961720111710802
2026-05-14,-0.002210772244144634,0.010360489291041258,0.04294701759820982,-0.001133015411396599,0.007951317250508043,-0.010831048951722346,0.002914850865910365,-0.00385720713884289,-0.004434100858338372,-0.005173429184821137
2026-05-15,0.006750976522238501,0.030049788861924314,-0.04520787679613538,-0.007026813007544652,0.039854134150739316,-0.011592972656152402,-0.0068145493567160825,-0.010754019416150288,-0.048672864587404434,-0.013216735519203935
2026-05-18,-0.007992466908238653,0.003832278848626929,-0.013403819528754392,0.009757209291206721,0.01614310547017116,0.0027220081197222258,-0.00492886541882719,0.00040318405143820255,-0.029441104289050234,-0.006930156271110618
2026-05-19,0.003786820722815226,-0.014555068940400357,-0.00772141061963216,-0.016867440023781054,0.012753995963667452,-0.021061401192618883,-0.014170384779384529,-0.02365650610638229,-0.014445663458309575,-0.004843959224408934
2026-05-20,0.010911251503184886,0.008682378065394921,0.012880756382786308,0.02101544817933584,-0.03933640314831609,0.021627669973466716,0.004057442622716455,0.003219322979792405,0.03202247022638431,-0.015378104687922809
2026-05-21,0.009024467670268961,-0.002526090592902171,-0.017879425943107992,0.0033719680731615523,-0.006354969029154711,0.012934297256761875,0.0038269293201572126,-0.0032193229797924917,0.0014129789484986274,-0.0021415947497241384
2026-05-22,0.012479649444335736,-0.0012415277754476936,-0.01922601401684015,0.011093342450438514,-0.0023854505195197427,-0.0080032744617438,0.004730548527984734,-0.012171995269428916,0.019340312041325056,0.015539610724251082
2026-05-26,-0.0015880121843198519,-0.006086787367366893,-0.0021850774060261733,0.001174264026317696,-0.03354103459458871,-0.0038750213028487137,0.0034025714037103465,0.0153141336694057,0.017636535587117294,-0.030342263495584398
2026-05-27,0.008139905925081868,-0.008109095484610435,-0.010574191531007708,-0.024620894478387285,-0.012831479783707153,0.024426866578213892,0.036746721454421066,-0.0001286280291200787,0.015493162254673815,0.01879493651355107
2026-05-28,0.005325999563197865,0.03411229625288361,0.007731054577228179,-0.008556887250948752,-0.006375841857032786,0.007877640344363742,4.712123853181468e-05,0.0033378675149664484,0.003943573700417892,-0.003861574159506625
2026-05-29,-0.0014410307239461104,0.0530201813564115,-0.014622087317938178,0.008657160564949532,-0.011635284229926917,-0.012338527790443166,-0.004385523673373945,-0.025414489195130573,-0.014375619088440037,-0.005820384856164847
2026-06-01,-0.0185978161231111,0.02257550971290651,0.06073045986638763,-0.009162885581194609,0.02796822525417102,-0.035273461160258576,-0.051983422142678065,-0.0104928631091566,-0.046763726698806594,-0.0011839572051208875
2026-06-02,0.02860974364520492,-0.042608691140752344,-0.0068876374559193035,0.014660351758215043,0.001204206168877272,-0.018309525985056377,-0.0047408004140199285,-0.03934291252506397,0.018723267699191404,-0.00512015738312735
2026-06-03,-0.0157967095998125,-0.032167630063060046,-0.03688972124723909,-0.00036542992595152884,0.019663656223817935,-0.025665659701418486,0.041542601453710186,-0.007935267638281661,-9.435010681166908e-05,-0.0024373977783383265
2026-06-04,0.0031215368741391546,0.0016600419254275758,0.019208290386228847,0.03282731941213016,-0.003217690046316716,0.01496619519549892,0.007340810380850341,0.03610999362901216,-0.012468248792164637,0.0503552054361075
2026-06-05,-0.012577609274253502,-0.02694540884818325,-0.06402033391723558,0.004749216223855405,-0.014041793685921993,-0.03105365219156565,-0.05666077654197565,-0.009882415831165496,-0.06784987766553562,0.007538313011573772
2026-06-08,-0.01905190902330898,-0.011902515359320368,0.017112580975841913,-0.004041882785132528,0.01213262366304086,-0.0032977029725941285,-0.012916128735448184,-0.01366851064269517,0.04488536904530807,0.01761740446260328
2026-06-09,-0.03712706918079524,-0.02043863488144832,-0.0021591397984066225,0.005097770013067561,-0.018892308744724293,-0.004209150987076249,-0.0013675383254841552,0.0026114675903969463,-0.030463037176546175,0.01569150093495507
2026-06-10,0.0035387281174611347,-0.015110789647077107,-0.03803598052040507,-0.01145002339481894,0.011417955060233222,-0.025675947123681687,-0.023556588800602806,-0.02187033417947859,-0.0387831676710731,-0.013504840901527686
2026-06-11,0.013794324313997033,-0.0178244891134849,0.02196045231330065,0.013973159341883886,-0.027052245168762618,0.014640183686286065,-0.004476060439686304,0.0038927001272959978,0.044990546617469984,-0.00469863962223645
2026-06-12,-0.015338769356976291,0.0010242073496361669,0.0015607832565316107,0.0228010883052494,0.002792743223599141,-0.012331912602696485,-0.002554166283448287,0.005324435774413595,0.018074423616042716,0.0072967571655816535
2026-06-15,0.018007493246393634,0.022822039293822094,0.034770261132300154,-0.0041242535490580295,-0.04230823383049192,0.03083390605189011,0.046605917567477714,0.026529993597646646,0.011546402155351725,0.011844874952054699
2026-06-16,0.009468481540986734,-0.014945081454071895,-0.02400912389906229,0.03609700380331456,0.006648319596971846,-8.131487459148037e-05,0.011276148415824264,0.010503715919534504,-0.015910879171028017,-0.00828160601363567
2026-06-17,-0.011055331985774613,-0.03862059048154452,-0.013396355182919827,0.006981595563343599,-0.007926404507449285,-0.035163912457666896,-0.05589789189536283,-0.025671634855025008,-0.020673857986175808,-0.020120094937566186
2026-06-18,0.0069365133751416366,0.0012923218845768704,0.02908669731246372,-0.025021004563508302,-0.021038348397671342,0.028597683957913095,0.01684168688558637,0.01158765170421262,0.010315413608767319,0.003572797197632903
2026-06-22,-0.0033612346094813285,-0.03230320168250443,-0.009729692641559137,0.01906562392442834,0.0047777973109606065,-0.04862857666526806,-0.023435210199502732,-0.05114602365891787,0.01132171311591987,0.014164967000631351
2026-06-23,-0.009166227388095017,0.017807523534874563,-0.04214086479707091,0.0079925927086734,0.009058254033535895,0.005654362212000333,-0.0029305351940348474,-0.010203988467657892,-0.059611379843779726,0.006299598854067723
2026-06-24,-0.004154050285409865,-0.02293855257082976,-0.005212488263586544,-0.0020670898451318684,-0.02046127080515847,0.0006832216006890583,-0.008090321243322048,-0.0024297727425915128,-0.016060748057995154,-0.008465818940928264
2026-06-25,-0.06312918215256177,-0.03517049422135125,-0.016517548663244935,0.004995642558455251,0.004736821846467459,-0.03148026940338524,-0.026897487347296307,-0.004586414686523522,-0.0010923964729650014,0.02369441360709933
2026-06-26,0.030882904454319803,0.05551167425391712,-0.016535296660330157,-0.018278986678531093,-0.0073699467384156555,0.024713060914308634,0.013502848811789085,-0.018558679034608522,0.012161819203993191,0.029311376520144445
2026-06-29,-0.00721466060725805,-0.011867317971901737,0.012593727434429082,0.0010328228489229123,-0.0035216158453877803,0.03151497796996931,0.022196132254121426,0.047068131545177694,0.08122713454703766,-0.019040122005606574
2026-06-30,0.02668691184994011,0.01200133530108292,0.025921540190744,-0.006273683348712328,0.004839100762510816,-0.007523873763327147,0.00122570154494565,0.010463939752140269,0.02104736226435513,-0.01003061227102852
2026-07-01,0.017199929330940868,0.029739442308022564,-0.012623672142353475,0.020381822909216155,-0.0032234639003761176,0.013999064785619552,0.08442350821195795,0.01068783702050745,0.011112495777372573,0.02591071604162989
2026-07-02,0.047271697894878145,0.016030885383640066,-0.014016182027723867,0.0011965992262364675,0.0059260338991830195,0.0040052130693041185,-0.05020237548230075,-0.003605472625997126,-0.07784074755080678,-0.002770334444213039
2026-07-06,0.012973185615845364,-0.009649728377271917,0.0036887239515329033,0.01416475391773782,-0.0047526422905617765,0.006121274942382323,0.029397148242849627,0.018035341164537543,0.06475289005284912,-0.017478349328029864
2026-07-07,-0.0064172715140114545,0.0054153311635238436,0.00703218164456726,0.004431714626410532,0.03775661436268301,0.00742645135022292,0.0251521053920136,0.0015542337224836163,-0.041018539011121395,0.024109542581164316
2026-07-08,0.008749389702145728,-0.014245624245687366,0.03585973382237286,-0.025679203186040205,-0.0039601037828611175,-0.009640600216052831,-0.020448766762634237,-0.014020355227894405,-0.022185201276039682,-0.0060670756430742
2026-07-09,0.00898970969223071,0.0026572610086787393,-0.006586390769892467,0.014562872418268957,-0.026348471488100392,0.013940625430091662,0.04595006592667653,-0.008407254362267986,0.0312037168556396,0.0141846036842112
2026-07-10,-0.0028501583226974415,0.001923481372210687,0.03954693236574592,0.002976458417840585,0.010277271534747945,-0.0069052509812284075,0.058031705316322596,-0.004776139779201448,0.0029718973532871238,-0.016489916236116838
2026-07-13,0.0062911868943995525,0.015178902564042165,-0.03585516570320906,-0.005782437695950464,0.0397383852273533,0.007997611876585861,-0.018824999676927696,-0.013160817540296276,-0.03240077993929111,0.010472038783827404
2026-07-14,-0.0077511572511698955,-0.015620478686443902,0.039829039408852435,0.024683180746480203,0.0040055429894404,0.0007275987930534227,0.0065413737798066165,0.0196630020022463,0.003590624905497913,-0.009130545011481361
2026-07-15,0.039360006012478126,0.027417962843460583,0.0032995407884884027,0.011655652124962753,-0.004005542989440345,0.029736497094527754,0.030203092756913113,0.031244421783561214,-0.004350915634406925,-0.015811481326421416
2026-07-16,0.017434940338492192,0.01373134460185696,-0.02429272199776063,-0.010897739299897794,0.009915405092619218,-0.020085877850740792,-0.024922372997344264,-0.04539096161306361,-0.008656724657948154,0.011545480199944724
2026-07-17,0.001439222043781139,-0.018316817278041388,-0.022379698238568935,-0.005991944249690522,0.0096145002583928,-0.010701758429280527,-0.028280040257188097,-0.021933776227723696,-0.026481664853464253,0.0063804505040958295
2026-07-20,-0.0216566670967116,0.021279272100756832,0.0023147648787335633,-0.006559168720411391,0.006763180086475391,0.011101878873679078,-0.0002477577792032815,0.014941034067203166,-0.03003914234140675,-0.010712217555270152
2026-07-21,0.0035150309603428622,-0.01134957559776861,0.01953441361577837,0.018594354799919808,0.022329091279232383,-0.009808344900483996,-0.003163593150473268,-0.013845792742100516,0.02501128466509805,0.034506322185789674
2026-07-22,-0.005660635258418789,-0.018805522396685516,0.02275049536218918,0.008594828111342118,0.017899551591105917,-0.010966791059379552,-0.02618603871567201,-0.014683095985228533,-0.013068910989716388,-0.011617604154814252
