date,AAPL,MSFT,NVDA,JPM,XOM,AMZN,META,GOOGL,TSLA,UNH
2021-01-05,,,,,,,,,,
2021-01-06,,,,,,,,,,
2021-01-07,,,,,,,,,,
2021-01-08,,,,,,,,,,
2021-01-11,,,,,,,,,,
2021-01-12,,,,,,,,,,
2021-01-13,,,,,,,,,,
2021-01-14,,,,,,,,,,
2021-01-15,,,,,,,,,,
2021-01-19,,,,,,,,,,
2021-01-20,,,,,,,,,,
2021-01-21,,,,,,,,,,
2021-01-22,,,,,,,,,,
2021-01-25,,,,,,,,,,
2021-01-26,,,,,,,,,,
2021-01-27,,,,,,,,,,
2021-01-28,,,,,,,,,,
2021-01-29,,,,,,,,,,
2021-02-01,,,,,,,,,,
2021-02-02,,,,,,,,,,
2021-02-03,0.02261596361574654,0.017729547540006357,0.02699620747692073,0.017466525861207036,0.024279764625951102,0.018905701862788882,0.023079309381793527,0.024129999255800973,0.04009787307413471,0.015432283299410767
2021-02-04,0.02310208661560767,0.017824313973888964,0.026663904689466514,0.01796852919783056,0.023197557172951425,0.018835645266490474,0.023007776727382835,0.024229530338536576,0.04019883692867181,0.016114710737931817
2021-02-05,0.021591827325214433,0.016369615263309205,0.022703442244726528,0.016107309089238655,0.02359164049519178,0.017817810630856006,0.02213469373187293,0.02399872227145685,0.039913819993458326,0.012898721416510174
2021-02-08,0.020484814389472757,0.015616269184134269,0.023214370370884727,0.014914779611179155,0.024789489203730235,0.01797045990006739,0.02171052285001905,0.02359393844453451,0.0365515296311183,0.012047335268961488
2021-02-09,0.020515947060789002,0.015614580127329575,0.023402570766292787,0.014962685316050514,0.025106054419937313,0.018021592353369406,0.021821253581780293,0.023668819957394966,0.032696151683104094,0.012955018342145566
2021-02-10,0.01976418500824015,0.01538977943501113,0.0238996142155511,0.014635387059214262,0.024524359556540948,0.017296017048161187,0.019718647820267984,0.022697532104395225,0.029764500607235712,0.013396903572069007
2021-02-11,0.01976954184038444,0.014884392347308163,0.02445492636204528,0.014234930141394743,0.025060460999359133,0.017434331527662134,0.0189558751989496,0.022368279689201114,0.027903063482131965,0.013344993981919283
2021-02-12,0.019517243917303993,0.014910625164237488,0.02505699482414001,0.014579692996538392,0.02510487303612553,0.01722254736854075,0.018966147457546666,0.02238906797029702,0.027898094458083753,0.01355577713674569
2021-02-16,0.01956141218273009,0.014334670885409672,0.024443938687692218,0.015422187071916723,0.024560409867247196,0.016962549783346253,0.01796634191388237,0.02204190053465982,0.028270621252385116,0.01350417425334432
2021-02-17,0.01973689368028101,0.014222813177573278,0.024577239179690905,0.014780003395125092,0.02203801269356269,0.016947376940200536,0.017541359893914005,0.021941550739258738,0.02792285105386367,0.013643560751800428
2021-02-18,0.019834159988104283,0.014102867245062226,0.024679122786191256,0.014705881545992998,0.022251101282991587,0.016951887906803353,0.016187359555205554,0.02148016881562343,0.02749208594965038,0.013699979282390744
2021-02-19,0.01847419198512885,0.012785086919606897,0.02426762117656475,0.014426822702744995,0.02213860751614468,0.01502345395630916,0.01665910965436214,0.019032391619340977,0.027403824137066306,0.01382236615898385
2021-02-22,0.01752317517326641,0.014435518393835875,0.024964081209056143,0.014178204346684832,0.0219346197418758,0.015377289332335328,0.01595802608110373,0.019567757337434415,0.03314257857721785,0.013697017408645236
2021-02-23,0.016944516200239606,0.014513338850193217,0.0250744146365441,0.013890124959996142,0.021457489709540225,0.015421981872656698,0.016667652519981712,0.019565998577138415,0.033198674868785395,0.013239589268946736
2021-02-24,0.015284901529301525,0.014184371201393741,0.02554466713249853,0.013460901209337692,0.021491968489297172,0.015553364552607654,0.016364681990950283,0.01963945801735892,0.03494701300843108,0.01342902589311384
2021-02-25,0.01643109522996323,0.014954377987474538,0.03068711959885399,0.014008543810980259,0.021113898824839952,0.01669265024528459,0.017533302177402697,0.02118756965121222,0.03854053036041135,0.013301288981332498
2021-02-26,0.016580551294026802,0.01531289639707943,0.029976709854281507,0.013785988348925958,0.022012948967773897,0.016031261460801804,0.016359216577637167,0.01789235121499159,0.03848284279549487,0.011895749131205462
2021-03-01,0.018554612209616166,0.014852949560484956,0.02996559437304586,0.014018172181456835,0.022778557819260595,0.016556429584665137,0.016684486027005178,0.018109616983308537,0.041277499065124616,0.01149332253536051
2021-03-02,0.017307566709650224,0.01360568438192504,0.030902782073906985,0.013610491714941926,0.021488802911493403,0.01679294780659794,0.01647170047920807,0.01769224717805945,0.04097984835156982,0.011093809449660387
2021-03-03,0.0173380507288691,0.012797301328072538,0.032328493291698596,0.013853660203879833,0.021392896250265317,0.014626018910211173,0.016417087223402745,0.017491749567738923,0.03926276719269203,0.01115330645172776
2021-03-04,0.017297612685403675,0.012793590837651948,0.03257950836929997,0.013747938293678683,0.02214487658363477,0.014170339431299086,0.015918524755940223,0.017416073956852757,0.03830497083941405,0.010698960861312641
2021-03-05,0.0176660191360877,0.013318501507332303,0.032670761309895165,0.013702282023302538,0.02206749203341509,0.014083830594325898,0.01698637717393011,0.014702304748625536,0.03860552082797113,0.01375364457582244
2021-03-08,0.01802019249345457,0.013776248863604353,0.035759061982831776,0.01324221019664354,0.022210575185135813,0.014094489157728088,0.018545980393274753,0.01762604239085937,0.03962364302343506,0.01236077897823534
2021-03-09,0.020856755838201575,0.015301175559903455,0.04025694417409236,0.01341931084016279,0.02241123929321682,0.01673351156432364,0.02065154416013429,0.017587858586244207,0.04656363831918818,0.011685270884703246
2021-03-10,0.02079560356122412,0.01531523003222079,0.03749823198588094,0.013723219064438893,0.021809985852277447,0.016710385089106636,0.020626732535136496,0.017587806096403175,0.04614620162943703,0.011881182296518149
2021-03-11,0.02140038652509862,0.01598565029095727,0.0388834443842007,0.013765427209160457,0.02162520256831544,0.017384520804366768,0.02178901360378777,0.018913930722723172,0.04811455991642877,0.011626063261871024
2021-03-12,0.021402971099165648,0.01600750340294498,0.03788301020066918,0.01381151060186101,0.021627763881623695,0.017408262736634803,0.022168216120835027,0.01963616252925617,0.047207886800716616,0.01164066616574617
2021-03-15,0.022375732292417967,0.01590601849517998,0.03756993811111276,0.013884675936485416,0.021665374676275904,0.01737744576434553,0.022570929511826838,0.019642846663069,0.047522603930020224,0.011784452222820558
2021-03-16,0.02265485115841173,0.016184356427881606,0.0375704523207741,0.014215140946260498,0.02263228027942988,0.017348827952383718,0.022964568370688256,0.019902395052351533,0.04793969100640688,0.01107554348550691
2021-03-17,0.022492224473742023,0.016163223767622976,0.03702519920639716,0.013563078141714102,0.022059295140350692,0.017735270254643436,0.02308021035979774,0.019823958107252966,0.04902389362909005,0.010825383096020528
2021-03-18,0.023299563215897726,0.01704931996054754,0.037833434481619445,0.013858393893598797,0.024509944359352664,0.018809384530390525,0.023520909514800056,0.02077243411770503,0.05072553028883569,0.01198285307174091
2021-03-19,0.023279036199512448,0.01704955508377835,0.03800869800516011,0.014530636305427594,0.02420856497681715,0.019175202812581518,0.024713483134252857,0.02078059664209548,0.05084913562289479,0.012025521401834592
2021-03-22,0.024297852874426512,0.01788278191334761,0.03857901688012467,0.015596230862972179,0.024395189100201328,0.01887939743665879,0.023570212547300344,0.020743404541356918,0.051437324370744275,0.011391217695694037
2021-03-23,0.02350628689008908,0.01690449832383938,0.037821909091036415,0.01564779191824385,0.023385099980638997,0.018467136394102756,0.023711269955402996,0.020482826673860224,0.04824310844170277,0.011368734236645025
2021-03-24,0.023844276615791308,0.01698731563069177,0.03829453184501508,0.015641047857251258,0.023601018250840235,0.018732100432396717,0.024587278544710253,0.02048745375770385,0.04900979657126767,0.011368737226338589
2021-03-25,0.023888579984305183,0.01720356714364525,0.037683277623519945,0.015410550816889294,0.02269095954490327,0.01879630421449744,0.024735748420597847,0.02030147295898412,0.04680508130777137,0.011394618887277295
2021-03-26,0.022690345100126966,0.016749019553114967,0.03458749369370953,0.015501031656012297,0.023116923503245217,0.01738979414700222,0.02312961556807886,0.018960701748838474,0.04411520951459239,0.010970808446299505
2021-03-29,0.022686607745633365,0.01652947310860197,0.033907371827457025,0.014654282653606127,0.02235598647202038,0.017278994470105953,0.023598596352865504,0.019082526175765693,0.044120616695529885,0.0109413427887965
2021-03-30,0.020585501772029585,0.016251459292836203,0.033801298355936,0.014077653582611328,0.021149242983837434,0.016860263261302078,0.023260807499092873,0.01835571448190765,0.042565388758795425,0.01186267855516973
2021-03-31,0.02066517156435155,0.016450758262563703,0.03420392110367882,0.014474833016187303,0.021383897973246826,0.01675087799921806,0.02276022515032843,0.018438270113272766,0.04363131171208058,0.011984535674943106
2021-04-01,0.020000840302200965,0.016180937020312994,0.03330273249078907,0.01401139735744469,0.022170665499190667,0.015946494698776882,0.022339698051010166,0.01870202466674097,0.04245753261565229,0.012470223779841978
2021-04-05,0.020233249728409744,0.016940275730034392,0.0321729760587259,0.013571257204477858,0.020701298554683775,0.01618601697670535,0.023066469084643312,0.02043121376163635,0.04223503951521611,0.012485272509185998
2021-04-06,0.02014095638040756,0.016602447371058975,0.03233380465963713,0.013687562912564075,0.018680647381484148,0.016192495420068554,0.023023324017725375,0.019576702614613643,0.041255872321485795,0.010628373622319685
2021-04-07,0.01749807422177446,0.015871988056974196,0.02716013519506345,0.013804543633363676,0.01875758920493164,0.015793870062251757,0.02115253965318545,0.01658417680603171,0.039445521474636,0.010533017980111985
2021-04-08,0.01591479414389133,0.015111634945326675,0.02232076671121027,0.013682541243725912,0.01862610737353435,0.014016094945772734,0.020063110521420662,0.01639045490693263,0.03395695389396332,0.01055027873839757
2021-04-09,0.01602570761283121,0.015004980700262169,0.022190923031452033,0.012970263073814457,0.016983375554014826,0.014509470501038969,0.020027739181461328,0.01634090638662628,0.03398192211981498,0.012081716437522413
2021-04-12,0.016271670005016687,0.014599991827300469,0.02338950144789335,0.012917458811185169,0.016977753850896806,0.014183217107682194,0.01927099699948552,0.015591157877731986,0.033381140139573946,0.012018583657207477
2021-04-13,0.016650155568437495,0.014495833833184434,0.02351556025140783,0.012946770909211034,0.01672795912058275,0.0139331771136659,0.018525763789332787,0.014259826381889293,0.03781016009474316,0.011969200829374272
2021-04-14,0.016766525096254946,0.014790690689016056,0.024417433223037348,0.01353578792304637,0.01753789255631825,0.014860100707500132,0.019340460382778066,0.01442279950053381,0.03884067229478947,0.011812051686782704
2021-04-15,0.01698345308106448,0.014884945637783352,0.026553503373138786,0.013380025069455634,0.017019801566363756,0.015018464080996736,0.019213906406158388,0.014632779317860136,0.0373689926704717,0.014028049204512819
2021-04-16,0.016891946092065867,0.014798399517439397,0.02701656427870664,0.013283848434564406,0.016979579088501836,0.014855842369426149,0.019120361974695584,0.01463811466009687,0.036643868852051426,0.0137947052057301
2021-04-19,0.014481815811761577,0.013258344347007126,0.025855782820261186,0.012743080368202589,0.014028236692904903,0.012280518757011898,0.018796415134131626,0.01240283145699868,0.033643497330195365,0.0128673509954482
2021-04-20,0.014878932250704215,0.013265170914390422,0.026274520865666878,0.013178885991179634,0.014725874280462462,0.012532879400493139,0.016829888820564364,0.012604020875638318,0.033643409569698766,0.013139075935119907
2021-04-21,0.013915635684642758,0.012587965895466076,0.02596667346392356,0.011944702720924344,0.01485791421334804,0.01244857973360531,0.01672341485147131,0.012644108107372539,0.034049509794095816,0.013144961677695705
2021-04-22,0.014139415525419235,0.013165236303533188,0.027278815389081647,0.012654300066021883,0.014888248871000808,0.013097886190166858,0.017004354043059458,0.013170490449878634,0.03489763216076822,0.013312455587811871
2021-04-23,0.013366294342720436,0.013058105460313722,0.026095465615310082,0.013238026639565664,0.014230835773557856,0.01244565155847618,0.015746594982143144,0.013450854210085302,0.03272204728123854,0.013368971100774537
2021-04-26,0.013373982656309407,0.012404669388275598,0.02579904706815478,0.01293594227328506,0.014232656498204387,0.012293827588442427,0.015364647611227984,0.01338832452938717,0.032679320032161195,0.013751655372967578
2021-04-27,0.013480067582046982,0.012118109821584226,0.025825978088040286,0.01240956754901645,0.013187417148523475,0.012286332231423242,0.015150956438050773,0.013585478957829767,0.03352547542065165,0.013566087931168863
2021-04-28,0.0136746335139611,0.01402673724344474,0.026045401388003663,0.012028139860330266,0.014744926956253828,0.01236074588749554,0.014279778799433653,0.014493975070197763,0.03360459384331447,0.013530531147844553
2021-04-29,0.01318294898497499,0.01367363017097651,0.025879851096932135,0.01249440860252797,0.014713128663095801,0.012050043669100133,0.019429577604136803,0.01450105993504965,0.03338447501395491,0.013382414029310037
2021-04-30,0.0135165543557988,0.013400282767849495,0.025787373758778397,0.0122053749058465,0.015803321880379563,0.012050296858166071,0.019508298271328314,0.015415353451551693,0.03319565952435599,0.013476689848637967
2021-05-03,0.013535133350067159,0.012207193202260623,0.025179122145680067,0.012054611672571111,0.015775951966604293,0.013030690838690276,0.019553818834781845,0.014384277295741519,0.034138458759430744,0.01324481678236224
2021-05-04,0.015286149214639146,0.011329044050626569,0.026305373559960703,0.012370373954643814,0.015327230374587417,0.013532633147334938,0.018569794928664205,0.012370601627601781,0.032964834469575134,0.013354282584137251
2021-05-05,0.015283690178871217,0.011339127819856609,0.026229492153702974,0.012526828869953308,0.01639259755443991,0.013859964377820602,0.01862540031252201,0.012291108528526733,0.032966534588574986,0.012491491402397453
2021-05-06,0.015260297342228998,0.011572541718088874,0.025908690873617527,0.012805086725829236,0.016439680471087164,0.01355593718054501,0.0183185400888768,0.012149478320975316,0.03238672297687,0.012479101344741025
2021-05-07,0.014718206354714117,0.011443160342329662,0.026118753596776182,0.012809627880656621,0.01623344942600989,0.013530679719723276,0.01833559454676568,0.0121662328154565,0.03223846006002064,0.012341011530644711
2021-05-10,0.01502463976617987,0.012052356366363865,0.02745405028189759,0.012750339316497735,0.016156867551466517,0.014162773504596148,0.020562691106324145,0.013491948671658923,0.03527090444431522,0.011020380036829053
2021-05-11,0.014860326803323817,0.01205353085175791,0.0244139208596546,0.013343833019551167,0.017981898912375383,0.014415602934771565,0.02056950140445416,0.01340886982586446,0.03420487110177711,0.012506287030042695
2021-05-12,0.014448930549887823,0.013174733779869087,0.024373707513996146,0.013144482927009244,0.017983401205086555,0.014935325121404015,0.020715129774371253,0.015050665748432305,0.028552921853985728,0.013100318320297535
2021-05-13,0.014847177981722207,0.013775914489901129,0.023950981292281723,0.013342331381672935,0.017433268497207933,0.014516605786435599,0.020233885685149354,0.015321615109284306,0.028178064016489226,0.013128630010252456
2021-05-14,0.01492808801433702,0.014186876776538399,0.022401008532597806,0.013596310602875082,0.017969581155689418,0.014870536933993015,0.02131050252055732,0.015506275961780959,0.02937912769750492,0.010641087695886836
2021-05-17,0.015002108455759248,0.014252304434336328,0.02232438631372227,0.013568674079452546,0.018309610323125423,0.015224814555095872,0.02127009809121027,0.015538790000092683,0.029345157612850264,0.0107014557978864
2021-05-18,0.014998387772661692,0.014268749378852976,0.021311244678513416,0.014015117093902681,0.01968426688055369,0.015319413903449113,0.02144726771904969,0.015729385315465732,0.02900767179409195,0.010645813531397104
2021-05-19,0.014850719820325016,0.01431685285800497,0.021293402782773113,0.013017670870356093,0.0198856877875799,0.015179537922525145,0.02157433753975535,0.01572946072600845,0.028938666545963308,0.010143897772273073
2021-05-20,0.015696874055534757,0.01454859675040096,0.022937573801310392,0.013018659235711313,0.019817570935600364,0.015092270811198065,0.021760907892180156,0.01609527578832161,0.029457883354305693,0.010125748641555238
2021-05-21,0.015806540457641793,0.0143614391460163,0.022530316250166528,0.011851018639834643,0.019475941221604415,0.015001704571739539,0.021454573592048647,0.01592743244009919,0.02902061549084398,0.010082150076358248
2021-05-24,0.015539567533956074,0.014882841354306144,0.023469518916703378,0.01139625634137884,0.019550097587046466,0.01514654229568933,0.021896590601691295,0.016506818400817698,0.030888515069547488,0.009949504841888095
2021-05-25,0.01549034914332999,0.014915508814096727,0.023289902668091188,0.011823034110737048,0.020415784702934137,0.014393842952833255,0.021931957437137488,0.01649177769291813,0.03055676828555592,0.009559287831451619
2021-05-26,0.015498946094111326,0.014897600298486361,0.023244664915301996,0.011844996421416584,0.02038267599375172,0.014384867396345272,0.021945405050701368,0.016402091735855828,0.030146372905051143,0.009486066513795754
2021-05-27,0.015631280357579637,0.013684918880021758,0.02340425355221117,0.01212716059584578,0.019503785357856983,0.014122549952031474,0.02203321143902001,0.01524526543374346,0.03055270303702358,0.009506674284022213
2021-05-28,0.015630865990206015,0.013592075468108814,0.0255604776528652,0.011613411749388774,0.01928695804705011,0.014035887868231981,0.017179325175347638,0.014903457733557248,0.030201763195560127,0.008860952760322612
2021-06-01,0.015384879052389258,0.013725294092099553,0.024990923044691513,0.011427052417717557,0.019485787716407712,0.014033837258368275,0.016902407799458338,0.01462603668611391,0.027903474725389264,0.009211535407648831
2021-06-02,0.01532307269666457,0.013725117201355065,0.025407633406631543,0.011359447524782722,0.01874110457841696,0.013354129964930201,0.016796082232759454,0.014626378696366911,0.027679133087538187,0.008392376020958455
2021-06-03,0.01350629899264262,0.013330626617617816,0.023785973311695126,0.011143556942393301,0.018723733212251754,0.012874644630307528,0.016660122380021923,0.014357109675921131,0.029606910049455,0.007921615366021638
2021-06-04,0.01421006944260159,0.01401374631644194,0.02451623444176792,0.010914103486583773,0.017659180510301267,0.012737900584267539,0.016631247992446273,0.014913691258874588,0.0317457024810166,0.007967069397216454
2021-06-07,0.013874753339260281,0.013965041897220613,0.02454178335465195,0.010265833785395513,0.017623471350172597,0.012447587971380332,0.016762078288095075,0.014807043839061196,0.03189207937172819,0.00825849814867432
2021-06-08,0.013909876088059572,0.0138242247669815,0.02473400267057392,0.010322030901159865,0.017769602508263403,0.013317099215550727,0.0168989096359715,0.014775660967018572,0.03164143855487156,0.008144640603601958
2021-06-09,0.012708607246323625,0.012951766567239658,0.022693153455697467,0.010743956912108958,0.01784902644210436,0.011327834288386058,0.013920591498005432,0.013438655142663215,0.028362831481290228,0.0078450701405387
2021-06-10,0.012727637412711098,0.013191794161519143,0.02267979574545526,0.010661560985840993,0.01616307348787115,0.011942368296249143,0.013929239970478322,0.013284283271494194,0.028451126710065625,0.006422179446225778
2021-06-11,0.011476139924568845,0.010970683599442204,0.019920353210966225,0.010529753472078402,0.01634217648284871,0.010587043160864167,0.013500714426244311,0.010775009669852741,0.026546821532676557,0.005828547902619293
2021-06-14,0.0120069863734434,0.0106077634917134,0.019439136272722805,0.00962216747468317,0.016044847889963153,0.01073559080899154,0.013729214172490836,0.010632374076877438,0.025536020298318605,0.005562697457433187
2021-06-15,0.011431884267284717,0.009983449492644987,0.019103136766147263,0.00930201521692862,0.016989795484652962,0.010106267273202562,0.011943681929959883,0.010198568324036436,0.02574461458112099,0.005554416631462669
2021-06-16,0.011209056553417761,0.009555521667662738,0.01887681590354578,0.009430610202915803,0.016375501290426107,0.009850652881983467,0.012691746721358952,0.010351848180489126,0.025253423181434045,0.005722397577804102
2021-06-17,0.011058978087669513,0.009501985348583328,0.019711662032321678,0.010837196010151628,0.016840314466337943,0.010182093936834216,0.012178827505830629,0.009882573891492719,0.025521814999433047,0.005590736772782013
2021-06-18,0.01137797376031678,0.009708072867063908,0.019852515892990658,0.011866312110347934,0.01697233233632517,0.010192451444732287,0.013146435334961378,0.010553230660287826,0.024720289570631156,0.006490867346792636
2021-06-21,0.010908633994353094,0.009632739948013834,0.01971161183952417,0.012710022271116428,0.018532754741709363,0.010578438156603014,0.01284964203305799,0.01047123963976366,0.02337402256330116,0.008385646662453533
2021-06-22,0.010443155271812533,0.009580337774662346,0.019676086789884528,0.01227987083449791,0.01885406353101919,0.010146074250207915,0.013233732197447619,0.01030611119344916,0.023191271033960584,0.008190774950242575
2021-06-23,0.010236359546378406,0.008593179753898209,0.018476445895027963,0.01230476697710006,0.01878763881751381,0.009992756497375943,0.01216045147871674,0.00849396409138376,0.023957466842178837,0.008314272025514826
2021-06-24,0.0102488059401607,0.008610143135077844,0.018408055355912927,0.012515787274822245,0.017781624756570257,0.010848639505869678,0.012104790347832331,0.008497204220858192,0.024828495863336415,0.008473923665890575
2021-06-25,0.010281911027027062,0.00880189169913634,0.018821983991970607,0.012818872677975756,0.01772181179494675,0.011438823475147724,0.012203610582801288,0.008404081743596683,0.024744090511720856,0.009215229280996703
2021-06-28,0.009926714003115086,0.008743553204884685,0.019950090797680668,0.012202820835909565,0.01878921850343392,0.011265456779961982,0.014641199620332442,0.008165368876969718,0.024958674123758004,0.009374149355280479
2021-06-29,0.00985501939616618,0.008836333006427848,0.018302111474943365,0.012198076168960157,0.018853255166586997,0.011210646935565899,0.01456359343838784,0.008157455673631051,0.025035360485882185,0.009507036620573818
2021-06-30,0.009726172705149857,0.008426378943430715,0.018368116033414473,0.012094860840931134,0.01742752895114559,0.011231846094507426,0.014933859916862307,0.007944850358877157,0.025028815448065313,0.009268457965724097
2021-07-01,0.009731765274163865,0.008367656113561255,0.017715398273204713,0.012408041993072284,0.017376967341641993,0.01128278643196069,0.015339775532855534,0.007844665416669125,0.02380805332021123,0.00959766567125353
2021-07-02,0.009468113667965227,0.008806936285628734,0.01773679124742573,0.012391437270113636,0.01738310145806759,0.011314191086342684,0.015064423424879335,0.008662753226020765,0.019459949710019277,0.009832745960032196
2021-07-06,0.009221571894940106,0.008216908393008886,0.016695569612078773,0.012723107476491068,0.01858556527572874,0.014463986696361182,0.015047021864355222,0.007895525738481258,0.0191553958613623,0.009740785127369212
2021-07-07,0.009484394983298823,0.00809250296553184,0.017451222395589012,0.012762396691693477,0.018853633746998895,0.014316697936351652,0.014746216527963835,0.007891514792689845,0.020014315560148183,0.009200456077768053
2021-07-08,0.01009338668644281,0.008379832547045094,0.018348376543547186,0.0131276291376209,0.01840730532563898,0.01399249481282532,0.014977390447756277,0.008413281870572378,0.020076288431785196,0.009266518885783373
2021-07-09,0.010188935803566314,0.008398681497911438,0.018151922947091285,0.015063550051291563,0.01878188242718742,0.0141481837028965,0.014932060254589043,0.008411429502648244,0.019900249789632878,0.009286084343539412
2021-07-12,0.00994995423541837,0.008193922816077375,0.01846246762049411,0.015104031706510472,0.01877186827995589,0.013793126790729523,0.014948465505913914,0.008428861581539975,0.02140429772248958,0.009448199351051687
2021-07-13,0.00992683779622425,0.008447538897223272,0.018654734901361592,0.01543417318300831,0.018700330151846006,0.014187626283068053,0.014936373101690152,0.008379558764827086,0.02241992635820716,0.00914700923968851
2021-07-14,0.009885297307554568,0.008412838785040835,0.019482206889807317,0.01500815001104322,0.01927706752625176,0.01412374295509019,0.01496899018795,0.008359310394758974,0.023096411470602304,0.009494104079259574
2021-07-15,0.0097668920340022,0.008375674070958166,0.022031260471670724,0.014625394484049502,0.01727550249123667,0.014629626272772854,0.015147439521284122,0.008441952672695806,0.021919625555373544,0.00977864197718401
2021-07-16,0.010751067729021156,0.008266678822717281,0.024254758556188187,0.015396686036933978,0.018042098499136332,0.015144661606080776,0.014789829915214043,0.008288337009352612,0.022083994388659763,0.009538851060012059
2021-07-19,0.012785954625720734,0.008805797779798806,0.023179504127376137,0.01576022179189578,0.01816184513570775,0.014589788995513215,0.014674920105850538,0.009395603183147309,0.02177049214860534,0.011383972875383534
2021-07-20,0.013225362596062235,0.00865731100236766,0.023267195505322906,0.015280728577517048,0.017854480453981476,0.014639410649577408,0.014170395009051009,0.00911318984337176,0.022118514231049394,0.010704701540995305
2021-07-21,0.013263083907557203,0.008475459078150003,0.024830424556268074,0.015512804842725724,0.017435484426434597,0.014438912281021211,0.014335039433433002,0.008917844871724596,0.02219500317023673,0.009760834221454393
2021-07-22,0.013186435075635177,0.008823373661830773,0.024369630652541472,0.01579485170031306,0.016691006017733965,0.014431447310109362,0.014018302798270784,0.008965016021188182,0.022336756806995546,0.009761844889213764
2021-07-23,0.013198527249567129,0.008956785063548462,0.02432335819889645,0.01575075830283279,0.01647065482945224,0.014439535037201108,0.01776162921635483,0.011412517505850315,0.019342100335435635,0.009507226560727835
2021-07-26,0.013106541778891038,0.009057058290416788,0.02448283403319644,0.015688955645189264,0.017673904513325216,0.01398597009859934,0.017757894443719793,0.01143598408347908,0.018327235943705614,0.009791851419827325
2021-07-27,0.01375211932736852,0.009207732609919979,0.024414907611604475,0.015520335228279291,0.01765526282978162,0.014422180081491065,0.01801517048591655,0.012245981607866151,0.018627955037427736,0.009316307025510057
2021-07-28,0.01410420255387792,0.008959300082105496,0.022065017114282482,0.015519114236408794,0.017185632968269977,0.014266000309455676,0.016101494001491648,0.013627955623363502,0.01765303914244019,0.009695180411043969
2021-07-29,0.013989419307983114,0.008825518598621736,0.022148547719036356,0.015643298336843813,0.017517603182449246,0.014462978778130456,0.018495646077826777,0.013632609474617394,0.020477660985851357,0.009539431907469984
2021-07-30,0.013989552908146095,0.008955147382880752,0.022208256877387436,0.015588514806745238,0.017897983670698912,0.01943586124480109,0.01832783477945673,0.013848852991629024,0.020722165641819126,0.009493360152721652
2021-08-02,0.01403750340537647,0.008974534884651313,0.02227628643675141,0.015403345317370469,0.017853620385168432,0.01943613331078751,0.01807353625248963,0.013868009040775772,0.021820258755054563,0.00936376999122391
2021-08-03,0.013707808672154218,0.007887243404389593,0.02205143249967376,0.01565770651794087,0.018151332979184955,0.0188958898066274,0.018074934365172584,0.01323969137947789,0.021824501956031722,0.009619016718878524
2021-08-04,0.013459784975172518,0.007922693001599217,0.02255743638008883,0.015401732562560532,0.01782213394157917,0.015550341407810586,0.018658588192590145,0.013310120022986753,0.020642018729857717,0.00962999381446853
2021-08-05,0.012939745950915462,0.008034814789125431,0.022639538252099904,0.01566789903635537,0.017722710103179343,0.015570290245024194,0.018711270212579886,0.013352581050348748,0.01973135777950592,0.011171595801080444
2021-08-06,0.012802243967431183,0.0076752062712750115,0.02221034495761366,0.016287070234218198,0.01797813700965117,0.015340198721055237,0.0183691426759081,0.013027104145261544,0.020485729646038606,0.011317750305148791
2021-08-09,0.012507405070426653,0.0077838786882287415,0.022183175518614495,0.014825354233215503,0.017498060135622984,0.015355779683799581,0.018250941196615005,0.01306741459820613,0.020832604298795597,0.011504690355009683
2021-08-10,0.012493074484266056,0.007950851776648695,0.02191940074426357,0.014738011617488691,0.018044933355196222,0.015336880469951733,0.018202156067696516,0.012994698671842117,0.01889874432889718,0.01130787484770697
2021-08-11,0.012382370488190318,0.007497944040584479,0.021896135397827428,0.01450112476498934,0.018072257226408338,0.015291431676101057,0.01820458706920452,0.013095147100728583,0.017906400948884026,0.0113823895015917
2021-08-12,0.01208821479328776,0.007691922502286046,0.02158411501075047,0.014461097168877845,0.017459311246184304,0.015339936443696302,0.017970987777244037,0.01309077341844818,0.017278546318354078,0.011264720546848066
2021-08-13,0.012047176358417856,0.007793531652052072,0.019100212080328305,0.014747074714756671,0.0174688494018325,0.015180459764350774,0.017789293647546073,0.01275438026287866,0.017362175936472535,0.01106975013617635
2021-08-16,0.011898647497058141,0.007809270021834082,0.016309524040879028,0.013786228320448894,0.016664618895536817,0.014947080476548115,0.01762119875607656,0.01271918101847788,0.02018258228269871,0.0118550422573912
2021-08-17,0.01009235617051586,0.007160969743297461,0.016095832964135505,0.011715864040363176,0.014773026875394892,0.015267013864158527,0.018193236106416533,0.012161146053881208,0.021448704730485078,0.010552647051403663
2021-08-18,0.010458050786948923,0.007286749124023441,0.01674505701932917,0.011456976175798805,0.015339391739202892,0.015219367036151963,0.01817341053869945,0.012325581874049018,0.022205631718388755,0.01069836895436366
2021-08-19,0.010396133037338032,0.00827336226736543,0.016394323229583313,0.01078992539847252,0.014827790526814606,0.015120233613857477,0.017991272868159196,0.012218190813195877,0.02276776635263932,0.011951077661085092
2021-08-20,0.01041959629239928,0.009163365480961397,0.019551126293536395,0.010367948537884178,0.014741614418716173,0.014608917293388056,0.017914086675331835,0.012382169445416086,0.02270975665494387,0.011963487195828248
2021-08-23,0.01033227347061788,0.0089229107736452,0.022394731470719135,0.010637447751421555,0.01752705294740519,0.015496628403071186,0.013940513266071193,0.010673334025035335,0.023803423401958373,0.012207872515679539
2021-08-24,0.010318933292379342,0.009094327604164986,0.02217462518023241,0.01062647455109328,0.016641472810089358,0.015518011425507058,0.01390671927179704,0.010700841635480709,0.023465503492060148,0.012022481894285621
2021-08-25,0.00992508439332623,0.008801948170268433,0.022225037771431422,0.011335714609232836,0.01652012948196967,0.015099369873509122,0.013763136041837896,0.009833062662843367,0.022852767959664316,0.012192251171896352
2021-08-26,0.00959235618566797,0.009175338441996549,0.02232562322872347,0.011342274015221305,0.016623555685718414,0.015185000589747923,0.013532799246804799,0.0076378042446270415,0.023222069254365763,0.01183880933204653
2021-08-27,0.009658746628086804,0.009171217029821608,0.022727527769637282,0.011330094829332202,0.0169963584292377,0.015408763911854929,0.011058226573255584,0.008336277099504682,0.02133412996161025,0.011785548794682266
2021-08-30,0.011541734324239316,0.009266483785136528,0.022493278015824986,0.011852924150120353,0.016421331475249098,0.009976819758653815,0.011689851551312256,0.007978203852571945,0.021822441463065598,0.011792330299007892
2021-08-31,0.011742660427774566,0.009436708733901343,0.02288560241101499,0.011827545039524125,0.016570150655230462,0.01036917041303901,0.0112551459123878,0.00798150918769455,0.020798294030267457,0.011724790061319781
2021-09-01,0.011512285640532397,0.00938118168590681,0.022890868370277952,0.011689120134070695,0.01650340013362492,0.010189346601087045,0.011203182186597598,0.007963205032026075,0.020813443275107125,0.01122971799101508
2021-09-02,0.011529149103951343,0.009384369462247815,0.022611438932321145,0.011314906780969596,0.016808718110739532,0.01022049350920971,0.011410702165529293,0.008635345153795592,0.020831028936181682,0.0117355951545149
2021-09-03,0.011532279635688737,0.009215577145770901,0.02267358726809808,0.01124326141502989,0.01674013061261554,0.010182455923942919,0.011220538711642927,0.008543832376721688,0.020813104338582834,0.0102578898617071
2021-09-07,0.011744925089605415,0.009273621021348875,0.022492293173610248,0.009538557987919877,0.01650625557203654,0.010002290290268733,0.011622474893767852,0.00842248689300915,0.020771978767950065,0.0101386231162838
2021-09-08,0.01208698664286139,0.009190550865096236,0.022822175697511316,0.009595381808170461,0.01644920750657447,0.009986518161339334,0.01194167647805203,0.0084483173465042,0.020396070597977423,0.010368243741679032
2021-09-09,0.01219539222552246,0.00937321868987695,0.022415825713513186,0.009258054642688337,0.01588477401496075,0.01029455185912961,0.011918830095809591,0.008453433864624143,0.020318933632769084,0.010374903347941524
2021-09-10,0.014552604436789731,0.009498723373264637,0.022134520691984072,0.00916560796662121,0.01583300650072461,0.010106561898579768,0.011854745199835644,0.009547260296765284,0.021183087498751158,0.011318489291691769
2021-09-13,0.01387116771395963,0.009328365424401703,0.022570931411946674,0.009832734567950578,0.017006050567856257,0.010186021699838406,0.01192504544170677,0.009674832642147989,0.02083951696160335,0.01262682473981782
2021-09-14,0.014031002494879595,0.009279337904048975,0.02247657480127157,0.01026618837198788,0.01713532253735744,0.010167382687768586,0.01193092033963611,0.009662574699815034,0.02075035712234048,0.01255377770745333
2021-09-15,0.013759797512382722,0.009829252229501288,0.02215814306570224,0.010313284744260593,0.0184729719209529,0.010229552455500895,0.011943070425291774,0.009972763464674813,0.0180400857651363,0.012181294649233633
2021-09-16,0.013704362918421094,0.009703095809342858,0.02118267861435986,0.009946448543258163,0.018567853704537573,0.00915440354619418,0.010724523228156995,0.009617591792866755,0.016207789757874402,0.011935753709783064
2021-09-17,0.013106862047967526,0.010484331665804661,0.020810423560678977,0.009734853432839414,0.018132055284960664,0.008755052933812922,0.011801032890012487,0.010503994323456474,0.01486195207703273,0.011826662440744023
2021-09-20,0.013901005856199486,0.010415010210356223,0.021463652092921216,0.011733700421480406,0.01780196825307268,0.01154174155204774,0.013120535003946445,0.011120898773569716,0.01671712352820208,0.011061200095014406
2021-09-21,0.013703453460298545,0.008629609168760802,0.0185968461779309,0.011710948432886642,0.017805758541562824,0.01161122790235248,0.012894089244946073,0.010796763512669378,0.016772240557716842,0.01098315671882388
2021-09-22,0.014053045070320902,0.009165281437039397,0.016000884150757094,0.012136781291621383,0.016672717380565163,0.011030891701730628,0.01534570886114117,0.010157164571303208,0.015236105063892304,0.010936882009720435
2021-09-23,0.014159559072767159,0.0091116719428298,0.016748647773013818,0.014126510142795715,0.018109854528110453,0.010961344682067154,0.015409942664961434,0.010080062324610348,0.015236887698100408,0.010917249446387911
2021-09-24,0.014055351601944663,0.009105121862165038,0.016755489092133258,0.013640856776561773,0.018182617786842707,0.010933316834745787,0.016040130903162305,0.010120553365826714,0.016129320580071212,0.010797626165228445
2021-09-27,0.014189617741690988,0.009641025254177614,0.01721616972674308,0.014534640649253038,0.018763667664352886,0.01102603611268062,0.01592651192530324,0.010230017581271704,0.015997687584516522,0.010746964495367122
2021-09-28,0.014942146934367411,0.012410493595875139,0.018679343660505807,0.014529835606461497,0.018500273459227175,0.012396410802186248,0.016762154101506454,0.012332870670313571,0.01661784355516433,0.011162297190444731
2021-09-29,0.01319069675640456,0.011945360447199273,0.018642136462148576,0.01400784439653041,0.01823320898309038,0.011370341990683066,0.015712317976684438,0.012350666622022154,0.015830148542436626,0.011255338108715351
2021-09-30,0.013209587836474891,0.011968729241930374,0.01879076604593486,0.014373434481648635,0.018545054480882235,0.010776443526039093,0.015741386454742476,0.012315970852985922,0.015976179941963986,0.012276769270973266
2021-10-01,0.013340008830014535,0.013475661357243606,0.01877223579093301,0.014983136108663805,0.019311769532545923,0.010727835387615807,0.01590085811547034,0.013396904284274836,0.015953610548456773,0.012320659188980688
2021-10-04,0.01390769547348048,0.014092297632171904,0.021292322260800304,0.014987919411124425,0.018937621054360858,0.012150971019668505,0.01853622401719753,0.013814086007005134,0.015955241445688793,0.011832119294916996
2021-10-05,0.014381652850425196,0.014933372180259238,0.022515240551697364,0.015183410845734088,0.018890003093611073,0.012390433364707614,0.01937071396563042,0.014490109410967286,0.015980104928373956,0.0126560813903761
2021-10-06,0.01389006727233519,0.01537912104148276,0.022818873724220298,0.01514682550746219,0.01946437690020588,0.01260363915532629,0.018838996621414975,0.014746246159809774,0.015081363101497325,0.012708573979388578
2021-10-07,0.014142197819958995,0.015454720838594756,0.02319398384964919,0.0150586993035728,0.019203095805290105,0.01295812204125683,0.018858872149543363,0.015061296701635727,0.01530267092146462,0.013932024377079955
2021-10-08,0.014127374745731523,0.015315210970409719,0.023255880807857256,0.01507067111114461,0.019616159790521948,0.012808740687998586,0.018889289008129816,0.015109447142514856,0.015552843827227474,0.014109614883117592
2021-10-11,0.012336363729355504,0.015281519792183968,0.022955737241914412,0.015690038551470623,0.019868474409192965,0.012998741809795576,0.01885856084666042,0.014625163570254167,0.014327028439892706,0.01333043700116039
2021-10-12,0.012352628018720294,0.015272434512330214,0.022830325681710843,0.015572155731754703,0.019512268932235073,0.013020522829778369,0.01886129663505797,0.014861305935887754,0.014595058019942687,0.011967742765708262
2021-10-13,0.012256262596631531,0.015354488720819787,0.023052596385706604,0.01625493470697203,0.019102571850749393,0.013389736684416504,0.01891260278467713,0.015013999894979124,0.014600567212195876,0.011948495123499483
2021-10-14,0.013085494254460981,0.015660335072867074,0.024675542577598557,0.01649369196905884,0.018172523140821947,0.013303291848585372,0.019375893569582185,0.015853028813692407,0.01442734319935773,0.014828759150547335
2021-10-15,0.013238717387236315,0.01569719171681815,0.024705042438158513,0.016900047067078223,0.017860214620734047,0.015312215791849295,0.019388754034747928,0.01582667039015314,0.015482647786799164,0.015320012681103471
2021-10-18,0.012911325662756832,0.015311555559977454,0.024736023655845346,0.016871457332520736,0.017475489556650518,0.015459195237663516,0.020754040009638073,0.015362605573909376,0.016514346304116616,0.015370333715327318
2021-10-19,0.012281109980759918,0.01461723827311848,0.023213544429996923,0.015138228195085769,0.015833992323978953,0.01372530419830444,0.020513233896225662,0.014948673063163127,0.013184292708252573,0.014786043977584295
2021-10-20,0.012280703154880102,0.014655705819065211,0.02331800706276619,0.015204780271321166,0.01571455072226762,0.013851912193533827,0.020474982851974632,0.01516756675414817,0.013209619493476644,0.01564082607258951
2021-10-21,0.011801152891845194,0.014591702824069257,0.022968084409202116,0.015147844489034905,0.01599968230580621,0.01371670905973264,0.018498194736937413,0.015055804174437967,0.01413125107632666,0.015689454870356785
2021-10-22,0.011810620612074637,0.014668014593264509,0.022369593493933162,0.013808305660051744,0.014737665642257688,0.014999484287368489,0.021534165618213863,0.016460528360674107,0.014196514528831899,0.015837371383544876
2021-10-25,0.011812382434477929,0.014699052928237812,0.022302195851896016,0.013787136693713259,0.01505406140662903,0.014989184368429716,0.021190443737249442,0.016351315391079656,0.02310683727654282,0.01578458988793807
2021-10-26,0.01155685080240833,0.014079727721912558,0.02555043881118839,0.012893746413605555,0.014604291271522058,0.015458923035910855,0.022593726158826537,0.016599697565328475,0.02333415912739609,0.015702622413322948
2021-10-27,0.010066089512136113,0.013449475491789778,0.02304624107458809,0.013738686843250046,0.016049399749109926,0.014260685054867637,0.021445775754806596,0.017562852293298323,0.022456311352654603,0.015002911302883509
2021-10-28,0.011170035046268042,0.013423259359560546,0.02285194837416195,0.014074372789748055,0.016025069535795924,0.014549247820822316,0.021847516915223388,0.017311299525684883,0.022997430868143535,0.015003884186475885
2021-10-29,0.011823870264661926,0.013465263551104851,0.023101055784970542,0.01367853504334997,0.015272889991269927,0.015392145272272213,0.022468061925717753,0.01734375596442802,0.02282381800699596,0.01328727417898778
2021-11-01,0.01189051875507047,0.01320117069306428,0.02301372227496932,0.012992007510874388,0.013926157961883602,0.015857592353087757,0.022809652215158672,0.018599377141586736,0.026567569699174967,0.014097931328988712
2021-11-02,0.010189700064037186,0.01167366418864665,0.018488262648367677,0.012997215308101323,0.014169673623621945,0.014378310068728603,0.019991406137890372,0.017917627668779176,0.028699337448429518,0.013543439550562196
2021-11-03,0.01001008235331212,0.0113873981722259,0.01783066472913225,0.012539689257968759,0.014584199623222062,0.014907656482149326,0.01961134760914088,0.017677255407666764,0.028572423585641656,0.01342262446164497
2021-11-04,0.010095587594241886,0.011239156810872473,0.02300811635965286,0.012884215496231146,0.01386383927673104,0.015719082959681108,0.01980818689596998,0.017678377922679712,0.0283517770578007,0.013505086618641611
2021-11-05,0.009999650745461924,0.011363875934670774,0.023308040229817188,0.012798894511314322,0.013934524723860725,0.015710051803462202,0.019817533563193566,0.017573455360766627,0.02891933859279381,0.012894867924941034
2021-11-08,0.010094890756960977,0.01130401928855257,0.02287325044388005,0.012876842413558619,0.01317006449338847,0.015838958296854208,0.019914494079975944,0.017577516257259507,0.03203906672354995,0.013029275449587725
2021-11-09,0.010069203957561926,0.011342888077981571,0.022785449445058736,0.012087646027507235,0.012922945323122548,0.01609376671362701,0.019768821456549835,0.017472629510538608,0.040399503943160595,0.01261703382773865
2021-11-10,0.010881125119318488,0.012087318736904034,0.025710800452708068,0.011952230577485031,0.013790456542529953,0.017473624177373078,0.0204564341502756,0.017640135801532425,0.040919313595060305,0.012894696035169644
2021-11-11,0.010798771336681761,0.012013465754605488,0.025934561321475896,0.010185316151513803,0.013732324476791515,0.01742142161603955,0.020452265726403743,0.01762121702050641,0.041080754129708644,0.01309792370621171
2021-11-12,0.010391716837118693,0.01157584297439751,0.02566227998633638,0.009798339747698332,0.013634413846026329,0.01762718721809075,0.022027044136334228,0.0172856481276941,0.04208629611153917,0.01038398659826654
2021-11-15,0.010325024814131643,0.011676190725239467,0.02624100154338224,0.008892224986201647,0.013611437475869275,0.016314165036842573,0.022126698055557174,0.01730680435679615,0.042388967279090986,0.010933822255823141
2021-11-16,0.010136483399772443,0.011678730008420745,0.026282554603915848,0.009030899454349149,0.013710155716614745,0.016191118879900507,0.021373796589042614,0.01726609175329992,0.042649720104729505,0.01073306270446899
2021-11-17,0.010232812334394648,0.011707393168813513,0.027976476531926805,0.008627029090501446,0.01369966703234858,0.016185773186345617,0.021227303263510095,0.017262755878469167,0.042749766507922504,0.010749143642354443
2021-11-18,0.011764429253225678,0.011591046071423947,0.031227736790494613,0.008092999152085775,0.013912333534760443,0.01811244277460619,0.02126324311286266,0.01718229345243712,0.04270783169693279,0.00946449865240736
2021-11-19,0.012152834234299584,0.011515898928580175,0.031625840944047835,0.008354822357217127,0.016775876711825403,0.018211311023723746,0.021682693413400428,0.01728505542202614,0.04282337172041919,0.010063325581670678
2021-11-22,0.011987462988050824,0.011746566700374309,0.033186200467491586,0.009213428774200033,0.017000737585651775,0.018150283446480196,0.01838637905940283,0.016227994853500956,0.04282262710203908,0.00945287379528737
2021-11-23,0.01195423634902055,0.011865836412573941,0.033482925740937974,0.010755290044095776,0.01744814157647722,0.01806464620110076,0.01845575089593022,0.016270087368200417,0.03999521181421953,0.01069594714990309
2021-11-24,0.011954462861083084,0.01188426691269837,0.03158496331410792,0.010833347570100352,0.016694013947038823,0.017826137779024157,0.015953503314197422,0.016086093744591988,0.039906910120853886,0.0104893865866132
2021-11-26,0.014270211226822756,0.010199200301534232,0.032964790319672185,0.011856966568943642,0.017516239247951093,0.018580250934460293,0.016727608007858122,0.013508347531234383,0.04057493214472708,0.01158717201824245
2021-11-29,0.014047718822776004,0.011073843960597136,0.034508707196100566,0.011231997813087705,0.01755977302877225,0.018592707853067884,0.0167167735078564,0.014528796157959668,0.04118366334112071,0.013120461913298824
2021-11-30,0.014532135997149725,0.010865952105281853,0.03512497147255416,0.011552346608087327,0.018520522850457185,0.018244182223514947,0.01875389928376464,0.015086147673265115,0.040630959037456345,0.013351042204133778
2021-12-01,0.014455320327972459,0.010762759520119427,0.036692734582261376,0.011549974811320222,0.01791658723662265,0.018347804383685738,0.020470904899675176,0.013574247776350669,0.03762412775932156,0.013058673961923607
2021-12-02,0.014641258224194412,0.010459100601863683,0.0366881498402098,0.012627065958879127,0.018818846888572414,0.018350013707356658,0.020465117228901864,0.013578661614449504,0.037128009447011494,0.013072707657699524
2021-12-03,0.0149867314558386,0.011251521174673228,0.038490723191738144,0.013052247790696152,0.018653787382212197,0.018084002618804166,0.020313337717893638,0.013482056414521602,0.03861065954823865,0.013027218901885034
2021-12-06,0.01540086229903879,0.011362690286949908,0.03492049638907329,0.013262243266867771,0.018764127797241712,0.017200935685246284,0.02177414129877205,0.013345839297422234,0.03833741955838581,0.014071810169989502
2021-12-07,0.016767379915103426,0.012881658104064275,0.0386636400743567,0.013789842551816874,0.01881748008342432,0.01809003790665707,0.021766741803190236,0.014837243847810115,0.03982518450534069,0.014206894330108426
2021-12-08,0.01692795915581539,0.012865480283766733,0.0383030244888173,0.013838127684394763,0.018643397317810336,0.01798219267133104,0.022473967643422667,0.014906147567476772,0.03876488268576131,0.013975469148097662
2021-12-09,0.017045498431417342,0.012905231723741329,0.039501934836729286,0.013787589709239562,0.018489336551533477,0.017258901257660903,0.022391930512045334,0.014924826745160734,0.035387613968775856,0.014091334889635973
2021-12-10,0.016493159827418453,0.013804318535509959,0.03852521866406718,0.013790663912212906,0.018107209248379733,0.01643219224820742,0.021789386659179587,0.014201443383157895,0.03414242532761476,0.014006421915806831
2021-12-13,0.01765631699833893,0.01398517400720789,0.04083271961064677,0.013939032934566628,0.018678503664171703,0.016750115532567333,0.02200149796989824,0.014597660871309901,0.03576338147090071,0.013912307719454996
2021-12-14,0.017944460079572924,0.015561382710960265,0.040882989276928905,0.014117049252567442,0.018633001528418843,0.016336112627788495,0.020170723160771963,0.014134433026956116,0.0353488852779696,0.013909998722750862
2021-12-15,0.018427112098977516,0.01616709522704919,0.04400005204826756,0.014162625092329245,0.018490906472026253,0.017277035611661655,0.02039508968719492,0.014730618852442454,0.035451868921317915,0.014413042796990329
2021-12-16,0.021261679787788552,0.017195480677712368,0.04662362718999772,0.014646857438054064,0.018300559689176366,0.01811207789556335,0.020649528568158937,0.014992783398754506,0.03568739858678613,0.014424794664470391
2021-12-17,0.02130529533006052,0.01718662731310314,0.046349063675810286,0.015371210853384214,0.018707796719753998,0.018193695619780775,0.02062108093515121,0.01547784494970891,0.03473835817474317,0.014805562313919302
2021-12-20,0.020816654859715674,0.017199656030023876,0.0424169408555675,0.01570379311763874,0.018800103411242115,0.015618593931278834,0.021274426464022524,0.015142592127502385,0.03510483000609307,0.014990265362162863
2021-12-21,0.020888069343462098,0.01802862414500066,0.0428439519987394,0.01591356421216803,0.01689093573640445,0.016512060173060342,0.02168780085050481,0.015501167075866946,0.03548629186901191,0.013866448522748206
2021-12-22,0.021040852014165393,0.01846113480466262,0.04257807763646356,0.015118291331486294,0.01670181386084131,0.015534168739990696,0.0216586942697257,0.01576072487465612,0.03935189474430408,0.013778808775169401
2021-12-23,0.021037553526865087,0.018453474718219183,0.04265377271314711,0.013991625618103059,0.01557537399304786,0.015514232878718228,0.021807771991270427,0.01575466730762907,0.040710760507470106,0.013311223783048717
2021-12-27,0.021419229879706497,0.019145247157654845,0.04329930485843753,0.014079573141849766,0.015884094625410843,0.015559655224043963,0.02281195436810175,0.01581100806358666,0.04109861094362919,0.013325264796733674
2021-12-28,0.019835731752773835,0.018285223935886635,0.0428072720548129,0.01256516514536524,0.013794770211959587,0.015035561095107291,0.022127558812340478,0.014633889749531687,0.04053544664752113,0.011661652448762053
2021-12-29,0.019557073030885056,0.017749517894574785,0.04059316439766937,0.01254180591804364,0.013879055410340785,0.014566191518403587,0.022056791066504527,0.01375687060015409,0.038925732027491174,0.010665843901968463
2021-12-30,0.0187935737735585,0.017337909634508042,0.0404796416950688,0.012112633880809302,0.012343367571238363,0.014262876452642376,0.019886620267931945,0.012481726019851168,0.03896041611939504,0.00949337939756779
2021-12-31,0.018799670051073362,0.017470253317214902,0.03973372500146319,0.012040731694975233,0.012401198560219378,0.013948670281516955,0.017922377736409947,0.01259923483729909,0.03788200045045748,0.009700141850382616
2022-01-03,0.019203620309190858,0.017503774828977074,0.03980248642397823,0.012051545883426213,0.013880138555461084,0.014853676745221998,0.017901243401627003,0.01228457746326248,0.04315166687641503,0.00976958678627756
2022-01-04,0.019247635565138952,0.01736098567629085,0.03903764404289245,0.013770433625990867,0.015711597872672668,0.01501078530157261,0.01769872037339646,0.012217206921155705,0.041524572196190004,0.011527133523658497
2022-01-05,0.020067072550426963,0.019282257506120153,0.04079905766212049,0.014352497584101316,0.01573939034482634,0.015284171665613175,0.01844686427105811,0.015919576571540358,0.04346461863632282,0.010697204576877601
2022-01-06,0.019071513453074996,0.018228308961481376,0.036914541716461684,0.014176326221109021,0.016234177126560702,0.01371648489814149,0.01895069025507718,0.014357721745321452,0.042778666345350595,0.01434282550707849
2022-01-07,0.018378866329283778,0.018231677511813857,0.03729798483372269,0.013988658674046634,0.01625015668630495,0.013692256473739135,0.018254393909300868,0.01420023877408896,0.043246241602766106,0.015140844332567552
2022-01-10,0.01837294013217527,0.018240156372159297,0.03648313850419406,0.013966016595791745,0.016411246696088757,0.013600785567971342,0.018419926175163935,0.014608785589104339,0.041581162548875616,0.015322650913011996
2022-01-11,0.017670576043077126,0.016888473952009365,0.036727681221925136,0.013896079699299447,0.01821137412927339,0.014710710926161571,0.018894132790487104,0.014749206753466141,0.04150562344226734,0.015263392012836934
2022-01-12,0.01709388011301178,0.01712579197993563,0.03351363115540196,0.013504681007661352,0.01718726988794355,0.014379900518869197,0.01864899720754833,0.014814744951409865,0.040524830240122774,0.01544933919546495
2022-01-13,0.017522833270240377,0.018058493003799015,0.03532309125551527,0.013503081882896572,0.017369551431927623,0.015248407377560468,0.019171272493710582,0.015171506744338741,0.04363389108796992,0.01568131956667398
2022-01-14,0.016316393354043477,0.01796910720938065,0.0311505949788747,0.016695865151585835,0.017335758958599914,0.014090883701936896,0.018781384146853215,0.014653896647386073,0.04362074005001157,0.013930921012163446
2022-01-18,0.014376369638136089,0.01764201561540444,0.028555352677525764,0.01891091926011795,0.017389740186769007,0.01366512363867914,0.020445410210743798,0.01530640931991829,0.04216271994778521,0.014263818160335744
2022-01-19,0.015020091315606431,0.017684138845817068,0.029015802869400528,0.018555077185735316,0.01606937014014053,0.013790689129768061,0.02050004213798226,0.0148844726528224,0.04295570539005171,0.014191196470897694
2022-01-20,0.01507858222264185,0.017576267952711232,0.029853064691930453,0.01823155860687753,0.015213314979298799,0.014655336454997983,0.019885917623492455,0.015077814978354906,0.04210803990586183,0.014171498094301347
2022-01-21,0.014512092627253075,0.01687283530878073,0.027609826546199274,0.018266912555575495,0.015891195212796902,0.01761322755500361,0.020805481333864836,0.015188858531869095,0.04289663860618528,0.01401536126338845
2022-01-24,0.013901062608871454,0.01612823225992431,0.027279738543029636,0.018216490916945757,0.01589110006279123,0.018057378205093327,0.021318522843272448,0.014224270440914902,0.03950337104951859,0.013541642563084105
2022-01-25,0.013878572882390234,0.01660300481488463,0.02793128114188443,0.01840474401967942,0.016391489666202838,0.018700442681091695,0.02157733951340309,0.01503998852068256,0.03691719307077033,0.013601316275805495
2022-01-26,0.012435788861266268,0.017100794663443285,0.02597018165430959,0.018501754228263747,0.01691637014364799,0.018701200439738754,0.019961347150652516,0.015733922684765984,0.036726744817816334,0.013426097148951313
2022-01-27,0.012451229979270572,0.01750368880147516,0.026406567017161844,0.018779300446084314,0.016716264353427657,0.0186878172551291,0.019959761215674804,0.015759757258994304,0.04124680719088402,0.013427231438536323
2022-01-28,0.0162336816324108,0.01893871750488221,0.029045242974925785,0.01895120375568366,0.016288359411236054,0.02062651096759842,0.021092012940865774,0.017916784403560357,0.041845815564923526,0.013612010653871675
2022-01-31,0.017435343715850628,0.01915744444417325,0.03417461249129963,0.01926678087878208,0.015886850515313303,0.022903579541811988,0.02307198964146272,0.0183940435886085,0.047786296300295995,0.014152257645576078
2022-02-01,0.017433918060356504,0.019139786666443122,0.03433117891800681,0.019700360498390496,0.01712751629754542,0.023127816124833736,0.023146476135916007,0.018890102066635016,0.04776838652144892,0.014205034897870073
2022-02-02,0.016481068626325892,0.019588601914088597,0.03434845343721354,0.01909619641350911,0.016367415621762162,0.022330230023382438,0.02329890134085925,0.02235879668107161,0.04201145828147978,0.015396470317983227
2022-02-03,0.016627707857736436,0.020965038779357154,0.03545364267503387,0.016832911951582354,0.01583980570870172,0.024940264373297823,0.0272435063540943,0.023536082378047184,0.0414501174808926,0.015263645398243295
2022-02-04,0.01569841907623636,0.01976127007704467,0.03393161894105994,0.017730354991316602,0.01608986991984475,0.02821803400862895,0.026220701060629494,0.021094037376601826,0.041372565057614955,0.01545740438038774
2022-02-07,0.015333111313222939,0.01998439024726828,0.03378894598675559,0.017535078032212843,0.01575346154692443,0.028240436150034052,0.027440983109657015,0.022080901618760806,0.04130581941719386,0.012249578173656545
2022-02-08,0.0159129623912163,0.02020925916407565,0.03348997764079865,0.017950403275380847,0.017414918194201597,0.02878080458983083,0.02757990109440978,0.02205577694897268,0.041014571683241983,0.011436094061219109
2022-02-09,0.01602528485614728,0.02082455210250563,0.03639337954427622,0.017993236170559427,0.017375799986583524,0.028765766755695275,0.03054535079757423,0.022169204251349273,0.040428553943453585,0.011275729026307968
2022-02-10,0.01635447308563085,0.021706764847619613,0.03684768975014659,0.0179828171996007,0.015823163303687462,0.028233018048031484,0.030133471409081118,0.022564189952015878,0.040695047537095054,0.012576358337526189
2022-02-11,0.01680028668315467,0.022053901590697454,0.03993433991935103,0.018027461690122218,0.01637754885709068,0.02909842188152315,0.03087718271309102,0.02327958376172761,0.04037199999873215,0.013117728940564923
2022-02-14,0.01640649727829813,0.020161082051622117,0.03880321802245034,0.018067451085953454,0.016784260692509278,0.029013269541378832,0.03075302117234249,0.023100245298799078,0.03848419876036971,0.01287986055345393
2022-02-15,0.017233394095999523,0.020200265873557298,0.042752891794891744,0.016078152340088622,0.016935701312307958,0.029068480754029066,0.03069829300703948,0.023130619212024823,0.04026928922823838,0.012973679185964515
2022-02-16,0.01674228940034978,0.01949389800129686,0.04185125939611847,0.01290382828241575,0.01666376280649381,0.02896981874628588,0.029832251302520336,0.022590295988003897,0.04017478093345575,0.012344090751995815
2022-02-17,0.016757963724286624,0.020499081879459296,0.04460603776390615,0.013500278476537167,0.016683107390650865,0.02912739844660696,0.030636913807383405,0.024055217374435677,0.04102531674545703,0.013264411380966568
2022-02-18,0.016729450092335875,0.020553864765895956,0.044553332674059205,0.013349806540703574,0.016957065473438945,0.028562093206419118,0.030638763105035945,0.02412943384678372,0.04117020074961217,0.013332680762179316
2022-02-22,0.016956877281649723,0.020202235574569013,0.044036122174875576,0.01264852586471507,0.01679907150645528,0.025828226289975425,0.029748562914947384,0.02368441064071677,0.040563807407624324,0.01355365013530495
2022-02-23,0.017842373496339083,0.020910483088129185,0.04504907827971806,0.013629773603618205,0.0167430465566193,0.026823834782565392,0.029209941872985704,0.023913796720689145,0.04309221821165912,0.013613358262901668
2022-02-24,0.018113303993929738,0.02218311772864092,0.045792914311654845,0.014861631940387246,0.015834683777491414,0.027721554116697144,0.03119373013766041,0.02464040682411142,0.04473191381599354,0.013480763016364581
2022-02-25,0.018338552694378688,0.02138428397696643,0.04574435885275566,0.015626628223325913,0.01665664422747418,0.027807122269068358,0.03134822738859629,0.024501166571825467,0.04450855075703148,0.016394381176507326
2022-02-28,0.01832432708784144,0.02127959890589467,0.044851517449781636,0.017822017085139006,0.016522183239715736,0.02781182836391948,0.031372336858139824,0.024504467084639492,0.042677731638858976,0.016354569297319516
2022-03-01,0.01580551057010652,0.020419406058959536,0.045008700858095045,0.019410259031749814,0.016613863874713836,0.027284866219425784,0.031412288860398846,0.023438217731382,0.0424993457512963,0.01624727462643505
2022-03-02,0.015368317555819265,0.020749575356019224,0.04281397884124976,0.019774493640481613,0.016876303502355198,0.025906656800449342,0.03049118576599435,0.023204965150699884,0.03706243737913532,0.016486149691022942
2022-03-03,0.015365755956412059,0.02089712489129309,0.043004284106357656,0.019242243604954606,0.014497235768301616,0.026350370722918542,0.030087067052766682,0.022828572429536335,0.03830249689463546,0.01632314338341345
2022-03-04,0.015604573441030153,0.02086306560607195,0.0430757184754833,0.019951463374125317,0.016486018369636302,0.0264810834539923,0.029646813300330244,0.01921847489044917,0.03794527848529343,0.01635734873388938
2022-03-07,0.015983575532795332,0.020759956865018626,0.04430608102921467,0.021299426818405125,0.01761662662134809,0.0264810834539923,0.029473628651235317,0.019972690662854817,0.03873473323052431,0.016805226211749544
2022-03-08,0.016066238832018725,0.020320214588170037,0.0441521385593848,0.019972666629270972,0.017213859344016553,0.022847289222668973,0.029979677160672975,0.020073702681980058,0.03822764967152983,0.01771537212752612
2022-03-09,0.018152815487267947,0.022504506760326767,0.04677266280898064,0.02240343133197822,0.02025371482858295,0.02375104283508198,0.03044490272547011,0.022549803619091393,0.039419702401294214,0.018617555187823195
2022-03-10,0.01828629562062836,0.022311593370868302,0.046630834872147836,0.021666602279954657,0.020180634312752993,0.026371963056429908,0.030346704469298425,0.02256522047877192,0.039450153849065236,0.018277826107968825
2022-03-11,0.018509787463090923,0.021792197639590644,0.04418728896392714,0.02170870247174225,0.020188897845139584,0.026378299348796312,0.028109752300296963,0.022461721078869602,0.04062650269628244,0.018397702290066126
2022-03-14,0.01866612283310065,0.02121474306722553,0.044241770296277315,0.02208707937289625,0.021874412109095576,0.026702748696630117,0.028081709297297894,0.02291051227775837,0.0408550371874819,0.017860292825803068
2022-03-15,0.019900146838774474,0.022640110901603172,0.04512332590090078,0.02277931268576982,0.023674241517904957,0.027313250089827223,0.02845728666605345,0.022914555283307724,0.04120685181027157,0.01786734639904307
2022-03-16,0.02111637964546779,0.02337816995823901,0.0473173086022709,0.0249128366823217,0.02344385703174917,0.0285446355849874,0.03178560518113515,0.02391867690149174,0.042404593053512595,0.017727347894290726
2022-03-17,0.020413181584374947,0.022990606660977426,0.04383360248628461,0.02484054624800363,0.023933376823609808,0.029101988395402168,0.0319624769966438,0.023863747867499254,0.04155698113163496,0.017991049430826685
2022-03-18,0.02108444860554691,0.023354880669662292,0.04635357944691015,0.024815690083703365,0.023956007381341956,0.029540504482979995,0.03305942491585932,0.024106118922946985,0.0424969296297192,0.01801862248942345
2022-03-21,0.020741075632748514,0.02239996329862551,0.04292588657651025,0.024460657713523574,0.025403082025491106,0.029066466334114097,0.0321370280423942,0.02248865441273386,0.04097814135050951,0.017225009355668806
2022-03-22,0.02116166403721575,0.022509247355880314,0.042043624606967714,0.02500795769719948,0.025250883361368454,0.029115726792467964,0.032464536971582955,0.022798823330851335,0.043557070147534814,0.017205227359081463
2022-03-23,0.020791070170734442,0.022814636365448768,0.04279845275065409,0.025271183860157045,0.025120346580917784,0.028922886943137445,0.032306173890647515,0.022967620560176098,0.042077173728691644,0.016955768499467196
2022-03-24,0.02023097475582079,0.022094608909158805,0.044263886697380996,0.025060792240841716,0.02512340885655689,0.02741613201960266,0.03240180607397141,0.02289227145369721,0.03766565957974855,0.01712160273153295
2022-03-25,0.02002573112888721,0.02032832775456565,0.04315305688521613,0.02447926327702267,0.025030868165710263,0.02598398517993297,0.031102789615629928,0.021510992359326107,0.037021997264543666,0.01690497976412504
2022-03-28,0.019912438763624283,0.020807409714137057,0.043176270724060405,0.023854493198815184,0.025708113068930224,0.02627553467993452,0.031029167093327266,0.021404781393205858,0.03974115121008166,0.01466271167391786
2022-03-29,0.0202091724328847,0.020996508730663662,0.043214424191446825,0.022028342855760854,0.025773435652573607,0.026247392714681423,0.03149622832372991,0.021428487634605194,0.03747403985675421,0.014764747357654751
2022-03-30,0.020045202102339923,0.020775566006002315,0.04303127818092056,0.02027360739408332,0.02591313647194944,0.02633224363716641,0.030275964287216097,0.02136206651021546,0.03743041210064645,0.015155290847580433
2022-03-31,0.020229570096504234,0.020950255383889636,0.04291176490298217,0.020887946041267064,0.026011362622608926,0.02687037286557245,0.030678552306902553,0.021947326248522393,0.0378274617275087,0.015735901959481657
2022-04-01,0.020226894361591058,0.020653493380952445,0.0429162723026119,0.020892332246299248,0.026012025144954546,0.025914487848486295,0.030026532872774063,0.02193297830678331,0.03553474377230636,0.015746367654592558
2022-04-04,0.020139352566120372,0.020246973143751356,0.04217248615229982,0.01995751312707946,0.024767409892429534,0.025988081509274546,0.030589035962013175,0.021890093696369416,0.036553468900280967,0.014996605724093398
2022-04-05,0.019822594951331284,0.01825309483424628,0.040641820916054686,0.01802516130559062,0.02345788290539788,0.022797353290195478,0.02605758411162191,0.019749284940923355,0.037151969953168315,0.014117929792802665
2022-04-06,0.020158298433269245,0.020201385511303738,0.0433546230432804,0.018253336825342373,0.023537391493015834,0.024201216621127817,0.028014227994478186,0.02111346829738451,0.039087229895620565,0.013114845907829692
2022-04-07,0.01893149528266446,0.018315318976410852,0.041017675066631926,0.016059193255857532,0.021472898496662198,0.024068955821492866,0.0269167439019876,0.018460865070694665,0.03848890725267531,0.012372104519648736
2022-04-08,0.017970654060755202,0.018493995697438006,0.042181255331418546,0.016347357479378648,0.020916504845204055,0.022225677620254066,0.026509736507529608,0.01890512413123159,0.03878490209897022,0.012544479898982618
2022-04-11,0.01810011242380853,0.020167716389232232,0.04346893823475099,0.015482592071956642,0.022342355502958468,0.022730630561957604,0.025520454091970075,0.01990806687207629,0.03854466571191836,0.012632467727927536
2022-04-12,0.016788660282456576,0.020110423490141204,0.04296394316124844,0.01559792930780157,0.021148037482322263,0.021881215710757466,0.025679317818159603,0.018783202175872503,0.03701947274600364,0.012834694086199765
2022-04-13,0.016077334892138556,0.018766958096810893,0.04020234011258541,0.01669349616971849,0.01811082330180222,0.021358791985332148,0.025182902788588306,0.018306397265761196,0.03663101105201152,0.012314055195674583
2022-04-14,0.016795768685540956,0.018782260892383794,0.03810894917580103,0.01385016662036934,0.018033209640400633,0.020521925156579912,0.022710175971485898,0.017639703426819545,0.03718084645844041,0.012413752153276515
2022-04-18,0.016771143236611868,0.018777507410661004,0.03854359472732943,0.01425200900289984,0.017444371378141525,0.019656629041591787,0.022296334774777632,0.017714682955090544,0.03669332188120423,0.01202124631658087
2022-04-19,0.016444655312890938,0.018746232864361556,0.03534189568636971,0.015198552763097294,0.01761087520833312,0.02035934696734051,0.021473548949807734,0.01777943021473455,0.03620703380902078,0.012014505628394848
2022-04-20,0.016358007829097704,0.01878872238903051,0.03540554683021841,0.015259997625683731,0.015638031490584143,0.021088994520349562,0.025567557591927668,0.017997430928331885,0.03814955393490931,0.012318370484130868
2022-04-21,0.0157282436317491,0.01866701762384414,0.037113362475042384,0.014304428774893262,0.015847837088186045,0.021744841548788696,0.028142368909521452,0.017239465866877367,0.034990273724077016,0.012914117676383638
2022-04-22,0.016678786253650272,0.019055957699927354,0.03710048141197504,0.014939136324834689,0.016460321902586852,0.022255429117268414,0.02827761380399468,0.01901036566944838,0.0349873808857626,0.014856853574574674
2022-04-25,0.01584016204239201,0.019598622922328116,0.03150333156815476,0.014766554095511471,0.018171599941096784,0.02254161309677326,0.027629080497088062,0.019417144631338597,0.03486034333808292,0.014294072310249477
2022-04-26,0.01747022252806752,0.020963396792068358,0.03275426686803767,0.015424637394338364,0.017448805402505704,0.024073579936825712,0.02788602792205667,0.02039131652727624,0.040513379678099766,0.015024637727298252
2022-04-27,0.017338082393708935,0.022527467257766186,0.03161814831494582,0.015491889126809589,0.01747461103977434,0.022837959305671906,0.02809927854416153,0.0212667670221702,0.03599336511661511,0.015024517893207115
2022-04-28,0.019573867549289893,0.022902443787976737,0.03675667580499573,0.016146274308190413,0.018486304572722177,0.025731030104941,0.03162447918743237,0.023300032522288426,0.03583071312199347,0.015614033287793856
2022-04-29,0.02085370920590356,0.024380156570735185,0.038008224202591805,0.01715747192083358,0.018971666759734548,0.027881494436290292,0.03183210329200361,0.024115168673617047,0.03582060581171165,0.016498142102285937
2022-05-02,0.020727051474403773,0.025116928541802662,0.04104075069415324,0.016664398784096007,0.018832869945170458,0.027870523082624523,0.03435869345032738,0.02496002587764716,0.0371300839047128,0.016167840597988384
2022-05-03,0.020958063744970907,0.025078758925434992,0.04123537267803358,0.01764399976232618,0.019233822642940622,0.027780662588958286,0.03421535729649534,0.024918456445416674,0.0371391236795238,0.016115652426779512
2022-05-04,0.022342166219748237,0.025674060609818514,0.04191848327669264,0.01931740872030372,0.02077700610827318,0.026930498460946164,0.03518465561866928,0.02650552066983633,0.03651425821845464,0.01650997060848296
2022-05-05,0.02380031181944904,0.026961351878824123,0.043242358567581136,0.019851906810049485,0.021129589256798843,0.028718986988180647,0.03760344929365013,0.02790933994659165,0.03953463650497247,0.017014289852484217
2022-05-06,0.02366223362613734,0.025993381602592496,0.04198311214779196,0.019708274644922304,0.021215307043110698,0.02829012151229106,0.037160386991598626,0.027523399643705898,0.03877784805649578,0.01595260268576425
2022-05-09,0.024513783124908407,0.026854503125642814,0.044208301123003516,0.019888851842336852,0.023654969326780573,0.02981958690127292,0.03767683836851056,0.027870003960640957,0.042957405274570766,0.01647993507098108
2022-05-10,0.02488843570477278,0.027310271572217906,0.045111833441819064,0.01975598107799201,0.023271295218238022,0.029870043650034678,0.03783605885695683,0.028303330548880283,0.043184371624271765,0.015860429825994612
2022-05-11,0.025959489472435832,0.026925137893433714,0.04525457340262603,0.019752117698300438,0.022136662621710358,0.030151388666195676,0.038510363779237736,0.027630742684021558,0.04552890868826073,0.015682442455315623
2022-05-12,0.026121306281431486,0.027106106915434993,0.0453603604427085,0.019738099370823107,0.021783852509160647,0.03063827709661371,0.03884908436786389,0.02762464202091924,0.045231496791536194,0.01584314396631209
2022-05-13,0.0269832677504951,0.02724012280701317,0.04872298589057478,0.018899095527693702,0.022425688234711125,0.03262114877463015,0.04010685332849514,0.02818343278835741,0.04650953675428949,0.016194238344552754
2022-05-16,0.026424521403592843,0.026763320357078093,0.04826336941482696,0.018868191164259307,0.022780465045586396,0.032524189532788225,0.040073901880550884,0.027912142301205846,0.047414905807014136,0.016428296142695236
2022-05-17,0.02722484648537372,0.027231099632010584,0.049561568529422395,0.019903720069294348,0.022844087653868816,0.034140434622565045,0.040244999904027176,0.028220878375040392,0.04891512673780123,0.016593926481052245
2022-05-18,0.028241884601451443,0.02818457313004141,0.050945317947636855,0.019432891645869,0.023094421153909615,0.03433218641346006,0.040590276824356245,0.028753653642584302,0.04983968974432147,0.01854070607131315
2022-05-19,0.02849233742412327,0.028111116126297606,0.05096567375671203,0.019484628702705897,0.02309445269890028,0.03430756222795387,0.03841531673990094,0.028732892161531767,0.04928729014470262,0.018526781084035587
2022-05-20,0.028560653555904737,0.027938764084045227,0.049702688352889254,0.019488020043412418,0.022864069169342,0.03385877074577572,0.036293092144983136,0.028465094096376858,0.04941853827421055,0.018943548024314687
2022-05-23,0.029861811792898044,0.02864522085340823,0.04955323066221774,0.020927677990122663,0.0222863406275356,0.033652072068443166,0.0362219574050606,0.02793341488137482,0.04990827370145032,0.018311447514739756
2022-05-24,0.029933311424810375,0.028000122570669955,0.04986085946454545,0.021211556477741218,0.020206004068663824,0.03375549452610827,0.038673263593131245,0.028580815007967098,0.05122339114671862,0.01845630332836236
2022-05-25,0.028998784194962674,0.027008801363671807,0.05017584141974894,0.020204737200990946,0.020250166871894827,0.033481152169896534,0.038357900596298004,0.02777783235093247,0.0502628303580855,0.018013495983860924
2022-05-26,0.029566120087866042,0.02544443154705396,0.05141292926952798,0.020256241214020358,0.019836696684366065,0.03493941653229541,0.038869925653236354,0.027228881403681553,0.053483527207014485,0.018137382529966793
2022-05-27,0.029399637543705736,0.025703280008163912,0.050211632176615,0.020203837327530876,0.019235258536776694,0.034320203297221165,0.03623743178631705,0.02758939998990709,0.05634810507033827,0.017643872443620527
2022-05-31,0.028310874650193534,0.024014210045017904,0.04816271482988336,0.018582327285094895,0.018791866477919195,0.033584866433869945,0.035846815613779864,0.0265258855264338,0.056358420344644534,0.016930638962603543
2022-06-01,0.028303348544141817,0.023318061477834145,0.046871924101367875,0.019119090826784545,0.018911594424759894,0.0336864649608614,0.034109486917055946,0.02607028537296458,0.05559382997752201,0.016737743522151106
2022-06-02,0.02847800528709154,0.023334981513727707,0.04928199102124845,0.0188975863200683,0.018810404957139475,0.03431800076467078,0.03631173689484276,0.027027988477385034,0.05679600690707361,0.016729940440084367
2022-06-03,0.028054085769932298,0.022553636240104497,0.049521747398159684,0.017884151354419463,0.017436866093274547,0.034733393977314564,0.03500455192216621,0.0259199741420386,0.05843888070080013,0.01650361334828542
2022-06-06,0.026624721314616517,0.020662304016045997,0.046650836312333736,0.016935733242242724,0.01687563102534642,0.03231037847847202,0.0325316462445923,0.024172419021585324,0.05632258032597501,0.015751237026280365
2022-06-07,0.02693131704506479,0.020821378214889108,0.04662499779605191,0.016925835920480543,0.01835630847518098,0.032319101516693094,0.032293255277460596,0.024127276569636577,0.056383613128272926,0.015912641879339127
2022-06-08,0.02592404159936808,0.019072605086116662,0.043303946373857115,0.01697061937270291,0.013648296852415222,0.02988486534248481,0.031209995895955286,0.023194514587300784,0.052942442235542606,0.014816315274339048
2022-06-09,0.026811474709996203,0.019246295886636067,0.043306418983421704,0.0167219961764299,0.01535487755777476,0.031684083369590214,0.03441307769587527,0.023435602844871364,0.052749588121640024,0.014931562710083772
2022-06-10,0.026492803660926174,0.020088255672719095,0.04364455325705395,0.019282689910650998,0.016231283573624244,0.03352197069617031,0.03446194245221909,0.02447232294504086,0.04981790324734008,0.015069039934235903
2022-06-13,0.027160054670728306,0.02169502333987021,0.046437005883770976,0.020365769744514622,0.019952671252418733,0.03573605902921095,0.03691544979350835,0.026193561654345443,0.05219011821321294,0.01623504690970743
2022-06-14,0.02610690622754006,0.02113806085238995,0.04274148697207439,0.020474185760376063,0.01915518092183584,0.0334772916603879,0.03549966421858995,0.025280734006367444,0.05076651407775434,0.01623920589473006
2022-06-15,0.02657610617472009,0.022252991421852903,0.043698970451304324,0.0206922298708698,0.018912544516347073,0.03531300904948763,0.03654960581902903,0.026099435987510803,0.050850542069188584,0.016175291942185435
2022-06-16,0.02698858266445187,0.022374089741395396,0.04352673522857757,0.01934679870299565,0.020581961608062128,0.034911889454130575,0.037452327383062096,0.026633213583723562,0.052817288104963146,0.01622817405205747
2022-06-17,0.02577597937049272,0.020690804701053226,0.04128787684135999,0.01911880227791088,0.02263558222821949,0.03321068409441582,0.03662446230708661,0.025503314366017226,0.05108995107478501,0.01342665422346627
2022-06-21,0.02638120116474697,0.021400725064094548,0.04236391511167671,0.019877207953716877,0.024422399287326077,0.03359678818637438,0.037389719765143985,0.026939064991767406,0.05502388870016629,0.01670951736500136
2022-06-22,0.026385385560647248,0.021401422195996802,0.04208947918160499,0.019843146633713917,0.02584447726952245,0.03359664668757833,0.03709659957676251,0.02674819934016771,0.05289764468873357,0.016936522718051496
2022-06-23,0.025286913016609066,0.020818924890778218,0.042013172275515966,0.01756004929634075,0.025900129914558263,0.034265038224095316,0.03725696233728884,0.026300702362629044,0.052830865582701024,0.01730137621252278
2022-06-24,0.02554514158898872,0.02205085065517245,0.04246430684803171,0.018640161474446006,0.026370137643322824,0.03401605282381704,0.03820205084534477,0.02592608719447401,0.05073803792241291,0.017212044647310222
2022-06-27,0.025544790519991905,0.022092138978452244,0.041247333177157515,0.01851354055111893,0.02658373641550379,0.034446322127918726,0.037998359461311915,0.026395377678291265,0.04994373274366719,0.01779601264727828
2022-06-28,0.025831739993668057,0.02301769656157295,0.041159216755302486,0.01786560842000611,0.027426008857807004,0.03540236643228003,0.03794492557280811,0.027419470344636192,0.04897226083672961,0.017742979994482735
2022-06-29,0.02425536061992341,0.022385757112760155,0.03924437573752542,0.01732267829020238,0.02825481801702318,0.03455206110902612,0.038017206219180366,0.0259060055708441,0.04626233574687371,0.017892344673371127
2022-06-30,0.02446703259375685,0.02251072394370072,0.0393985447463967,0.017451276563181222,0.028614413190348954,0.0332252671784777,0.03805675175016421,0.02625641810737077,0.04634093844430954,0.01728153533791371
2022-07-01,0.024851801316588523,0.022676193660843356,0.0400193821379225,0.01781574728307177,0.028755547663110986,0.03398473959418132,0.037851513182873206,0.026246232109011447,0.046300112781791726,0.01718627997398404
2022-07-05,0.024939224682334542,0.022800375644716316,0.037113503995305275,0.01710545642932782,0.02928866846994579,0.03422809666900637,0.03761336339098505,0.02686580506077215,0.04541038931264482,0.018071849611557646
2022-07-06,0.023641045154209464,0.022747343888645022,0.03665338490452123,0.01702802680237889,0.0289479087458673,0.033982409264060355,0.036994275152726123,0.026391872397217093,0.04042546698131747,0.018212333808862703
2022-07-07,0.024214682557990544,0.022802119435097013,0.03862407358642268,0.01836620842170003,0.030233056996288914,0.03390511853689818,0.03687924795545446,0.027232267070756058,0.04201229639978767,0.018158593784922402
2022-07-08,0.023915737177956004,0.022588680177810794,0.03849883377077659,0.01828589107364568,0.028308210478663904,0.03382082219752902,0.036756958424381335,0.02724302639914308,0.042334981920410256,0.01800678137403597
2022-07-11,0.024103529251955677,0.022670919791988254,0.03928074849764694,0.018214480060291846,0.027928198555893305,0.034381197898543055,0.037719760254134344,0.028134637897869585,0.04491224157451021,0.01793153116338909
2022-07-12,0.022718479024885527,0.02401268818514373,0.038933398253260074,0.017889222490319726,0.02780624011604979,0.033541331998516014,0.03541573870714264,0.02795660662098458,0.04488953695113879,0.01785088849949224
2022-07-13,0.020777491378978805,0.0221395454841956,0.03706781353431948,0.015633186622208514,0.027871729379757335,0.031222944773823688,0.03416627513077771,0.027510520917550525,0.04449724609429836,0.018704306647226793
2022-07-14,0.01873431158025622,0.01988422414033572,0.03341840307167426,0.016137500626745217,0.026679661281575114,0.028423479492412307,0.031814370051733765,0.025718672874247603,0.041079119389678724,0.017170020381206335
2022-07-15,0.018775492418666346,0.019906211317516048,0.033788515409842054,0.018236739217923285,0.027109333379940953,0.02858835476188288,0.03318066822067939,0.025829011669327315,0.04085830330133857,0.01898957508232345
2022-07-18,0.01934982368025489,0.019064189258671274,0.03273419206443518,0.01814206928233435,0.02758927433145644,0.026565992910955297,0.032479847229081184,0.025757202958489774,0.03925870819722933,0.019788231668676645
2022-07-19,0.017043061351603175,0.018425145854183585,0.032165158594798154,0.018591825297194508,0.027259365550555626,0.025951405660158414,0.03211111755972392,0.026150916673133722,0.03344236572284287,0.019863199746570553
2022-07-20,0.017073320597771693,0.018416978025090597,0.03338808572326759,0.018568691048680815,0.025441536908482502,0.026580108888566756,0.03298460403518801,0.026105593274660818,0.033361465435328884,0.020893579438266488
2022-07-21,0.01620127578447251,0.017829708809688722,0.0323763187570409,0.017827082054679397,0.024006064433083393,0.026398278325545293,0.03122859870278229,0.024671570802282956,0.033852961062092325,0.018710137595782148
2022-07-22,0.016363594615865774,0.018293123291780903,0.0336994340493951,0.017815977566145225,0.022397633068058587,0.026923292269910623,0.035066649553411246,0.026931410548904276,0.033785096283639,0.01839623082505425
2022-07-25,0.016233902562042594,0.017697767026833306,0.03389986125356103,0.017653701593606384,0.022395172306612577,0.026453859822137993,0.03516678506336377,0.02687547503660334,0.034012360526729436,0.018180562298405468
2022-07-26,0.01585645040474208,0.016877393749940985,0.032381041916315606,0.01670591147726563,0.02208628929568465,0.028193292760575812,0.03364616530893538,0.024520563282339817,0.034063455465306244,0.018012632255354013
2022-07-27,0.017161417860100135,0.019304034274369376,0.03608067346090814,0.01704827285079553,0.021950082252016914,0.029693116030570166,0.03659974358609952,0.02730169933404744,0.03624453389414612,0.017603037696459715
2022-07-28,0.015177676296627935,0.018818225709835358,0.03369543874077684,0.017035562313860213,0.021275082423174514,0.02680645624607739,0.036620565388543296,0.02640298075468425,0.03395431625182783,0.0177400424820814
2022-07-29,0.016146424156162388,0.0188488353124942,0.03281246802438875,0.01704050326022224,0.02107843941375021,0.028791812452417204,0.03640907647092201,0.02667416912540272,0.03485399066273973,0.01754305424705482
2022-08-01,0.015390604398540675,0.018717766550408948,0.03199124609074225,0.01633555557317605,0.02085749228824441,0.027798449105082376,0.03624939273406246,0.02620414304814345,0.03428663667082561,0.01780282004891087
2022-08-02,0.01571505135612181,0.018869446757277038,0.02971516560587114,0.0164784626687383,0.020536161726907202,0.027620488620677862,0.03620629913544187,0.026187957805700525,0.03428968451160332,0.017757572042376876
2022-08-03,0.01692174016520344,0.019570308535001923,0.02948175879177936,0.016629227847686362,0.0206366055326382,0.027825777208287557,0.03638812457857597,0.02524790656236443,0.03424635181053768,0.016871459618478555
2022-08-04,0.01704119553817432,0.019431782013912467,0.0295088574858625,0.016749825739460125,0.02253894606506347,0.02798964227048028,0.03640166673587629,0.02514234930344628,0.03404249403376164,0.01674622853708827
2022-08-05,0.016692393563940863,0.019399872214436044,0.028741287483384052,0.01713980346029779,0.021714343052369064,0.02826983073847583,0.03655090438274906,0.023843538172591286,0.037159456619671814,0.01673217049347555
2022-08-08,0.016801447047388226,0.0195191358968169,0.03290343209561976,0.017341881151255015,0.021736470739746903,0.02835373751916987,0.036755632448713764,0.023805463268877315,0.03694787953404008,0.01666610508305976
2022-08-09,0.016196404665894372,0.01932821455060314,0.03262968028489162,0.01718928008271785,0.021987162551618724,0.027177649544122103,0.03516075248812682,0.022833404965031875,0.03364371340129974,0.016633629751576864
2022-08-10,0.016753736475314213,0.017073314077139704,0.03441134850669676,0.018032610061491514,0.021727681105458092,0.026816414035310692,0.03710995108324156,0.02327040118672296,0.03404845176061512,0.016569793042119276
2022-08-11,0.016813730910231514,0.017187247931732964,0.03461318731783296,0.018038136184745413,0.022402329778491444,0.027370120123658827,0.03716228570946504,0.02263990819380843,0.034989356620039255,0.015533739206547123
2022-08-12,0.016851207988907678,0.017384503810063873,0.035382055915592375,0.015906082428342353,0.021669291553387583,0.027417381812986162,0.03618124174506611,0.02292863193455633,0.03587258367640438,0.015997928556621265
2022-08-15,0.016823031177859996,0.01734898212272034,0.03524810618421296,0.013913984870778707,0.022138297474071814,0.027307191577260043,0.035322721843341585,0.022843832647643253,0.036110520115507014,0.012638107819098863
2022-08-16,0.015706228888937062,0.017111883810430897,0.03531774579789587,0.013572798686471372,0.022094537218504202,0.027261549741671432,0.03534910141019753,0.021961446088589614,0.036341534341978926,0.01167624574619986
2022-08-17,0.015124784475491296,0.016843936744848943,0.034519260850929885,0.01307808218984146,0.021563590667298235,0.027071142976807787,0.03428438888185435,0.020633963150218156,0.03653240913521151,0.010280252774426771
2022-08-18,0.0151782446970667,0.0168810060840321,0.033419134817002136,0.013280676170781717,0.021979288941564586,0.026124085224762866,0.03300981676351275,0.020645558593032194,0.036656404625151025,0.008120924407505805
2022-08-19,0.015727210148519834,0.017251079095699787,0.03523310784758768,0.014566050944014659,0.021564404476234377,0.027025805425596322,0.033997119758561026,0.0214560705809676,0.03175536964209526,0.008119461956966773
2022-08-22,0.01666941183211647,0.018178047132614155,0.03556364023227093,0.015037317770319686,0.02143703192005864,0.028054788440993753,0.03140278747466072,0.01934559878226713,0.03230628243993038,0.008314927844271307
2022-08-23,0.016524498830200088,0.018154291291962648,0.03541414554420063,0.01519406818766551,0.022008979258192198,0.027909696478309223,0.03133284599157054,0.0193417257458197,0.03232012473097387,0.008643678963591736
2022-08-24,0.01626096088084985,0.01692117981894776,0.03475417036477323,0.014756214464360016,0.021931594418117425,0.024771936318934977,0.029760456155231617,0.018489373932484884,0.03093808316966377,0.008609805660314626
2022-08-25,0.015065883983849903,0.014677466215895048,0.031946861880418155,0.015222833271092988,0.021596709128188743,0.022850991374429752,0.027221221871244112,0.015608211176261912,0.028474072485681984,0.008764578449722565
2022-08-26,0.017676888980338964,0.015967621311891184,0.03595689147571531,0.01697961499226583,0.02180387773147355,0.02549663450525269,0.026204642809771538,0.018851984853439113,0.028910984630365528,0.009709400410288957
2022-08-29,0.016545084786109464,0.015602408979551919,0.03620315358108148,0.016949868531462596,0.020586747996908773,0.022387118833380563,0.026360597197219438,0.01836241860746072,0.026104939653680482,0.009702223694414832
2022-08-30,0.01683091213151847,0.015576746208709486,0.03602704832813235,0.016806046031592588,0.021643932587422976,0.022395903837160048,0.026474065511925438,0.018224039431252427,0.026584413021917153,0.009717653341928714
2022-08-31,0.016868370085572775,0.01546007335377815,0.03610108801163545,0.01647955404691535,0.02169612298713431,0.02252990916242785,0.02767289024817658,0.018218083182292788,0.026392906417160123,0.009788279932319436
2022-09-01,0.014494905043136018,0.013879043247003597,0.03835218678506461,0.016389863881258543,0.020751788055409368,0.02058261768459415,0.025285869653024966,0.017503277010723396,0.025796402573710155,0.009750036714397997
2022-09-02,0.014704657048762601,0.01403285946696698,0.03774331131519916,0.016271872397377186,0.01828559462175936,0.019726810627943642,0.02595581306926418,0.01774460018245295,0.026083218987220744,0.009866251539815525
2022-09-06,0.01474564913452792,0.014088301777623597,0.03773783602298589,0.014830505089102159,0.018312565270018812,0.019702922729424487,0.025719328203280604,0.01778294053275616,0.02221174228500702,0.009868763799323626
2022-09-07,0.014993657028122548,0.014994573026108,0.03661805302847002,0.01518013373548004,0.018501961210895347,0.020831802390204098,0.02547570295015446,0.018845519646236927,0.023452426847612687,0.010032192179886684
2022-09-08,0.015053287597371437,0.014844864808173553,0.036578760574205116,0.015860642992055675,0.01821679297036669,0.020791280910402995,0.025574325935630235,0.018896857781258953,0.023207624884119052,0.010384575124957782
2022-09-09,0.014429918236946363,0.014724650405615781,0.034424968775904244,0.014874431358509587,0.018417031829423523,0.020101229010634505,0.0241381611253744,0.018523060877028173,0.022991939582172823,0.010385621754645044
2022-09-12,0.016999945348618463,0.014945856502946253,0.034647938644125534,0.01474692475979112,0.01759072900532265,0.020744158843557674,0.02413423803457393,0.01853582121162224,0.022309117157615917,0.010652189926675978
2022-09-13,0.018513638911899843,0.01646907493772744,0.0355854087538529,0.016156473997184947,0.01838703723518693,0.023419154888244677,0.027488671849503314,0.019963602879957642,0.02202647630794289,0.011883219674974342
2022-09-14,0.01862021907459245,0.016341636018317125,0.03500799096767726,0.016116028411176625,0.01855728163386021,0.02376949388507072,0.02743468622281163,0.02005355799867477,0.02239052014138585,0.011902541732399881
2022-09-15,0.01887210253970729,0.016940294783221014,0.03496715161204455,0.016361589576541036,0.019694099577508846,0.02366471567348408,0.027463552623049562,0.020263317276787502,0.022337821241254448,0.013389555925711429
2022-09-16,0.018630048746474316,0.01694070788093287,0.03569368393022329,0.016333369425808594,0.020053683691654358,0.02376670952439767,0.02733844489655689,0.020146901698005922,0.022264821661593614,0.013394710710060423
2022-09-19,0.019812594836638418,0.016986943174506126,0.035247823151119316,0.016462021528515624,0.019355105386382233,0.023944069692940523,0.02761938092763273,0.020082264987080455,0.022616678415597842,0.013469282118778047
2022-09-20,0.020146855068281767,0.0169247865536868,0.03424567847549326,0.016127215509755394,0.01941849574441197,0.02358062494289479,0.026644296929167723,0.019844804840464653,0.02207615793532294,0.013361551719942586
2022-09-21,0.02001678386487165,0.016220521372874677,0.03352554231348111,0.016947079295144878,0.019705241666576976,0.023176715680683718,0.02655066975085183,0.01955252017170355,0.02225415677386425,0.013937111970086671
2022-09-22,0.020025478048741083,0.016544669749582082,0.034596751666586927,0.016987426805430163,0.017191748657548075,0.023135789924091297,0.026586005539262728,0.019798560335245356,0.023616480461519727,0.013865365823262055
2022-09-23,0.020144133695270912,0.01659013179202987,0.03449095202740786,0.017349903049986033,0.01931905128892732,0.023707580303091055,0.026410161847886464,0.01987217577401931,0.02561371166909307,0.013909277135457185
2022-09-26,0.019729628969512945,0.016144585127759157,0.032383740963517156,0.01671931499230112,0.019386892571756312,0.0229401697440694,0.025299707671270124,0.018521073705123906,0.02564822892451878,0.013766737175951534
2022-09-27,0.018300595835317977,0.014342647262461377,0.029879132125626994,0.015453557894860066,0.020292478753605788,0.020917326053827127,0.02414895290534057,0.01596713547865949,0.025733162182887046,0.012976140967712976
2022-09-28,0.018270388666430857,0.015262320438342495,0.030671776431934413,0.016306550400970236,0.021379461214554415,0.02237867543112914,0.027304297531649094,0.01732303604352187,0.025898973639753745,0.013258499849087052
2022-09-29,0.020197809236524283,0.01542202239567182,0.03137771079358409,0.01658505076419436,0.019953787964842627,0.022961978251278974,0.02821228670930047,0.01803528425384021,0.0297459087715799,0.013133877143635325
2022-09-30,0.020969510940440136,0.015782212494385512,0.03120631481320459,0.01679242013732221,0.020111481460891225,0.022972875955804484,0.026581343692544248,0.018276401500887437,0.029791049266873225,0.013150616074607848
2022-10-03,0.022266574035665232,0.01782646781904361,0.028220559035051884,0.018280298871011486,0.02200546067227785,0.023734605655360366,0.026889854003559345,0.01949077179347447,0.03538962290862106,0.013821325943907203
2022-10-04,0.02301420262809748,0.019193074579725102,0.030350620282350554,0.020422538411001764,0.023087550274627666,0.025938383758281856,0.02660031654772013,0.020628947933017214,0.035898264218135856,0.013815858317286185
2022-10-05,0.022983046370253626,0.01904884361535408,0.030215806430750832,0.020579554943429404,0.02460435900359721,0.025850110559995077,0.026581404584236655,0.020557999281380752,0.03623962427270791,0.013887876292486846
2022-10-06,0.022875091325701428,0.018638875480257514,0.02994133701335354,0.020449334205024063,0.025173187317848313,0.025071365817690695,0.02635053609631063,0.019667870073645104,0.03509859677579986,0.014229705611228044
2022-10-07,0.024095436513728294,0.02066182907749468,0.03374142295290338,0.0198446691703935,0.025329021562809098,0.026967687347932513,0.027210573542737464,0.020333386813174262,0.03658866378454162,0.015207198038070075
2022-10-10,0.023601763170659006,0.02009479365677402,0.03337532422143512,0.01972700016299003,0.025676658219085303,0.025989222303467577,0.024778868567032073,0.019549661528847673,0.03505222253770775,0.015362716608244018
2022-10-11,0.021557127482456577,0.019971788079347776,0.03315834613797379,0.019920285531735294,0.025641933018910542,0.02505807697488325,0.025550671160002425,0.019483214094549294,0.034514102008053854,0.014989028205943939
2022-10-12,0.01980598504467813,0.018272953601566326,0.029350957009490166,0.019527998850712474,0.025068609682167023,0.02257887072916422,0.02218083244380574,0.0169424754666739,0.03427203148231737,0.01330345625804342
2022-10-13,0.021266204219666813,0.020399293054137225,0.03095596419762487,0.021829343921094847,0.025619550789210452,0.022162393037604332,0.023137486931628263,0.01729709356966212,0.03334436372034998,0.013959365041304853
2022-10-14,0.02196126180233538,0.020232352011215746,0.03348817074385536,0.021896999098454564,0.025451965028665584,0.024147599306476728,0.023534285539486447,0.01760859309207273,0.03579150261644866,0.01279111145121055
2022-10-17,0.023035593659998604,0.02216085373848516,0.03583406152304107,0.023763323948264414,0.02518764109209171,0.027476275926115033,0.027062349645451293,0.019443058701721683,0.040349367253950996,0.013345171990348416
2022-10-18,0.022363069150702176,0.02218819797209977,0.035682106401056575,0.024372416868635362,0.02517733086077379,0.02794620289767192,0.026832023499063124,0.01953222226338944,0.03984831617053147,0.013301552581954174
2022-10-19,0.02197576266406674,0.02218826942005844,0.03568810709667628,0.0243678177873843,0.02561967545710752,0.027753025396518798,0.026826884417408544,0.019255861709300073,0.04007993137490656,0.013320949699764953
2022-10-20,0.021641805335200923,0.021963484143918497,0.03578495274403067,0.023472490347296118,0.02515951451062531,0.02706013340455752,0.026380160288683657,0.018829945262660283,0.04168512283341515,0.012466211952200648
2022-10-21,0.022567203065323404,0.022572262747153765,0.034233023773788,0.024720007900482666,0.025174001252214542,0.02810542337456371,0.026357393275426227,0.018904650252184702,0.042774004316378046,0.013343528209723834
2022-10-24,0.022596107323309966,0.022766483269365003,0.034299317222396264,0.024208407334766653,0.022036001434724554,0.027197899389285157,0.02620259640372381,0.018805922296769164,0.04210821742956525,0.013474119835942872
2022-10-25,0.022977917539481033,0.02287635708350662,0.035530386072763195,0.023474213544960452,0.02125573438771188,0.027124568917344365,0.028788488308557358,0.01907981021863015,0.04429108289083317,0.013210058914808741
2022-10-26,0.023365893276752904,0.02492584245954311,0.03610701669530512,0.023276852597121672,0.021129823670166414,0.02871620048662442,0.03132219038107716,0.022052701724859104,0.043818691219710805,0.013204079948693638
2022-10-27,0.024168527176591178,0.024964688094624144,0.03598131460471058,0.023067591764191608,0.020324529362337036,0.029175787164253595,0.0318542545586994,0.02220899628717022,0.043458299571653675,0.013135154630781241
2022-10-28,0.02389971131940943,0.02619998778132362,0.03592971427261426,0.02250370988464249,0.02063534351142985,0.031080368870404912,0.03136310997396493,0.023466504647012155,0.04164278180278527,0.01318460828009873
2022-10-31,0.023066213125807228,0.02606469487275551,0.036463907971888046,0.021995728035436184,0.019911636189637674,0.030997751821432436,0.033812921283688714,0.023480405387350002,0.04164087566378235,0.01294174248014936
2022-11-01,0.02265202323095153,0.025374471315414867,0.036015938346498445,0.021509145602573335,0.018723265886141274,0.03221698650127153,0.0338256995008859,0.024470580289893778,0.037082506352605134,0.013012641692969376
2022-11-02,0.023483505231152096,0.025295878919221325,0.034838283122777904,0.020452956606515853,0.018799941081353768,0.031063773252135125,0.034729779377022006,0.024646418858540787,0.038195917561542246,0.012887037382721513
2022-11-03,0.025140220959722077,0.02576860268130045,0.03498183494723856,0.020089551184711958,0.017317408674588624,0.031190681551104035,0.034766890584961435,0.02587475363724006,0.03768098924969177,0.012825258435442929
2022-11-04,0.025136101188839063,0.02701391620397322,0.03673145694268254,0.01969279385669098,0.016499423403463304,0.031961107481422245,0.035383731529078,0.027586887072512552,0.038301219772768486,0.01253828446911829
2022-11-07,0.023958632074349367,0.02625401587698573,0.03176328788402352,0.018650393253328505,0.01621372305176682,0.03091890221507479,0.03803089360279556,0.02770359951305795,0.037339664473986824,0.010744273904301426
2022-11-08,0.023977525957224764,0.025772122249260503,0.030341376934224437,0.018285456612490227,0.01496087815045132,0.030929859377722847,0.037995820292973284,0.027721234655560034,0.03767271219212138,0.010375367251750168
2022-11-09,0.024925802667505024,0.025861566336326188,0.03370125734729958,0.01686153636561217,0.01862582468502243,0.03174554790853881,0.03898783995555994,0.027915966747411636,0.04018601190974576,0.011990003956593822
2022-11-10,0.026781310522565556,0.02726450998447312,0.03683922912258414,0.017992229613479856,0.01874100802230302,0.034776609787304735,0.041503565772813215,0.030390352105769694,0.04383849488477722,0.011977064537014326
2022-11-11,0.026067726264981026,0.026371555487309437,0.03672774406229657,0.016900993964950834,0.01847805973561344,0.03658366287083036,0.04131390954052687,0.03075546020794412,0.04406724746583327,0.01502228067719758
2022-11-14,0.02513914496760254,0.02628235053271467,0.03263918079685424,0.0173470062214078,0.01698410550345208,0.035406373080668484,0.04079199965805624,0.030252241543484056,0.04113565847655642,0.015425422995656298
2022-11-15,0.02442989488204669,0.024964792403464803,0.03125154247046072,0.016101826392262503,0.016895461556937257,0.03266131468336557,0.039343613555943714,0.029921061590719153,0.03816375891177279,0.015580134126239292
2022-11-16,0.02436211938501002,0.02495517452143682,0.03386784997269747,0.01549158073770601,0.017282826148395578,0.031916153787507055,0.04004396115321361,0.029885284179000684,0.03878003449797612,0.01609360358212641
2022-11-17,0.02456838082849758,0.024866585253628,0.03432443097821006,0.014607854869920478,0.016442232459932902,0.03203826879394824,0.040208981637005814,0.029791986042230274,0.03868642802691747,0.016182307009426525
2022-11-18,0.02458692978016001,0.024869446450626127,0.03482631571165348,0.014492302145466849,0.016681859649168813,0.031914915235035764,0.04011032528393903,0.029865700194707696,0.03626266467311905,0.017344121612560114
2022-11-21,0.02414571082101995,0.024274575095446546,0.03481957315667435,0.012554982479347507,0.01660335014383682,0.03008819166332329,0.040277247477661114,0.03002049191333487,0.03757768080715598,0.017303519294254898
2022-11-22,0.02414057356636024,0.023972408992431575,0.0358343194743584,0.012755405494697225,0.01752534704123488,0.030216267942442362,0.04037895426068764,0.030057184647532174,0.03792042586874925,0.017164280361412966
2022-11-23,0.02369642288173576,0.023885677821878552,0.0348535042393461,0.012811171152531562,0.017476802337594907,0.030343179435181045,0.03826412323689315,0.029920812589431085,0.04015109475067915,0.01744004441739506
2022-11-25,0.023695278927682212,0.021850183466730594,0.03430706303515061,0.01274131132532895,0.017442505594195093,0.029688155232856235,0.03605941422869723,0.028044229950946308,0.039951592632238235,0.017729214615567902
2022-11-28,0.023465561204685452,0.022033310147203902,0.035039973406237414,0.013632540700922598,0.018908036466312086,0.02916123065596425,0.03308767852954919,0.02746419782787962,0.03992854533483981,0.01784681287628929
2022-11-29,0.021254687556283635,0.020269422980628508,0.03383170879998854,0.013803715078189003,0.017886156990849285,0.027143727752336356,0.03302607260774959,0.025759311088900973,0.03951552890576791,0.01741166177361943
2022-11-30,0.023647867068023267,0.021897469272254104,0.03699014056692715,0.01385372890465137,0.017949337500775063,0.02939990814134676,0.032023359965553264,0.027963478581261025,0.04366044665988055,0.019291254737544793
2022-12-01,0.023461889895825472,0.021477497613139086,0.036984432950898136,0.014055482332424084,0.01785671743719858,0.027026116209932588,0.03198678097279474,0.025959978760172524,0.0436490841706778,0.019534646991598306
2022-12-02,0.02204935683980714,0.019576230300139597,0.036636106357697276,0.014002536807294394,0.01734030378399888,0.025058808919023144,0.029093459944580347,0.02411389977056723,0.04210443097155497,0.019489284692417914
2022-12-05,0.019929528363235267,0.0190131993416407,0.037001196283245844,0.015589190040313988,0.018114257914455867,0.025217524184726472,0.02865833994993501,0.021899853189905602,0.0441234151848768,0.019491321140041293
2022-12-06,0.020725343985832128,0.018648912988733068,0.03673214885626743,0.014455763792913258,0.018777869700419142,0.025503530224336785,0.033469110861298466,0.021867437961379594,0.043648744163933516,0.019451336859254053
2022-12-07,0.020887880843912708,0.017650064369700062,0.03671635362559847,0.014411364668430305,0.018460628070889693,0.0255445648398802,0.031119231424832694,0.022139878008719614,0.04287786055959475,0.019303359827905566
2022-12-08,0.021067294921697784,0.017815597400633744,0.03883003747537864,0.014590836924481952,0.01856572438746213,0.026116383441824848,0.031085359600640832,0.02237106488921359,0.0425292078852095,0.019132477351446936
2022-12-09,0.019723492229067146,0.01733610749018,0.03623153632045413,0.014328315847977766,0.015949494042815503,0.024548891246902755,0.029409831066259332,0.022082753724770154,0.04006998165915297,0.018797439466251707
2022-12-12,0.017666102973510147,0.01606535550271606,0.032823826313904216,0.011863775995312999,0.016585852597567622,0.02140645377035561,0.026057881783787287,0.018823130897688094,0.039015290089837736,0.01893923211670559
2022-12-13,0.01716203785482675,0.016088217450304577,0.032574096449453104,0.011856127307426714,0.01515614862804894,0.019604716337788278,0.02783910579063682,0.018726826662315406,0.03897892145059649,0.016738515897809857
2022-12-14,0.01735434937612278,0.015133028863418987,0.033083793259384195,0.011689837895292552,0.015138789381511641,0.019172246046780427,0.027860114752244838,0.01870265831495966,0.03898260963671923,0.016248106362436603
2022-12-15,0.019286712089027137,0.016921766533480823,0.034223981582547046,0.012825469921917547,0.015035560485281228,0.020240902246016695,0.029274012988776455,0.019873392309644987,0.038637823274514475,0.016170898226576327
2022-12-16,0.019398200866466705,0.017372072003158094,0.032955702690550696,0.012862061853670965,0.014971224902079671,0.02001748306685003,0.028904080499776663,0.019787427206363752,0.03902759262883554,0.01596207165604371
2022-12-19,0.01910019889905655,0.01777139936615488,0.03308609286009172,0.012939165103552563,0.01503867933047133,0.02062618156518291,0.030275076910827654,0.02008290340550296,0.038996618725352,0.015902450791541175
2022-12-20,0.0190103594893876,0.01783037836890692,0.03292413398312084,0.012779865175464403,0.015470744407197127,0.020699683799622507,0.030631240610953035,0.0202230910926928,0.042241773604856314,0.01468944390779645
2022-12-21,0.019732782416624833,0.01798957073212394,0.03325590486659084,0.01300274625716563,0.01570454318904531,0.021054834383134283,0.03053889174337239,0.02007767562024702,0.040132937548034285,0.013963065016064683
2022-12-22,0.019689927724426938,0.018561149277049292,0.035712704415831534,0.012731255274892396,0.014658149886359313,0.021996078160816324,0.030948203457583524,0.019941423131748418,0.0437046460849378,0.013767552065693169
2022-12-23,0.019515056647976717,0.01836980422887587,0.03498530258899878,0.012513003446386799,0.016017134289847617,0.022302753069831222,0.03095413333864235,0.02005400831389189,0.03856000023741355,0.013601508889143757
2022-12-27,0.019358108156056465,0.018391248502774814,0.03814525253193881,0.012541724955799912,0.016382666485117884,0.02278960763689502,0.030996225588229263,0.02032400686540098,0.04174905138512486,0.01319296354743383
2022-12-28,0.01962120076400194,0.017876908449482618,0.0378443510856761,0.012085565858995095,0.015393120915329845,0.02271843264096066,0.030580904781548516,0.02035310768033548,0.043229290579601204,0.01309096903336295
2022-12-29,0.020669667175029875,0.01897591383754756,0.03907121493054397,0.01155011698966386,0.0154158575156641,0.023828848584107696,0.03161693476335234,0.021594524032712996,0.04837370469323053,0.012978085662753734
2022-12-30,0.017842207278490948,0.016371381184224716,0.03425090290404599,0.011311048841411247,0.01549890362693442,0.02115661799270784,0.02837754427192977,0.01736676297465994,0.044196381022890995,0.009948819799925904
2023-01-03,0.019051966283643064,0.01637499145893255,0.034073346310085774,0.011081115040540473,0.01722380908715725,0.02199114308125441,0.02912321258946832,0.017687769509889307,0.046791969464867064,0.010143422044882392
2023-01-04,0.01944280133080036,0.018479467985585894,0.035039554216539474,0.011131130632027997,0.017184012533833164,0.021898400069207367,0.02897199121836457,0.017732002613284833,0.049315328341467304,0.011597459277140032
2023-01-05,0.019456478247308197,0.01904598468838092,0.035480626704125225,0.008964063731568755,0.016790499712505676,0.02135343401692564,0.028901730061533314,0.018034970004800477,0.04835779876661528,0.01293900797209351
2023-01-06,0.021152098108770473,0.019076581226032764,0.03621360403991998,0.009716231684533854,0.015536239117064296,0.022087906065810434,0.024569463141482978,0.018007952964342534,0.0493533100757382,0.012680321595725694
2023-01-09,0.021114640915150765,0.019309206626992776,0.0380230968603878,0.009803433464654437,0.016219545829429156,0.022351501733561218,0.024617074062036705,0.01780888195401975,0.051984803531691326,0.012470594308388453
2023-01-10,0.02089672064470886,0.019143549794766485,0.035374522698391135,0.009746605818915276,0.01641904081226767,0.022752336708323277,0.025002315225268634,0.017756129360483243,0.051946295208942714,0.012061957218529547
2023-01-11,0.02158971967681125,0.020441889808182515,0.035401513333965726,0.0096354994786822,0.016330614655527684,0.025447433772880227,0.02505408621756436,0.019436031066184724,0.05214737848378538,0.01263013017545494
2023-01-12,0.021154960465871682,0.01949989530218426,0.03542309649256772,0.009234392793010021,0.015913607294323704,0.025266208325913832,0.02517533453658731,0.01940339191967239,0.05098604113406152,0.01223312365267409
2023-01-13,0.021248069630940333,0.019012743640557956,0.03513079455595909,0.01044129057299221,0.015830169068139905,0.02563710813034096,0.02364379650222047,0.0187128936841357,0.0505166185413016,0.012172176280082448
2023-01-17,0.02121303341887515,0.019069163124242196,0.03643967843340033,0.011101423290823463,0.015703215660106542,0.026036745483526857,0.02392745546132371,0.01876043044734583,0.053391076852701315,0.012162037576095894
2023-01-18,0.01899947491331634,0.018247212051573404,0.03544831324865605,0.01181968851878814,0.016319707949506337,0.024721430243652254,0.021600608342468297,0.01592018179666671,0.053429337715919914,0.012064955325191237
2023-01-19,0.018717499648430256,0.01821083717493055,0.03600221643837189,0.012187718283774856,0.016198939610710273,0.025111227065026644,0.021395584817149867,0.016463161549429825,0.052600197680150014,0.012942849614102834
2023-01-20,0.018754666606114842,0.019604198826218163,0.038078815934969014,0.012159678343356782,0.01653248818605755,0.02468289947196604,0.01855325158464215,0.019044436303977806,0.05385938083852456,0.013058119130027784
2023-01-23,0.019306808587878446,0.019684301900979317,0.04072408369641809,0.012525900966856986,0.016445598547025764,0.024685656710558154,0.01876436804602345,0.01925350516072371,0.05299158338919117,0.013043670828592023
2023-01-24,0.018809485674554354,0.019539562638973232,0.0405432212599676,0.012449735220473893,0.01635555324009517,0.024848344352462644,0.01865347849735603,0.02010625030932062,0.05297826209798254,0.0129095776517803
2023-01-25,0.01789911506039492,0.018705571555556445,0.0361629508680078,0.012035480541721148,0.015616157512603986,0.023115685878381132,0.017897722832959533,0.020453047037834012,0.04799512737793042,0.012948828957379123
2023-01-26,0.018005461656629137,0.019796608155114876,0.03598367574923027,0.012047796706164937,0.016815840936255426,0.02320612427340503,0.01913990063869085,0.020738095155330382,0.05089289708655192,0.012718063940377665
2023-01-27,0.017616278047553904,0.019683836383280598,0.030115948843724868,0.012049657604950434,0.017322519366691977,0.022389466631816273,0.01897622729404328,0.0201373888643503,0.046988129822535384,0.012829518028191095
2023-01-30,0.016615525667637205,0.02022860150382057,0.034336454345635356,0.012310844934530274,0.0173970660877265,0.02249557230321095,0.020682448186882172,0.020711525472031252,0.05078947454572899,0.01284264247096236
2023-01-31,0.015863152458637994,0.019866981152415628,0.03388746372305842,0.012313734004947835,0.017862650161064496,0.022376517715439775,0.01967999137618304,0.0203381440815443,0.04923341820903,0.014490741347254024
2023-02-01,0.015861960116336428,0.02019856069634041,0.035822775903818556,0.012332929427880102,0.0180309482404384,0.02230586787759039,0.019899321336838752,0.020383725409079956,0.0496014605925927,0.014472855287333887
2023-02-02,0.013854470969665217,0.02185133075995735,0.03495465320349359,0.012358451754481902,0.017716941011803718,0.024207255642731802,0.02252059527416887,0.022738511189839022,0.04219786563830682,0.01786688562002533
2023-02-03,0.014245688725324569,0.020143879592819776,0.036404061602804225,0.01261373296316411,0.017748267976728325,0.028320372908893297,0.023068163509568494,0.023696478222396056,0.04195166160819957,0.017119162860963277
2023-02-06,0.014852767880244042,0.018651000746355666,0.03479982260242411,0.012630847382806171,0.01716403561029581,0.027708360144407123,0.023041594069313113,0.02349545103491519,0.040160423021703404,0.016153781152332194
2023-02-07,0.013730937034148873,0.020102143863962568,0.03515477566408437,0.012261611108114561,0.018017705030418395,0.027215553731005405,0.023221898855541597,0.024863916778546543,0.04030394321560238,0.016186395024310365
2023-02-08,0.014860375316767923,0.02024319453342674,0.034588531204151444,0.012349981699344545,0.017568448572120317,0.027897203138419778,0.025995913080534207,0.027840999998293293,0.039621556411688526,0.01649252017989724
2023-02-09,0.015176356570192031,0.0206702055170739,0.0346670008104741,0.012799250479265584,0.01733960804327165,0.027972211256299128,0.027095957563083986,0.03001182288616231,0.0389721471885647,0.016442462331508388
2023-02-10,0.01485158298209538,0.020034199406697165,0.03745249297096986,0.012736380985338382,0.019193642402783442,0.025609570697470357,0.02775821115523348,0.029235604741454094,0.04233476403956791,0.016554404745707192
2023-02-13,0.015019833889049936,0.020773318947034776,0.03731557026563714,0.012926346059371674,0.01900203268174695,0.025897929745984483,0.027821631099957056,0.02920145594582882,0.042759274993385006,0.016530216587295227
2023-02-14,0.01519040741653849,0.02077254062037428,0.03826240836617774,0.011753283416236611,0.0192398830303552,0.025164084651433157,0.027836576266509903,0.029139822097148493,0.04360064826160289,0.01633334293836005
2023-02-15,0.015273305974472288,0.020994332699142148,0.03786977807093724,0.011217495600184492,0.0192513126792467,0.024756158612842215,0.027873390908659257,0.029392527421203112,0.042245162672702646,0.016210297119028477
2023-02-16,0.015509145264129234,0.021518438490797924,0.03863832986830723,0.0093054938352803,0.018596764307506227,0.025744220153104264,0.02834867111801556,0.02964719317208106,0.044895047827495704,0.0157528150364465
2023-02-17,0.015754204641818134,0.021475897033237105,0.03821095993447317,0.008628467322685138,0.02066428416545592,0.025451296074311437,0.02805825622636851,0.029520220054463326,0.04429103353230553,0.016164003801114008
2023-02-21,0.016979238929909362,0.02103102343719877,0.037658539605409144,0.009780316856414279,0.020259574320415003,0.024917952939463663,0.027780545965813915,0.02773624958646464,0.04686957831209725,0.016562856287547712
2023-02-22,0.01637305092668769,0.021009617718740357,0.034471624393090934,0.00938539146273665,0.020419876468072893,0.025080165361571254,0.027260307374915905,0.027344153360285874,0.04502219767944524,0.016597796659605694
2023-02-23,0.01628705824691886,0.021129570352971378,0.03820168920857154,0.009361105388810104,0.02041721936157647,0.024923882289424354,0.027265971495703097,0.02706912510552331,0.04495751834079176,0.016437581711368103
2023-02-24,0.016832927654653416,0.02172801332276399,0.03853558098909311,0.009501757005649642,0.020394213782210006,0.025417447709255903,0.027222662341721836,0.026840756802083334,0.04579721023602509,0.0167551180043064
2023-02-27,0.016640561606899848,0.020725625766118597,0.03832068460357465,0.009591105950284538,0.018205173005955397,0.024939575259496364,0.025801031978167157,0.026284868523120047,0.04302457261721579,0.016756453396614523
2023-02-28,0.01642872240640651,0.0207376642996237,0.03815242449119907,0.00972890557911388,0.017864708679010986,0.023911113833057933,0.02589927357188566,0.02583409065041739,0.03889059441225606,0.01684541587688829
2023-03-01,0.016100172447476843,0.020325467164449933,0.035746134737037805,0.009605920449487104,0.01763399469745629,0.024092795100163846,0.02499027837767708,0.025431148087198974,0.03561618288149888,0.016845416718719676
2023-03-02,0.016011934781546028,0.02026122079245459,0.03592484863227287,0.009859331316462216,0.016947087909298525,0.02319160901943115,0.024874881430014952,0.02537112641370057,0.03801337252263041,0.015641117424420998
2023-03-03,0.01759154320380955,0.020119888784764416,0.03317886777724261,0.010563485097311517,0.01707405501380762,0.023821626460186672,0.027460428078434004,0.025441156796571066,0.037494805792341546,0.01565396033544139
2023-03-06,0.016208511166333414,0.017898395440041133,0.03254784183477058,0.010600840456995815,0.015586401432017682,0.019668938052909306,0.023394265099412045,0.02257490285880517,0.03705976050221716,0.01010828790206563
2023-03-07,0.015642116408068493,0.01728423618729811,0.03196875964909021,0.012091269768318084,0.016179320302116027,0.015997553593023708,0.02326217818955463,0.02203929691317546,0.03771117738587599,0.010644787751709654
2023-03-08,0.015242032995499841,0.017241326170792173,0.03287580477318553,0.012038056119093194,0.016501308182820293,0.016020908094387016,0.023266300508656627,0.02184778682897175,0.037793978545449934,0.010640497356702144
2023-03-09,0.014971252254529712,0.014378512965081101,0.03195798305384846,0.014646179926821748,0.015200953295351906,0.016282038624608728,0.02252367341622526,0.019221738624830703,0.03905021551102009,0.010895696670441744
2023-03-10,0.014780628521456531,0.014624210623168236,0.03226540472311529,0.01593513588736349,0.015302650693046916,0.01612220375206609,0.020611390422746918,0.016890319137883334,0.038563121895540224,0.010427411090254562
2023-03-13,0.015027227022796855,0.015413127326112228,0.03222897750896828,0.016044418848190956,0.015363748762505382,0.016565234000708973,0.019538400576809493,0.014213302400698843,0.03777999744272422,0.01050956191346987
2023-03-14,0.01533129774959831,0.016607948730626914,0.03187089789793406,0.01711737268027816,0.011864827591733811,0.01770566826776479,0.023350066258453508,0.01589945468625765,0.03838204919242566,0.00958103641358467
2023-03-15,0.014772169064918989,0.01559857854155285,0.03152478576310647,0.01906680430963902,0.014864019598095888,0.017407173348179157,0.02288624754660285,0.01666263582871079,0.03843339030465618,0.0095711004721082
2023-03-16,0.015292052644245761,0.017943487623220372,0.03151702103692675,0.019664764352180317,0.014820746287691842,0.01955061879491042,0.023850865223998274,0.019029780700459922,0.034789040271999694,0.010231075770484474
2023-03-17,0.015049886021021527,0.017971601834728883,0.03141635065879051,0.02099741741710164,0.014841986993956719,0.01940428584692237,0.026199549286751587,0.01858163572391295,0.034263136947467736,0.010255602414025917
2023-03-20,0.015214406969367331,0.017902212667568845,0.030226952742970634,0.02118446475773255,0.016464937500590693,0.01843826976916065,0.025211924478482348,0.01822846659178714,0.032645726661216415,0.010853661677950134
2023-03-21,0.015249927264349407,0.01745856553298245,0.029246588307171695,0.022186364751705476,0.01746409804657404,0.019370819123840036,0.02541666774846215,0.01924679424046441,0.03631138844334608,0.009459903073809825
2023-03-22,0.013990586776864393,0.016703999315534995,0.02761360299639794,0.022509885880612913,0.01807386596994842,0.01883526351976826,0.02562683709257796,0.01835531672388766,0.0350991523855449,0.009094432243462989
2023-03-23,0.014018287990123085,0.016942724919113857,0.027853379471920056,0.02249060570033609,0.018029787142968087,0.01867804847584931,0.025666350499787372,0.018584782108246267,0.03487098460874768,0.009351830391623758
2023-03-24,0.014063714819248185,0.016891981143680266,0.02347302188381558,0.022479547458203842,0.017849250752476033,0.018745580237853395,0.02565815580413518,0.01836673215317019,0.03485469068189098,0.00975674265268743
2023-03-27,0.013671720232878187,0.016403719144784227,0.023199731890492157,0.023428741042549106,0.01864813603830746,0.01781573439317339,0.025894686743505306,0.019119732359017476,0.034503207283383984,0.009665254762214276
2023-03-28,0.01372566834840503,0.016522735946549245,0.023305766758081034,0.023313455329932096,0.01891488174651908,0.017960005914567506,0.026067908469538444,0.019638034230038827,0.032243415209925075,0.01055569609031202
2023-03-29,0.014097607327674932,0.016717584829533363,0.023181255626864253,0.023189446493968986,0.01930254936239712,0.019021283850704326,0.025752274477677195,0.01962782531639467,0.03282602262296055,0.010389465776700036
2023-03-30,0.013487196198155173,0.016236429649529118,0.02219634465262794,0.023187927540458703,0.01922638454222841,0.01835850483646443,0.0254999730674529,0.01975914745703689,0.03278345021174759,0.010539152090182288
2023-03-31,0.013666394927055264,0.01608705050245676,0.021859353565315914,0.023392735877898713,0.01919741279617586,0.018391465697955096,0.02560970438704566,0.020184707400445912,0.03259979958107957,0.01054350165624796
2023-04-03,0.012006336593958637,0.016068155860624576,0.021548215386763197,0.022895996305321117,0.021029862627046442,0.017758013162471546,0.02283613944039978,0.01999568242504139,0.03485692331575524,0.014420879432897155
2023-04-04,0.011684763222990079,0.016116736033747713,0.02178443661140615,0.022989576290331652,0.021056477606123804,0.017534758295727954,0.02275736639180057,0.0198514520675774,0.03465840533856056,0.014424999273290941
2023-04-05,0.01145206575160971,0.01608242947984108,0.022303468020673678,0.022245668515283725,0.02088959697922238,0.018892720127293122,0.023191216137263493,0.019493324035447908,0.0349225532592442,0.015391979169537322
2023-04-06,0.011410693454124538,0.016556373230986278,0.021158084244303772,0.022235504911547542,0.020972094776416678,0.01893450569816785,0.0234102908195678,0.020702614460219374,0.03423221369237471,0.01521431763454196
2023-04-10,0.01150014652279641,0.01664140251093738,0.01962094227353223,0.020234142351072536,0.02091190877519548,0.018278153298101365,0.022920446869368002,0.020558729326237465,0.0321243062863736,0.014741904149719959
2023-04-11,0.011094065678636826,0.017240251964132886,0.019271624202078168,0.019433849634941335,0.02068957531219475,0.01864823914225195,0.022643306428215316,0.020129255715541795,0.032186804610865816,0.014558924126955742
2023-04-12,0.011011817327879416,0.016904139007132096,0.02053250436309355,0.01904455711489444,0.02045755754279068,0.01916653747329154,0.022700842941518938,0.020355949565220435,0.03320287698995585,0.01460326328806384
2023-04-13,0.01268938100185096,0.01664289881305204,0.018437018982961205,0.018148693346413454,0.02046023180743825,0.020764892599436584,0.019280976056093902,0.020104677154032934,0.03204679196860024,0.014604072760627035
2023-04-14,0.012754896529799012,0.016815296106864778,0.01848690001534821,0.017606256943842023,0.017128254801195383,0.020638202402109142,0.019050211631310505,0.019833678475603217,0.03186293493243001,0.016349949287704467
2023-04-17,0.012307052712241695,0.014723221997542014,0.014924545500466088,0.017238150415678975,0.017366420833997497,0.01890787676230125,0.01807629545429593,0.019177463406662373,0.031650790956272504,0.016608360758198677
2023-04-18,0.01219677835338735,0.014577449687957243,0.01563707081292255,0.014613240368037538,0.01717949954007904,0.0187477165244152,0.014212960213771445,0.019352803140954004,0.03142921059615362,0.016533075376515112
2023-04-19,0.011918980693382934,0.013146098870720359,0.015677056830277522,0.014590457650223447,0.0167136398881997,0.018835233584110822,0.014515888797976757,0.019341795524444153,0.03153699082222918,0.018451179621888962
2023-04-20,0.011887019836060225,0.013337175431045348,0.017180628011467223,0.013686348037387386,0.01484712089499378,0.01791400392810008,0.014347411513245974,0.017810744298975292,0.032919695254722055,0.018410693674958328
2023-04-21,0.011920420219433726,0.013248977266149447,0.017067862880687467,0.012088921726312532,0.013598321919856706,0.018280498702182218,0.014001892508507217,0.01747374645324144,0.03274905174030194,0.0183577435505509
2023-04-24,0.011869063764934407,0.013091505523850152,0.016022977330977618,0.012017236996813657,0.013468831773356487,0.018419075874586074,0.013311476989439004,0.016877151056188318,0.03267819098293584,0.01823364891197792
2023-04-25,0.012022271186499383,0.013842956315415022,0.017011067400875757,0.012617224358906309,0.0141287707556178,0.02016030042278,0.014441526818201897,0.017453422018340613,0.032687690255339456,0.01808924844050456
2023-04-26,0.011629732074194538,0.016201699949917495,0.017932147472311758,0.012079208942578887,0.013892080056753657,0.020661297924508805,0.014078048969612816,0.01624238761093135,0.03341685133104266,0.018414927949111672
2023-04-27,0.012885384491296283,0.017374648138093026,0.017996676675303833,0.012364452629019753,0.013875698970142137,0.022383180469724373,0.019451698302900826,0.01767248103225002,0.035214599616556194,0.01813007898399059
2023-04-28,0.012373514109774844,0.017045567749954287,0.017866471164256468,0.012457155104465165,0.013697789813853663,0.02379357050916023,0.019027342787579875,0.01770973295678485,0.03525640633902589,0.017822833054295804
2023-05-01,0.012275318757282246,0.016994587365770218,0.019679625579821693,0.013072358191909807,0.015629947819240448,0.024717492264975934,0.019022923263565503,0.017648746980803938,0.03512717134459902,0.0178214757578249
2023-05-02,0.011997828888609159,0.016747287361633157,0.020336282905425048,0.013562957761736338,0.018125161599041848,0.02479585346716879,0.019202046438704618,0.01722815423870021,0.031361363208871236,0.017876074397173897
2023-05-03,0.012004354933969171,0.0167413521821472,0.020552121704567536,0.014473301520452947,0.015948496077506116,0.024715514003356642,0.019364383760956238,0.01718502079690382,0.02918885071100119,0.015070221377784423
2023-05-04,0.012193275774036286,0.01674230025504132,0.02022670122616432,0.014489008106443163,0.01619819564876278,0.024507764294702042,0.019655754568532677,0.017242947576622036,0.029308116326111057,0.015092297960751297
2023-05-05,0.014974262775872365,0.016849303906054942,0.021355308746609642,0.015042271114888992,0.016763230527869634,0.02387244606072931,0.019336185490699237,0.017328470176324644,0.0314087226530662,0.013614710126001038
2023-05-08,0.014972646291532306,0.016150005915123715,0.02154388737204257,0.015029201911005399,0.016554169322498542,0.023812985521145406,0.018780035143539354,0.015901350746059074,0.031555172546687,0.013481276799475212
2023-05-09,0.014654088411479551,0.016095130624520122,0.02179808056761961,0.015094818649541555,0.016558841410853644,0.02384472543939501,0.018715675780871667,0.015379965444956826,0.03166870155632348,0.013407703337700172
2023-05-10,0.014551799540374133,0.015422685924359875,0.021539613140048132,0.015075203725417338,0.01656829963175566,0.024073850430134384,0.01868693112883617,0.017430354057154738,0.031454553938948165,0.013055084385726501
2023-05-11,0.014453471647843545,0.01558931551322066,0.020818391684254162,0.015103518412453162,0.01687691925480656,0.023482143457103897,0.01882836905189055,0.01926698232234273,0.03115868904363302,0.01303301067630227
2023-05-12,0.012846690790574416,0.01500274997117506,0.020959153064030296,0.015461754409046697,0.01678518154985801,0.022218799468713628,0.017821112940003162,0.018666161120996394,0.030659645072167025,0.012847062675988757
2023-05-15,0.012859999297069635,0.014630198020636158,0.021270162934821542,0.012809372609567899,0.016775340797583266,0.02223686761501475,0.018410278325349506,0.018745970351368216,0.030681245590117742,0.011647832319474806
2023-05-16,0.01286082987157805,0.014591056547762316,0.021268464338768625,0.012686496725302547,0.01728562048691461,0.022493959580072154,0.0181909129802728,0.017994688633937723,0.030503355062404754,0.011749693438977873
2023-05-17,0.012803300138947711,0.014644315695767102,0.021733407471991782,0.014260460074409956,0.017495338718213203,0.02258379672693874,0.01840047666645385,0.017445592626476023,0.03216693057887483,0.012089697218870014
2023-05-18,0.0130205523144457,0.014842137917263147,0.023785012099350775,0.014381746789533951,0.01775249878873194,0.022695084493113138,0.018492476405857144,0.017404027155772557,0.03216574399808164,0.009381904697193756
2023-05-19,0.012902195057740908,0.014636622836264058,0.022768424797340436,0.014377426864500081,0.017831438983299877,0.0231000876854841,0.0182508115229933,0.017486032971191057,0.02396048442432438,0.009351830840961162
2023-05-22,0.012732658857103113,0.014628710505371269,0.02282649004748979,0.01447473497907381,0.017854160428383108,0.022641739697327714,0.018284928771233236,0.017589261142533095,0.025664085586527857,0.00927406818861433
2023-05-23,0.013309385946770247,0.014943973122346898,0.023265384833225544,0.014614247306312684,0.01755346571446643,0.022531991743102903,0.018405826753453605,0.01863712092848541,0.025712223882912673,0.008941924917423918
2023-05-24,0.013063217992137348,0.013786778073249727,0.021922743403024865,0.013966649486086622,0.01772611597940944,0.02082113084426954,0.017205357684329698,0.01820898342152665,0.025863859001762118,0.008843619909879597
2023-05-25,0.01308797221884438,0.0133491103489914,0.026713500579104744,0.013418039853812649,0.017976379215953252,0.020930626768490068,0.017287239447774334,0.018338648274104752,0.023165963577253267,0.00802261832444721
2023-05-26,0.012039168442143878,0.012474130173113688,0.026924467139663663,0.013246577594253734,0.01761839325312786,0.02077758655592583,0.012984441179923565,0.017150379471444,0.023541902983833747,0.007421249420623085
2023-05-30,0.0121305622048503,0.012606176772774386,0.02718645409560752,0.013129299275581444,0.017169990563272425,0.018108105054134262,0.012979093665467206,0.017330174817809667,0.024291423627541695,0.007377785558906493
2023-05-31,0.012128109992529773,0.012732441264961616,0.030183086696016156,0.012428826147329267,0.016392912404021704,0.016142255336343534,0.012898777589251087,0.017486792431321743,0.023622911966371913,0.008015265545362839
2023-06-01,0.012337763885729313,0.012848017690723515,0.030760570911866437,0.012414124225208979,0.014582085002131632,0.016212900526076445,0.013142322392303916,0.01658612933407619,0.023183795430710696,0.008505705732002442
2023-06-02,0.012145732285339965,0.012761860596980404,0.030636064013875662,0.01226993435568324,0.015030810629664243,0.01613039154357347,0.012745146672559325,0.016512686162131005,0.02338517670510973,0.008677182363420605
2023-06-05,0.012024280777686481,0.012776677155562416,0.030510642382564356,0.012054078296460796,0.01454753392203521,0.016085624858831294,0.012046085585311768,0.016164208981561783,0.023280318443660797,0.008633503005519442
2023-06-06,0.0082109130658377,0.012678158004734095,0.030127646365535284,0.011360278129293768,0.013571264038239187,0.016011542774853792,0.011961750854281092,0.01616681776201125,0.021499020562251413,0.0093969703345249
2023-06-07,0.008454910204676858,0.014665137969485983,0.03118648749648474,0.011516976788493807,0.01443904424408587,0.019607960998368375,0.014219574314190853,0.01893853383204993,0.021496105731917063,0.009662995357608263
2023-06-08,0.008577292784757653,0.014574652958619483,0.030965233752743005,0.011436058369789472,0.014456851749578543,0.020004263585049167,0.01417531036402443,0.018914277854337753,0.02156111753818837,0.01035941111504595
2023-06-09,0.008383063360415551,0.01421283956715859,0.03095624881832303,0.011434321075607398,0.01426013662952737,0.019319052087911695,0.014119652658217128,0.01725199703219057,0.021705571434534825,0.010466517383000097
2023-06-12,0.0088768122022881,0.014319134804264104,0.03075327313599033,0.011390509283459556,0.013796768855498333,0.019614664004972623,0.014541430242243171,0.01503088687434803,0.021715573024871312,0.010458816937660258
2023-06-13,0.008767726020596925,0.014250891023992403,0.031134449965188382,0.010822285309573043,0.013796099359462724,0.0189409473989837,0.014194320302985593,0.01498469319127022,0.01975769665262445,0.01042112533485306
2023-06-14,0.008667531486280125,0.014285054406953676,0.032050885037392965,0.010828870513882559,0.01407101973204659,0.019024645216730557,0.013813898613072762,0.014799928574041044,0.019586749547578094,0.016298943346247555
2023-06-15,0.008802919871268276,0.01546451354102888,0.03235036054366067,0.010800827696075791,0.012950516435204036,0.018772154350622752,0.01468042666188124,0.014026732225260878,0.019835146263951865,0.016564086751417875
2023-06-16,0.009048328949931937,0.016157506235403726,0.03205386578116225,0.008810180667121158,0.012172402163364597,0.018931852808311396,0.014760892194844834,0.014223347243864629,0.019144946992454573,0.016667896682060142
2023-06-20,0.008748034765272444,0.016373789167519377,0.03105410527697404,0.00881745864336688,0.012998860810686734,0.018439434715078563,0.01459784718211804,0.013809937942775272,0.020422762249799126,0.01740758347865921
2023-06-21,0.008927384288372258,0.01674104725447907,0.031224857167907148,0.008803799886064563,0.013225206763568769,0.018083034146239255,0.014813799281910792,0.014554451283253056,0.026469616633503296,0.017750840940927343
2023-06-22,0.009239622527226935,0.017050206458366163,0.031185953510502,0.009687550917608813,0.013022307905129685,0.019595786659223628,0.014822947100973585,0.014756223768169839,0.025577874060697975,0.01776239146671359
2023-06-23,0.008297100164246634,0.01678567634087781,0.03132675516510424,0.009454100136452731,0.012703199132281894,0.019736267800494374,0.014587801044893704,0.014150877941499317,0.02664732651924676,0.017781802537774834
2023-06-26,0.008665224876925672,0.017414098729867412,0.03284005754078288,0.009177182172052583,0.013156587765500006,0.02012700197923249,0.0174000351136817,0.015656258345569107,0.030989017552892177,0.017794585023679216
2023-06-27,0.008994616425877754,0.015863325068155246,0.028966701863338246,0.009177514092247907,0.012612215963615628,0.019743906758152754,0.01816128715153134,0.01481873197636254,0.03140789280639494,0.01778003723277299
2023-06-28,0.008718070446208707,0.015212927011137084,0.028982367180816874,0.009059778707103953,0.012665926550914563,0.01775719363139089,0.01694732406783281,0.015122173037205346,0.030655649954777445,0.018125353333888518
2023-06-29,0.008575562294469225,0.015175890177661277,0.02837994540999384,0.01167546915528613,0.012747620189196037,0.01781355673545247,0.017361279197193914,0.015153608634757227,0.030062391186254304,0.018131305415699416
2023-06-30,0.009537641286296864,0.015395887760776151,0.025866625042609434,0.011431494953860115,0.011978581950872667,0.017971385202449508,0.017675664481847344,0.01518346376226539,0.03007730394977287,0.017915994046188956
2023-07-03,0.009498750009319658,0.01530828622804834,0.023764195285921347,0.011239142567779612,0.011792649531055443,0.017693132108150884,0.01673002368741458,0.015085928245426108,0.032363975919544354,0.017697781066271265
2023-07-05,0.009691496719138213,0.01520695262971726,0.02357514714269474,0.010651941594938723,0.010833398799768567,0.01756941866961501,0.017684579195820564,0.015407354384758994,0.03215736502916914,0.017657961946514467
2023-07-06,0.009403388555021746,0.01532671954936067,0.023593701215468575,0.010655375684898383,0.013702162653857866,0.017929584211823016,0.01778567946188311,0.01538603159649196,0.03300628703693721,0.017661786158862956
2023-07-07,0.009546104914518044,0.015494550695327838,0.023307657834913814,0.010739473001459566,0.013564733482845015,0.017945569791827713,0.017857730368285592,0.0151237328363262,0.033236804894147744,0.01742758754194006
2023-07-10,0.009744465298851885,0.01423334189725116,0.022061178646683745,0.010631350529541726,0.013004262378069585,0.015656650029438536,0.016420651842309876,0.013821639487205644,0.03376885552914964,0.01733020953886679
2023-07-11,0.009374643507260048,0.014196234721148898,0.021498899482808555,0.011033995770517535,0.01334424039718175,0.015016515346759608,0.016530430358986603,0.013939083628794834,0.03276849859959653,0.016837969905362373
2023-07-12,0.009498698722013794,0.014464213981485306,0.022481747263051313,0.011045437572053415,0.013317936727770503,0.015180920713478664,0.017788408076532706,0.014427280799207548,0.03188007832440305,0.017379341796063978
2023-07-13,0.009015993048279464,0.014498399862384517,0.024022437051703257,0.011036386760461406,0.013774661898904502,0.015277860350297736,0.017492552026499242,0.017591207171780705,0.031867579559720145,0.01741102179944131
2023-07-14,0.008964672798236512,0.01450195137132666,0.02323891465675247,0.011016398332445438,0.015658738968890216,0.015270210727078251,0.018077207390615406,0.017650754575714193,0.03118473344445111,0.02057603223421233
2023-07-17,0.009563595865384078,0.014398582096755484,0.02153395846536171,0.01180456595614303,0.015567099349483719,0.01543612422715676,0.018075099840779957,0.017708781698718926,0.03162426676103817,0.016135132073652293
2023-07-18,0.009388198031694614,0.015269404604307524,0.02171267208308559,0.011700749751589783,0.015448755740936671,0.015519930178498663,0.01718401978939132,0.01759339034490789,0.031563012531889825,0.017180682652924936
2023-07-19,0.009273286746675843,0.015036208673590184,0.021909905400464023,0.011686355929539644,0.015531115581625779,0.015537257843598825,0.017166337539649138,0.01764873816855111,0.0315820027794187,0.016689522991582075
2023-07-20,0.009673493584379548,0.015720677694280715,0.02285977167677754,0.011634890289304497,0.015238386840117364,0.01830610157581277,0.020163789291409624,0.018338095446139777,0.036638559494453306,0.016041025582795528
2023-07-21,0.009693626781198351,0.015544931547397282,0.023345027497661295,0.011876880247045965,0.015072813540849422,0.018189770629076576,0.02109410267367791,0.01786474092154258,0.03454796440882167,0.015762844848562937
2023-07-24,0.009139515053907877,0.015075974147164339,0.02337032725872506,0.010978239046927178,0.015385613390111573,0.01586633269024068,0.021113691620280664,0.017430641414748864,0.035092712702923856,0.015757756461767705
2023-07-25,0.009132885003835014,0.015075804052605076,0.02332457275900459,0.011106201384903761,0.015222115843451123,0.0158216225758663,0.021021796691375348,0.017424736702864173,0.034521359848260505,0.015705867734147477
2023-07-26,0.008894276954925624,0.016896864347276108,0.021394451857695417,0.011074451648686284,0.01479133595632527,0.015523801731575302,0.019374648598746092,0.019190902604296282,0.03126157511183335,0.015789784814966994
2023-07-27,0.008602370153278253,0.017117985687151557,0.020662460351097384,0.011641190012574616,0.014796642457018245,0.015185165597358575,0.02043211147563197,0.019180709226088097,0.0313768287100978,0.015808237532900605
2023-07-28,0.00894292739812503,0.017850172431027503,0.020194991957620003,0.011407237360253928,0.01492385333634764,0.016597927641616265,0.021996103498980717,0.019534119021374197,0.032210834841725274,0.015327262686766669
2023-07-31,0.008949172474173022,0.017919306340393553,0.020025480240057226,0.009426731350093802,0.016060527769282594,0.01656556757401361,0.022422678499334752,0.019307778964739297,0.03220687005529709,0.015360418219840022
2023-08-01,0.007600177454114809,0.01753913840208009,0.0189958002035352,0.00942558252741986,0.01607102538340182,0.016490122909045748,0.022276836713291885,0.019542074593484823,0.03251926358728122,0.015310052054085312
2023-08-02,0.008189171597639992,0.01839201048551067,0.022341156949857548,0.00995116286045346,0.016280565553014152,0.01753273992092186,0.023282589632643794,0.02052134237185175,0.029202792900556558,0.015229924095978667
2023-08-03,0.008247908406147716,0.01838765788134015,0.022330889616397863,0.009710858704973293,0.016720288911605014,0.017580499477133294,0.02265723367974594,0.020333091251448023,0.02955072249734086,0.014816428259561037
2023-08-04,0.012575260251680737,0.018260523389588005,0.022265896908668616,0.009302817316670157,0.01425741013807073,0.020932738363765965,0.02265161481142617,0.020043001147289907,0.02955154215983402,0.014822174296836061
2023-08-07,0.012986319204051492,0.018210457846454243,0.022419108775971804,0.00926423334742174,0.014284937847712176,0.021153744070220918,0.022821010575317605,0.020580037845991772,0.029566870689311874,0.014447487771750808
2023-08-08,0.012961024355261502,0.018073274247044874,0.02272347418092872,0.009484575010253212,0.014000023127502658,0.02092348016570181,0.02301598727571401,0.019449752752571936,0.02940694083127241,0.014736485337745997
2023-08-09,0.013049878839458044,0.018215566330101404,0.025294411174904094,0.00974046204002402,0.014216582850495768,0.021175747766464997,0.023586052027470012,0.019881293356939122,0.029978704336408608,0.014899481977399176
2023-08-10,0.012797422836839668,0.0178869336890477,0.0240309273179773,0.009745077899518315,0.014219017612859455,0.020964453747290977,0.02216351511438113,0.01975315020323269,0.030100208377710623,0.013534895903315396
2023-08-11,0.01272355788301382,0.017410621405454095,0.022547966345361742,0.009762175791090245,0.013741559267950372,0.020179150418779948,0.02210497146091934,0.017242317191067103,0.02952323075438209,0.013244943741682917
2023-08-14,0.012984609873090911,0.017473113783665718,0.027690326814534455,0.009713596506840462,0.010625144550193321,0.020447149016131996,0.022192317272244966,0.017401547535307246,0.029235139501784496,0.009273769879221466
2023-08-15,0.012288536996362042,0.017460339819425935,0.027211898948241192,0.01005662022938755,0.012589822124539633,0.02090516191482882,0.02233602958564197,0.017579427941691705,0.028178159070727352,0.009508138359486797
2023-08-16,0.012275986258947701,0.014518341865459703,0.02665718978605089,0.010064810010952214,0.013259480893458513,0.021298261956929732,0.02290391799173173,0.017611482665111658,0.028165065943453593,0.006694320455298864
2023-08-17,0.012204910377614748,0.014489992614239704,0.02663659169680618,0.01019702635403146,0.01370903077081673,0.02088845885055262,0.023452210329570036,0.01730425582179222,0.02836453324849818,0.007735169027519319
2023-08-18,0.012265774171906586,0.013902622450915562,0.0257545554824988,0.009733986123854165,0.013594099059168387,0.018920970616591586,0.021722543572197297,0.01699758308533607,0.021308350866364165,0.008027486974208301
2023-08-21,0.012542387555475064,0.014595021839981426,0.030640068222044594,0.009724142520123519,0.014002537194540947,0.019070223963838014,0.021685449127951794,0.017000602198137534,0.02755895947535988,0.007944135874056055
2023-08-22,0.012684718691828852,0.014552519178900972,0.03134081436184249,0.00931136589208112,0.013779257226419244,0.018960263300902162,0.021665948849858938,0.016873641767955732,0.02623739056803356,0.008138353675688844
2023-08-23,0.013750382494680894,0.014366752293646142,0.0316564191042649,0.00953202050931781,0.013963733299561352,0.01905103643587356,0.02216201700911558,0.017568655021208576,0.026622438485780203,0.008071278389141293
2023-08-24,0.014561952719411178,0.012696795558138152,0.031623276341093506,0.009324948003554608,0.014014872600744297,0.019980450612853688,0.022604327407178968,0.014317241982242976,0.02711776802498145,0.00802881424066356
2023-08-25,0.015006413087049182,0.012193563658463693,0.03206722533117584,0.009159335578016296,0.014481168035891463,0.020112746714154896,0.020116689132344063,0.01431666325117297,0.027952328635420878,0.008030363076789952
2023-08-28,0.014779798846875674,0.01093848145037402,0.03204617498903888,0.009068374184544988,0.014199407413044889,0.018920984010146497,0.017665177393347487,0.013376952821348025,0.02607326283156052,0.008099101495406418
2023-08-29,0.015719821423755963,0.011431775525321125,0.033257805130787695,0.009149043832429425,0.012873474032056383,0.01899427985868009,0.018556754780132755,0.014652987612685369,0.0312777234504932,0.007955842407159757
2023-08-30,0.016412396892729796,0.011430887996506578,0.033262637851457694,0.00914079749307974,0.01287732513640399,0.01871332998002116,0.018234300732194727,0.014609633508500088,0.030861112144978914,0.007949772141791552
2023-08-31,0.016104500805788326,0.009832453129683973,0.031067948913554744,0.009192208742884919,0.012422433965963244,0.018216250592370028,0.01756216180151826,0.01334741131214742,0.030281937218288167,0.010232072495478115
2023-09-01,0.016154320717288846,0.00982764565560258,0.03144803275926441,0.009077016886871065,0.01264512095582758,0.018204690928659686,0.01758882074887901,0.013416561911216306,0.032005429918793606,0.010222054191305872
2023-09-05,0.012687862151346511,0.010303041796614471,0.031455715199673585,0.009243494489058392,0.012662728145135287,0.013713324989026394,0.0178503522347668,0.013370011699527909,0.03337609550625377,0.010560967846459322
2023-09-06,0.014672674464706749,0.010222354246594689,0.032204264997479776,0.009065152609419631,0.012662555881266444,0.013229572889717246,0.017238031033122693,0.012475041793030515,0.03355323382965192,0.00979161154224248
2023-09-07,0.016093366432563427,0.010032803529637271,0.03222922824372826,0.009119113002661192,0.012789335537151352,0.013559337047411035,0.0170924518582802,0.012509882768707606,0.033517360404526256,0.010560337024527505
2023-09-08,0.015995396699425617,0.009960245299149791,0.030401695252060486,0.008894343499310835,0.012671018822180372,0.013169437149000053,0.016344418196186653,0.012121417006987552,0.03290114077818696,0.010504057594262522
2023-09-11,0.016054917429062142,0.010155486823423338,0.030475005656065167,0.009041090272017705,0.013103316432705436,0.015152607887402048,0.01786996697002047,0.012115227975820703,0.03857696694527197,0.010452257786706387
2023-09-12,0.01651030209109408,0.01099020340785626,0.02919363138867339,0.00950732426052949,0.01406866031070392,0.015482264425560216,0.018140144831723062,0.012487414079974795,0.0388980640607846,0.010171340457870263
2023-09-13,0.01653481425232288,0.011136401053744666,0.025367387596130064,0.009474792763513993,0.014296022119104848,0.016079950815612018,0.018002933270882055,0.012349063003566594,0.038761669772143834,0.010012672466442904
2023-09-14,0.016515306104217156,0.011028243931306388,0.02536106425114643,0.009058509002304586,0.013104836392287562,0.015266974760368304,0.018311815976631358,0.012050451763747222,0.03800551068950616,0.010184968581751323
2023-09-15,0.01650520074969967,0.012570563684129628,0.026666663559240918,0.00903601102569025,0.012986733395002387,0.016230416070032696,0.01932031846475672,0.01191714586505937,0.03704409460606357,0.010297602741340929
2023-09-18,0.01657446740220152,0.012301199079496335,0.026654570802622003,0.00875170131179578,0.012574282855911934,0.016110712184264346,0.017837117940932873,0.011847908075164792,0.0373193264673547,0.009455842012636623
2023-09-19,0.016608114674223014,0.012300992940247975,0.026757089799377184,0.008742892297895339,0.012382313541089195,0.016562414304621957,0.01774278998281175,0.010777171270036716,0.03685687680668178,0.009456687741761059
2023-09-20,0.0171709082190842,0.01303122671061792,0.02050424185879839,0.008752330341381242,0.012156026330700172,0.016898327507784427,0.017729225489837137,0.01322233641655881,0.03445928847670967,0.010931491095865383
2023-09-21,0.017172506313734414,0.0130472610535943,0.020579556184806662,0.007603533827255558,0.012604161116012735,0.01957706909471794,0.017907463631167124,0.014431126104840994,0.0351734898551468,0.011364546831025255
2023-09-22,0.016442929437502855,0.012708183194697653,0.019385728196568298,0.007742322449470971,0.012323783273135588,0.019408964462764338,0.017383564469722296,0.013278995020508578,0.03654256643346961,0.011403773988155792
2023-09-25,0.01552147983433831,0.01183953135420361,0.019849941568350345,0.007832232230307207,0.012175084853203608,0.01892024378043284,0.01630367835706123,0.012623268920393406,0.035880321704159744,0.011437469941625499
2023-09-26,0.01605090038429961,0.01215991551665195,0.019362277878964693,0.008141054830778727,0.01178510093949901,0.020721102235136055,0.01634679462700661,0.013358733129385195,0.03518343654675394,0.011724711223682838
2023-09-27,0.01593082006127401,0.01215763551160137,0.01913445837964961,0.008218198280899881,0.013311044461271841,0.020725891188684543,0.01605909703001876,0.013655735318091023,0.03535448032399119,0.011760115082069167
2023-09-28,0.014978554934097587,0.011640421625401494,0.01672366026679624,0.00848963433938987,0.0135074429197681,0.020419354415947163,0.015663158137364203,0.012607718696678193,0.03162260239720436,0.01200801241789756
2023-09-29,0.014157310005005296,0.011782308820191649,0.016708728761755623,0.009259692546625597,0.014113592178960218,0.02057529661448358,0.01576470939018811,0.012555575079324154,0.03185603551271261,0.012332288576195161
2023-10-02,0.014720230457758408,0.012626908216873,0.018319874194202338,0.009061806679509853,0.01474221626794204,0.02039162591621595,0.01641505930533014,0.013837164203678603,0.03186523193297139,0.010570388556813934
2023-10-03,0.014474501009678861,0.01376732278273333,0.018872203332064637,0.009116916267052043,0.014094746248856805,0.021686307687228852,0.01704747110032475,0.014086206186337557,0.030047884243737315,0.010955042372248777
2023-10-04,0.014652626930222025,0.013956253811542993,0.019203222767948,0.008915829114549911,0.01647510734501826,0.02225305859788836,0.017149997646658217,0.01489220719864746,0.031042891280735042,0.010865459971891681
2023-10-05,0.01283210640133432,0.013975806135129887,0.018640221507251205,0.008973094212622249,0.016988778447222196,0.0221546045653469,0.017142443710621284,0.014735820342374032,0.03077234697323064,0.010682023553959414
2023-10-06,0.011665468854248384,0.015003403690997718,0.01913963758421425,0.009377208177455704,0.017275647356443147,0.022039929979961438,0.0186097483864588,0.01522155427463696,0.030764177816952124,0.010688878147031847
2023-10-09,0.01178847530369804,0.014806968087171316,0.019016640665611664,0.009401320710009983,0.018761886243050148,0.022034238905022905,0.01862354793289607,0.015176033746056874,0.030631581409126744,0.010515348115777501
2023-10-10,0.011718891162235845,0.01458422747154975,0.019083246110646313,0.00944179929397476,0.018612615468508963,0.02048340806853518,0.01753086584690775,0.015173380147115929,0.022605887003345617,0.010568774019342045
2023-10-11,0.011170309818109885,0.01432162490261349,0.019537726443289185,0.009047892312331466,0.01874409888189502,0.020967058430708736,0.01714514943004158,0.01537004323554948,0.022101612983333078,0.010591960292805916
2023-10-12,0.010801133911639234,0.014038241588444203,0.019358936336919187,0.009065665904145608,0.018741506957252463,0.020003609612363027,0.01736850046479485,0.015502056112500556,0.02205308922831245,0.010552277724852066
2023-10-13,0.010984361083302203,0.014048599348550619,0.020700167348237732,0.008652539935490552,0.019758029649005363,0.020251308178396894,0.018189660425015512,0.01557427198524794,0.022393176237364202,0.011554166183811975
2023-10-16,0.010931662876878342,0.01336892244613148,0.01902197539063352,0.008630346973015146,0.01958709382895032,0.020161414921258728,0.0164766011916731,0.015776505183441685,0.02264523905050379,0.01167199585335439
2023-10-17,0.0105036408258473,0.013348856115478855,0.02195971855160755,0.008629943834370477,0.019754937373215067,0.020196470388722337,0.016497485799585713,0.015755585040521505,0.021609120510741944,0.0117078153223488
2023-10-18,0.010509256038528956,0.013416335866108865,0.023592095972751734,0.008950221926338223,0.020080587841607937,0.020587901977421674,0.017334131111959195,0.01601493328853857,0.02384478009748889,0.0112206246324595
2023-10-19,0.009543357645706243,0.012197215294420376,0.022681655246210998,0.008950617109167388,0.020036504947204138,0.020372892407804138,0.01709831700135614,0.014298410032083793,0.030984668783010486,0.010755415043699229
2023-10-20,0.009898161043012934,0.012623048120138017,0.022041484543764252,0.009461434176265944,0.020147498507901308,0.01870775811510211,0.01710517542288711,0.013568366517589053,0.03139964244232397,0.010542677308965291
2023-10-23,0.009829354437011011,0.012537056977800151,0.02332638683636347,0.009687851036122583,0.02033596805865098,0.018908637044275575,0.017313792360853838,0.013584394809307265,0.030437203162336116,0.010751902763040147
2023-10-24,0.009692493393288558,0.0125434846117551,0.023363918786900643,0.009603377224841614,0.02015317381143332,0.018870912401417902,0.017358675837955292,0.013925758574156311,0.03085503896517309,0.010705220594187194
2023-10-25,0.008696269259737979,0.013187009787692274,0.025358832859915494,0.009429392465504218,0.0201568551658691,0.020831120789363805,0.01983364639423542,0.01723527757612997,0.03096402458213707,0.010556271959863967
2023-10-26,0.010083438552536402,0.016115290400943456,0.02628021182229877,0.009334011128153448,0.0184793502628398,0.02102695231165778,0.021504692691174856,0.017973853539822292,0.03141103184769214,0.010558611878750445
2023-10-27,0.010259282066862928,0.016134249104898662,0.02604370009172606,0.011602108063178122,0.018729370482157417,0.02445128067091773,0.021981315697636658,0.01768056413665466,0.03077950912302173,0.01046890711742626
2023-10-30,0.010616309189083808,0.016702578124085026,0.0262444304501567,0.01166507383279444,0.018680067163103633,0.025773879163190242,0.022277163471876422,0.01804562277499762,0.031524624333916534,0.010191778704156289
2023-10-31,0.010080428107466847,0.016303787292702647,0.025243755278753995,0.011954215042327949,0.018507487265004414,0.025491475315180832,0.02174807685251162,0.0171243949840141,0.03194723948643911,0.00952350999872123
2023-11-01,0.010785318845427081,0.015498950288775088,0.026160336257233782,0.011870486869921204,0.018465623817901167,0.024629395042244123,0.022618527791406894,0.01744210011815133,0.03271388934595386,0.009380398023860802
2023-11-02,0.011561280403521505,0.015223800388910691,0.026768472490683176,0.012504553643567692,0.01843103894150658,0.024434156519871283,0.02242111076013895,0.016896178702794053,0.03301797708699082,0.00948598105210596
2023-11-03,0.011549352515956809,0.015319985165167282,0.027632003696922786,0.012717751953238819,0.017947848210192897,0.02428777440781291,0.02253433299931215,0.017126146829173017,0.03317070094020228,0.009623315135475305
2023-11-06,0.011540606678060414,0.01471445059509354,0.027367115559098418,0.012360562651793115,0.017996483867250775,0.024160656031710852,0.02126111636423552,0.016744054876745032,0.03311556282540702,0.009022888621516413
2023-11-07,0.011814294763773782,0.014775099028937314,0.027269867297331656,0.01235267815724499,0.01637993858762148,0.02445258631109801,0.021267070284947943,0.016733835693221667,0.03342889422342704,0.009152951949645036
2023-11-08,0.011825543571669218,0.014655523470825422,0.02730952191497409,0.012325990582570147,0.0165066851901777,0.024500425325218816,0.021136158399252876,0.01678784862880421,0.03307966310928305,0.00910000412043185
2023-11-09,0.011750443182782096,0.014766776061717038,0.02694426907948947,0.012308237815031384,0.014661258083712618,0.02446794231405113,0.0207118416135975,0.016491015580604118,0.03466309478621256,0.009118942905441964
2023-11-10,0.012694573179699208,0.015317366317257103,0.02767328640883508,0.012743893921142765,0.014798072729584217,0.024792662480716498,0.021341406259698263,0.016820569472685128,0.03535444066148912,0.00913452375837663
2023-11-13,0.012619159426738713,0.015208139277381228,0.026593792047257262,0.012320029758595917,0.013092118227470154,0.024364209415246977,0.02017986224438051,0.016629275438773995,0.03660779446057705,0.007200504979510703
2023-11-14,0.01289690671132982,0.015088293655526129,0.026784835583673273,0.012984085056807525,0.013144865023505951,0.024408468238068144,0.020229718392024594,0.016592252689030182,0.03912964071959537,0.007233010009087763
2023-11-15,0.012641151270499008,0.015046723152219528,0.024510952028130667,0.01310207358502446,0.012701145156008994,0.024744742851198504,0.02035975284163684,0.01664054239704065,0.03950988771279315,0.007261652663448257
2023-11-16,0.012477856483311378,0.015047435684666755,0.022202695879609463,0.01300906265687788,0.012215936929396223,0.023876652187477757,0.01965848469795237,0.016709255746471443,0.03897038124997263,0.007274770003725174
2023-11-17,0.012437703175939868,0.01587806606881743,0.02223657077901888,0.013023482374671503,0.013668841661789366,0.02400274745595678,0.019325972193946123,0.01697327360980716,0.0325455274528495,0.007180968244960537
2023-11-20,0.011727388755703165,0.015541961810012751,0.02171113701257205,0.012303180684992457,0.01328186278282717,0.022943316706906133,0.019083548336108744,0.016530200715324347,0.03119041919141804,0.006904239453886847
2023-11-21,0.011864920956397773,0.01605935116916417,0.02106187458679184,0.011745563484431098,0.012982981340905538,0.023420025992390868,0.019069251226831372,0.016516827992765794,0.0314254505875697,0.006598487439482312
2023-11-22,0.011858045034135858,0.016114207438939324,0.02207261334670372,0.01173517207649552,0.012870619795304293,0.023512466762054,0.019094083517134614,0.01631697613063166,0.03215689774898769,0.006645826522199078
2023-11-24,0.011430390613837788,0.015231638197812552,0.019865193018142952,0.011554667491709778,0.012939656354945964,0.018633346243126903,0.016191839492770196,0.012131034616668306,0.03172766480791225,0.006462203196831634
2023-11-27,0.00928484465461503,0.011607622693399879,0.017407945870209437,0.011638306981145083,0.012859891801719177,0.017843569459415346,0.013325977795727403,0.009991005031065718,0.0306023273669998,0.0066059840893023655
2023-11-28,0.00929756453069677,0.011633571826909416,0.017796069603816078,0.0070078044652523664,0.012178369674598129,0.014779563195833586,0.012463883988042998,0.009892688031085211,0.03168154884024308,0.006524691210471079
2023-11-29,0.009498307464131581,0.011663757597101488,0.01769570387006854,0.0068340364023091104,0.012565737777138052,0.013082880423087823,0.01333423387340857,0.0104954329696488,0.029205289569248206,0.006685377404903713
2023-11-30,0.00949550296010369,0.011704529168951684,0.019083425692075804,0.006810680971337951,0.012613849303727748,0.013148788004739597,0.01389076952667001,0.011487801053038763,0.029725953272990546,0.009575873104992489
2023-12-01,0.00899688482781945,0.01153833692522056,0.017778172692456323,0.00665617204720771,0.012633154773338394,0.01190885676533873,0.012172060545179973,0.011023186828778434,0.02965585824108078,0.009563669015274393
2023-12-04,0.008720837825814213,0.012185696658865361,0.018277288835213377,0.006087673071627738,0.010125498585936444,0.012509415244329315,0.012676584076849831,0.011897616658271147,0.027293898912665992,0.009432028595328443
2023-12-05,0.009307736721049904,0.01206216192578372,0.017471177336239825,0.0060428988230895675,0.010593747420097128,0.012766049797800048,0.012519251234116204,0.011931858631955242,0.027368912876909002,0.009095705134198042
2023-12-06,0.009253566660441966,0.012227741267777105,0.017919421538110734,0.006860193092580681,0.010315475307225413,0.013343853776418139,0.012514603193416622,0.011903557059809387,0.027323386395637087,0.009095040599378401
2023-12-07,0.009046430041131837,0.012075926965416428,0.01865185983265699,0.00679060393684776,0.009927959646523772,0.01302998206040694,0.0138222984240067,0.01641747549910626,0.027329851247077,0.00900232571432979
2023-12-08,0.009074681115526092,0.012114830327329717,0.018898816384212654,0.006955918708623979,0.01007665771582609,0.012969538981723275,0.014341514095935658,0.016760378279614727,0.02731053834784922,0.008979750761273997
2023-12-11,0.00967615252345297,0.012148776491972848,0.019292623153490472,0.006754972399337126,0.010080012392477094,0.012967724969857467,0.015310720533201051,0.016779104305042297,0.02411345608152215,0.009348403514937964
2023-12-12,0.008606001599859935,0.011069969301006037,0.01880042075745513,0.00643229629086169,0.010359040078711773,0.012403785090564029,0.015459174600412079,0.01638603376211864,0.024130322073057976,0.009342187408717551
2023-12-13,0.008792677982532728,0.010886882232952524,0.01886706406340638,0.00611459147027854,0.010265416148210544,0.012373964460792046,0.015459737181564176,0.016363519840296756,0.022671251395079087,0.009409761732949107
2023-12-14,0.00844090127057108,0.011865264756639437,0.018270696440164262,0.006108742309552238,0.01199658036045489,0.011705545411098948,0.014753645682766174,0.01618388302905674,0.021349198171738103,0.011196538881216047
2023-12-15,0.008520634949666575,0.012226015587507183,0.018152650879039774,0.006075539503258702,0.012010599473430797,0.011434467319364568,0.014606719985845189,0.01613134148198963,0.020927733086066186,0.01123679894454115
2023-12-18,0.008695199434404275,0.01163734433788461,0.018727000695677256,0.00589173171226509,0.011908051216704449,0.012577917969548574,0.015842456459614022,0.016569825723793095,0.018833896319485594,0.011349347877288427
2023-12-19,0.00872536260090066,0.011009862221154547,0.01883557158473793,0.006125775828342211,0.010982513211111043,0.01228060582742282,0.016180040245593066,0.016412067295578023,0.0191756512609443,0.011312464663277075
2023-12-20,0.008960431104662646,0.010124821255469997,0.019276212198361325,0.007048149346072839,0.01150395468946436,0.012597911078730761,0.015956916197167822,0.016558774136807716,0.021479674860150656,0.011756169464750455
2023-12-21,0.008893949694677388,0.009979900750088835,0.019696571477238144,0.006918016168925561,0.011577478322401998,0.012100566532230959,0.015999123775395557,0.01682314326271444,0.02180434061410962,0.011726420679365988
2023-12-22,0.008985780048310717,0.009576244341984378,0.018930561244090306,0.006989532437700198,0.011573314017043028,0.01157400798075399,0.015823306470473173,0.016738859866325017,0.02070063358114895,0.01154820696698156
2023-12-26,0.008854363788442806,0.009575780339559819,0.018474038575162124,0.006968254134346936,0.011507755512538284,0.011576399442020354,0.015618298002883538,0.01642730951267845,0.02087552523721284,0.011406346378898244
2023-12-27,0.008845950908969644,0.0095454276270253,0.01838147305075666,0.006803637975338321,0.011486994727852742,0.011539499198436587,0.015388489089185683,0.016549806949968195,0.021110720852794973,0.01147828302903749
2023-12-28,0.008835343405393133,0.009235692095735507,0.018240830966743893,0.0067798494662846855,0.01185689010308652,0.011449299172807981,0.015234783245288841,0.016525507920638362,0.02057247302640991,0.011505919233674009
2023-12-29,0.008835863110598115,0.009009529961087363,0.018207742105107266,0.00690928318799423,0.011454883772744964,0.011629195346692442,0.014726212319016265,0.016093436781114856,0.020883219203003248,0.011345844172734074
2024-01-02,0.011975229716387228,0.009475746476452683,0.018113838069378232,0.006920734914446474,0.012624970026135043,0.012073163062546233,0.01519909091917961,0.01570747099143666,0.02049423080657728,0.010122876742615444
2024-01-03,0.01191188157407802,0.009155756920346331,0.018366240754011588,0.007194124549761216,0.012752073240987406,0.012242095557809682,0.015143623878196571,0.015638538235338187,0.02247915754024227,0.010101681172690143
2024-01-04,0.01203885885364226,0.008730982452552962,0.01727077571099928,0.00718080784250147,0.012844173193726913,0.013200568809010148,0.014617295140100411,0.015537420046454281,0.022269616308584504,0.010194337782658495
2024-01-05,0.010851228407442614,0.008468722136324302,0.01724794496610992,0.007114109593174016,0.012044921364941143,0.012855007976488274,0.014608752847726142,0.015417144034665639,0.02207968009432897,0.010631623309511853
2024-01-08,0.012319888806951031,0.009162804012375847,0.020639933724831465,0.006396220512534635,0.012273505550013528,0.013583622474333075,0.014815225104823193,0.015916641644119933,0.022244758629495848,0.010632048404947725
2024-01-09,0.012019954859798851,0.00910465895436854,0.020406786974410535,0.006974492116533446,0.012504631548730726,0.013526650081759479,0.013995668478025273,0.011786063737321694,0.022580579499652694,0.010674531190781414
2024-01-10,0.011956083446766994,0.009754118651136326,0.02051994251434835,0.006818792096276507,0.012447129351736773,0.01386507507644571,0.015315092740118892,0.011337884205181952,0.0225385201217905,0.010642832403768353
2024-01-11,0.011708930963504574,0.009564441588576389,0.019699681617651992,0.007046044073834595,0.012444637742474897,0.013649675123479206,0.014053496171360149,0.010839341533337486,0.02309377537132321,0.010432551031382064
2024-01-12,0.011527769315918866,0.009628753174420674,0.019531503212736168,0.007316042582287488,0.012243357840262125,0.013595734131982852,0.013314772281882197,0.010649263816237053,0.024254938696641453,0.012728309772354689
2024-01-16,0.010886004570493636,0.009639082803032436,0.02019431432724624,0.0075748558365404525,0.013139872633317702,0.013729686119945666,0.014325713460671767,0.010676292621463374,0.024142843472936142,0.012597158887190152
2024-01-17,0.010844839756688162,0.007873331133689007,0.02040329653912862,0.00682973375491244,0.011634849450075637,0.013726747406319103,0.014181615729245528,0.010781797477220677,0.021201048261939484,0.011591586180423202
2024-01-18,0.01338479378642434,0.007767483659520107,0.02054381571657083,0.006677396492437032,0.011588899017770483,0.013463573182566331,0.014609275271200095,0.011033039163474503,0.02093501698416244,0.012047010356800177
2024-01-19,0.013831168426531548,0.008013625144261663,0.02153412906164172,0.00749009731453502,0.011421104269056898,0.01237422048300819,0.014006087204552452,0.010710850141367323,0.02104116546102377,0.013036661414698817
2024-01-22,0.014063785564987153,0.008228796325413956,0.021194439473052933,0.006997438680512322,0.010872198507357364,0.01239638810491175,0.01389454163694812,0.010776118118288994,0.020060466678648678,0.013772748664458656
2024-01-23,0.013955619570664431,0.007925840220744138,0.0192437538633685,0.006655750204830945,0.010801171555841618,0.012225620368067873,0.013831321746641768,0.010615540640947288,0.018969551882551016,0.0134095328335946
2024-01-24,0.013976561503710528,0.007965948894559751,0.019423615598517678,0.006804233410022578,0.011485918250693866,0.012051599575116288,0.013848038490775856,0.010435355994642324,0.01695320121184113,0.01332309855883662
2024-01-25,0.013925604797168189,0.007977354506250502,0.019222800815345945,0.007359900801557874,0.012817425916955115,0.012062066470422995,0.013766565274265277,0.011142039727288718,0.025208122374117757,0.015772900203567128
2024-01-26,0.014057429474346492,0.008051743376011593,0.019742878950877268,0.007397798196612107,0.012941155145933346,0.01216126877559948,0.013777138094972585,0.01112284281245683,0.024606113678468544,0.016499943052918947
2024-01-29,0.014076184399096034,0.008281119993434956,0.01986352577055808,0.007329247320412966,0.012888763146413703,0.012407696014037984,0.014021580798445689,0.010845871836931377,0.026522759246973882,0.016455142839417104
2024-01-30,0.014659363907850876,0.008423094381454378,0.019808977383826677,0.008398185277533873,0.012835953981321478,0.012917530866817784,0.014099915412122304,0.01146972076028752,0.026400103099739527,0.016402893249227397
2024-01-31,0.015168986728743183,0.010857405426899096,0.02083801745173957,0.008834568806843598,0.01367151040873104,0.013916925835733195,0.015139137684587016,0.016088207973158557,0.026467313074988705,0.016840326998700562
2024-02-01,0.013296845746470724,0.010509509977272392,0.019101427562175838,0.008584461883706585,0.012725156686353052,0.014520350491087713,0.01392284019030764,0.01587454350292488,0.026720717412782993,0.015855653482478107
2024-02-02,0.013242916939643091,0.010887904492950242,0.019690328579602588,0.008566658548729471,0.012606395420031322,0.01807945898509013,0.01865189446138228,0.015919712846600317,0.025872273841693716,0.015884853359686885
2024-02-05,0.013033156014045196,0.011328680113390617,0.02074750201636937,0.008491848373959091,0.012496233052612252,0.016849516115888485,0.02087765291369801,0.015224196308699133,0.02648001824726873,0.015929438777434992
2024-02-06,0.01305730696797744,0.011325933085080436,0.02195765181179662,0.008460273919384101,0.012576201479842846,0.0171070118878984,0.021179954362350588,0.01509490310909923,0.027408865388381776,0.016240134657148114
2024-02-07,0.012064511066097268,0.011471203329688017,0.019417160658211207,0.008447652663527466,0.011987165351051874,0.016495180360737854,0.021759770695062776,0.014566189504550893,0.02744767222026522,0.016781806390297006
2024-02-08,0.012135679202048022,0.011509424249866453,0.019910479113257218,0.00827099695523279,0.01210270026225636,0.01646067675885493,0.02167544861171007,0.014329570770460749,0.02763715939957763,0.016756884088446396
2024-02-09,0.01210915607244063,0.01134865261732746,0.020401586648091562,0.008268069704548431,0.012902065529141506,0.017014089489508517,0.020780924770045117,0.014799506732386015,0.028372743794945386,0.016762116113375927
2024-02-12,0.012269765369224438,0.011947638332660084,0.02054271084013653,0.00820544205805309,0.01316465302211638,0.017383460141940758,0.020727579278546508,0.015057982411812833,0.028348553876706734,0.01671517550588029
2024-02-13,0.012530365162668353,0.013063996842994677,0.020528725212556862,0.00828491141855963,0.013122826413679206,0.018207705753763594,0.021320327097080365,0.01564661832243934,0.027730506535765677,0.014993845413439386
2024-02-14,0.01226707613084512,0.013156649352229745,0.020326498079217364,0.008292050516390951,0.01202266332314868,0.018109274512270627,0.0212550461502274,0.015642195657453253,0.02849910569592242,0.014964519182626214
2024-02-15,0.01221304341125235,0.013289911750187532,0.020971938413287924,0.009103314327662556,0.013109433248208647,0.01801964432862245,0.021519233176159534,0.016415407865041812,0.03169293373695117,0.01485155225710345
2024-02-16,0.009947698989706101,0.013236496027601683,0.021104267314297546,0.009273673144228235,0.013076674196762566,0.017983432482679144,0.022213383246282033,0.0165993445630792,0.03149913113452675,0.014384422293398
2024-02-20,0.00916334363673664,0.013030719372579646,0.0232622574166908,0.008713175096079013,0.013387174817661256,0.018299714416658272,0.02204573022105718,0.016015600619171733,0.03217455742671197,0.01315333104116672
2024-02-21,0.008683885040772117,0.012968267822666838,0.024567009596226104,0.008709252598334426,0.013840711343537315,0.018297214905614624,0.022100504212020738,0.01616345202611643,0.03206669078020125,0.012570295182310752
2024-02-22,0.008984358309719066,0.013835635752522417,0.029298807439361165,0.008633350546763573,0.01378746142814264,0.019559343800863892,0.023296405757766942,0.016258289550512662,0.03223156864943765,0.012656818429705004
2024-02-23,0.009129193098883766,0.013760621802468764,0.029115436723217973,0.008560273970387361,0.013683315409915003,0.019562382730817753,0.023298515320083552,0.016070671928163086,0.032747194100340445,0.012594966163220082
2024-02-26,0.009176070849337479,0.013818175482453711,0.029120713807406214,0.00833224878481509,0.012673304346085356,0.019598164835458957,0.023381052638126912,0.018102741488896432,0.026025093971481755,0.008604394300319914
2024-02-27,0.009392732917232673,0.013804864565218827,0.028995712622580834,0.008213464341017268,0.012588655985984193,0.01970013861993044,0.023426366860597028,0.018283274677097866,0.02603049716618125,0.009452002180565315
2024-02-28,0.009435269031800376,0.013442794981760469,0.029171650395909167,0.008225122273079413,0.012595134682621538,0.019588228004337627,0.023341909735984216,0.018369801947720588,0.0246973883879017,0.011591989040261142
2024-02-29,0.00861869918553844,0.013793624643004484,0.02927550269055439,0.0073739031534430476,0.012086170055136642,0.01958995116740192,0.02338744481957375,0.018707836861770414,0.02470823456670982,0.011750241572368852
2024-03-01,0.007683232626176922,0.012223520352089987,0.029339003341061296,0.00688872031520037,0.011456211179022183,0.018501385012063262,0.02279870316878725,0.01567287445803683,0.02402460941597909,0.011177871592429073
2024-03-04,0.008665407882187889,0.011855486909572452,0.02970157945657108,0.006788758363654952,0.011912444259021323,0.017991495791419603,0.022977677370175004,0.01659639941525647,0.0293947329006146,0.011479210012132656
2024-03-05,0.010335724313404812,0.013041138226400451,0.02842488083425609,0.006922254169636426,0.012069052551192347,0.014548999198999303,0.018926739959070158,0.016397520808993763,0.03065482004383461,0.011801211897818516
2024-03-06,0.009831802716783262,0.012713469808579611,0.0275824882841566,0.0068350150900985205,0.012116702242755524,0.01442373621169451,0.017256513035596478,0.016194088307640415,0.03000819116212536,0.011548278325800148
2024-03-07,0.009393234591937992,0.013287864828197955,0.028027016079636376,0.007379249090373648,0.012098728435496807,0.014822494986663699,0.0179898959623484,0.01715693345198445,0.029693884690060072,0.011382448696954442
2024-03-08,0.00991522732536002,0.012525246754435258,0.031438580634837524,0.007379465369568474,0.012159929450207711,0.014923894776916117,0.017322920745518153,0.017074890834162106,0.029707094219928926,0.010445058969028486
2024-03-11,0.010554350422053804,0.012544283058593344,0.031875007335976716,0.007242141547140089,0.01176752927965649,0.015570473371838112,0.020340591597406272,0.017586201298358896,0.029790837957015537,0.012294608385547657
2024-03-12,0.010507602623514958,0.013444069574143236,0.03418240515000348,0.007289939722827449,0.010635473210462397,0.015045883762230882,0.021412950758089046,0.016865771848156703,0.029286402902758517,0.012311578769104036
2024-03-13,0.010603712532326975,0.013153370991163161,0.03441738749129562,0.007347108069393923,0.010526412472445883,0.014827680832910773,0.021560370696735408,0.017018699849003973,0.030279308431981518,0.012307306859964437
2024-03-14,0.010963805004931257,0.013153453493180662,0.035491658371507195,0.008357933965724502,0.010593715434045912,0.014043855814255109,0.021130741924801442,0.017610224327322187,0.031144883487949727,0.012347833766928478
2024-03-15,0.010959394302078958,0.013961105461273784,0.03527006081522491,0.008457366092112024,0.0104743482252065,0.014997589311527892,0.020709318148299106,0.017764902916062947,0.030473707318309992,0.012409482253155614
2024-03-18,0.01114867445039985,0.013842441858407382,0.03491820328535025,0.007685642516197142,0.00906076725806065,0.014890275158072579,0.020920478156271256,0.01981613594690973,0.030508013335937455,0.012248911013106654
2024-03-19,0.0116015892889604,0.01385218001672943,0.034899178187206545,0.007481681733110327,0.009043651999714266,0.01494520182305931,0.02022313047990394,0.019464706994144553,0.03053444455091271,0.012699701152443382
2024-03-20,0.012110901035600741,0.013880540041107645,0.032891105263495604,0.00774947232219905,0.008579250735923197,0.014644904032666195,0.020479738416863034,0.019569133062443157,0.030792190175845842,0.012730866420164173
2024-03-21,0.014976320807798281,0.013930422679124553,0.031718026719832766,0.008017281634014314,0.007789185219267009,0.014593893013162171,0.020346352529233443,0.019609375137371005,0.030805048243847954,0.012709438596479097
2024-03-22,0.01475206163739135,0.013165532449488117,0.028064471740577416,0.00862681487677842,0.007765885186378044,0.012597144669120899,0.018792267380495387,0.019983187908368852,0.0305096886022438,0.012442943708729785
2024-03-25,0.01471630052990031,0.013570088666601952,0.02804129328617184,0.00904132922049662,0.0073138694199969476,0.012618518698041002,0.019035871174833803,0.02002862391523294,0.030335417520327614,0.0124480027763177
2024-03-26,0.014705748837765641,0.013476136130131093,0.029047663172293826,0.008937784947489837,0.007787599139772314,0.012764459300039952,0.019312182373446417,0.01683116070174402,0.029743779033495222,0.012979851798602003
2024-03-27,0.015447997057121068,0.013478842268181182,0.029811850175750804,0.009571899195035313,0.007758535765341976,0.012735876040164414,0.01921794337651856,0.016800510650790152,0.02995544919854201,0.012167167910393479
2024-03-28,0.015525406105037854,0.013496530609452334,0.029497090325979157,0.009568834397626807,0.007859782343735886,0.012707228589344574,0.01954764819517476,0.016050730604989485,0.02994394973183327,0.010339538460961905
2024-04-01,0.015576221968912726,0.013290647098773412,0.029418691689847246,0.009768985372731217,0.007828515440407172,0.011978752064758052,0.01952509345463975,0.01681955941155189,0.02992481220197578,0.010373075934447466
2024-04-02,0.015587487630677431,0.01339821717986097,0.02861875628264933,0.009661998221886925,0.00827163717396837,0.011878350862990224,0.01893009261401143,0.016676349902305064,0.03126883269013606,0.01625078985442328
2024-04-03,0.014760519728678156,0.013407222379003728,0.02775678033537276,0.009704187853155119,0.00706474948149502,0.011986342706558933,0.019285552159748087,0.014819757731534277,0.027738296543405035,0.016008686893597347
2024-04-04,0.013404877109589961,0.011563480913633375,0.028850930869083698,0.009820623376894105,0.0069603310355326525,0.011499872015402977,0.018945156879759784,0.016588563513990264,0.026907564334099007,0.01566472331746824
2024-04-05,0.013382234857855826,0.012069564149573428,0.02850256845027256,0.00992205583744511,0.007093365123274196,0.012764461311182845,0.01992619822136853,0.016253750898372367,0.027581993130233493,0.015670829775685527
2024-04-08,0.013464257355985351,0.011626443600620819,0.026696281817192948,0.009609767208248802,0.007631247316416843,0.012243752624757047,0.01914263505492572,0.01598966513597776,0.02960956649289244,0.015342546670288594
2024-04-09,0.013365507103650082,0.011451533643202035,0.024054446589097705,0.009835794932032611,0.007580149985745072,0.012002762060846555,0.01895550582150098,0.01601891718045974,0.029772273427438482,0.015491741320106596
2024-04-10,0.013268643722022834,0.011551400706346582,0.02404645635997362,0.010120590584916194,0.007609046954840338,0.010878638252233229,0.015729368966180744,0.0159978479738937,0.030288975795750135,0.01473804055033411
2024-04-11,0.016325656338106082,0.010379618797132794,0.020504583053287884,0.010031454689864825,0.007395310629586696,0.01066222074353218,0.014243313192827315,0.016317676072107445,0.030544032558564697,0.015067144694300375
2024-04-12,0.0161473131446802,0.010922997717626805,0.021199201138040854,0.013837715923661734,0.008179366167629713,0.011416952222143334,0.015016740355079229,0.016731515053907443,0.029095812764907022,0.015064377435065
2024-04-15,0.016779369164095958,0.010424149232315877,0.020679657220638966,0.01326419842114393,0.00789443315655849,0.011699520197112795,0.01584436283584484,0.017008261804636514,0.030396994917766852,0.015577350444582007
2024-04-16,0.01729663304927777,0.009424593570519368,0.02102390450577266,0.013186363276500957,0.008228787673469838,0.010137518614145968,0.015388620311374926,0.016624504356652386,0.030914175636204536,0.0190164940933971
2024-04-17,0.017282290616188516,0.009508901046009549,0.02260742261394239,0.012836870862292474,0.008139026281727512,0.01055658455736188,0.014525754832837124,0.01379270230515742,0.027414283490469284,0.01962363930919881
2024-04-18,0.016948660174698264,0.00995904470168715,0.02252875007967796,0.012856284295676066,0.008108789858084293,0.010832133384623124,0.014913267260812602,0.013703665488138417,0.028175741571892093,0.020490308673318632
2024-04-19,0.016602866821961985,0.009893148032381864,0.02746564690739809,0.013758271173542643,0.008313654063395235,0.011949812742777696,0.016990574722709074,0.013934373684262943,0.027358501832439496,0.02077799923654322
2024-04-22,0.014229934917507878,0.009625020880638407,0.029273855954625908,0.01410157321272519,0.008329964880129529,0.012433949830514272,0.016942667510986973,0.014012957938489137,0.027906193708888177,0.02123815548474848
2024-04-23,0.014257781953044361,0.010533478621771416,0.029609955735494593,0.014223890654540485,0.008305992424077183,0.012735971008861582,0.018289219211438324,0.013560560963018777,0.028542700966679154,0.021350574432555752
2024-04-24,0.014488349066308059,0.010274674451115115,0.030106218026427153,0.014083850623119721,0.008163707161185186,0.01319599189771261,0.01811971878614445,0.013480506781570714,0.0360287257047937,0.021268186488532785
2024-04-25,0.014466208983513735,0.011458598118670449,0.031197394375332175,0.014059568649806837,0.007829602322043676,0.013565199150350583,0.023029802275846854,0.01435145470788023,0.0371606829222968,0.02127502661612838
2024-04-26,0.013657447350783405,0.012316121536007259,0.03373319952078789,0.013418034721136828,0.01019245268852159,0.015451485007644357,0.023090452449369216,0.01811525399444975,0.037034678103977044,0.02128139195146175
2024-04-29,0.014557521382609304,0.012449405949317541,0.03373222947819867,0.013388861898434419,0.010365397572182465,0.015524914583192101,0.023370422216418066,0.019958228699497083,0.042437016125391816,0.02146336527007959
2024-04-30,0.015020967711087251,0.013822091937763355,0.03390219111467277,0.013420281860414952,0.010663139665018227,0.01714392993543132,0.023112582683427845,0.01952517326683216,0.04431924496727166,0.021482357301368018
2024-05-01,0.014999768544422904,0.014365968703340077,0.03490848658868815,0.013421899468460697,0.010566904840256361,0.017938814942258914,0.023489059614660503,0.01952415646262498,0.04307493380573139,0.016997881326327697
2024-05-02,0.01570660336973849,0.014544692612144805,0.03572101903233347,0.0134107234639619,0.010584467282280666,0.019147281653265884,0.023034294915113926,0.01983587328202072,0.043013356668436455,0.017341616300863345
2024-05-03,0.01802482926226428,0.015466745734413678,0.03554938416552026,0.013370432604873193,0.010529115542963593,0.018937763857892705,0.023657552009237873,0.018601850638713373,0.04288404939201071,0.01713030648838006
2024-05-06,0.018219744239925093,0.015385152471569989,0.0360409946688375,0.013326227336570524,0.01011717239457567,0.01818579365364883,0.023531178422304306,0.018466254031888285,0.04225232079663536,0.01711909857047711
2024-05-07,0.01809792425500294,0.015505809106723112,0.036214994079776686,0.013270096958065357,0.01008088690908418,0.01818618779593242,0.023455543965995532,0.018593043512488763,0.041774407804105566,0.01722739011554093
2024-05-08,0.018073619351398035,0.015488217571270169,0.03582456052288228,0.013918695303957125,0.009962397706173564,0.018213015958474788,0.02359727779223792,0.01871167197696001,0.041521238043692114,0.017204825272391085
2024-05-09,0.017844225671099907,0.01549292438665845,0.03596923623158439,0.01386821735058732,0.010805083864776908,0.018283243544541937,0.02360226207621294,0.018686073810181853,0.04120969091700442,0.016202473135885423
2024-05-10,0.015637873063114566,0.015330419473000548,0.03500325958933245,0.013899421953392596,0.010812229899833622,0.01808417146766263,0.02353936550841809,0.018279716747267027,0.0411191727132419,0.015263315727163907
2024-05-13,0.015958768874914882,0.015055775359927703,0.03441120998335803,0.009418115825772533,0.010557070903072134,0.017783644138117567,0.023376663575052484,0.018105098040564847,0.0413059208373597,0.01513332384113484
2024-05-14,0.014999231310920801,0.014500481125276535,0.03385401411926882,0.009622787661899439,0.01060469043057159,0.017509645044021922,0.022968913221615185,0.01757516546729646,0.04001271003481491,0.015046063632818456
2024-05-15,0.014182927331891762,0.014966061347848126,0.034436989031793326,0.008902684555612871,0.010584953981867866,0.01756295472579136,0.023419985800633987,0.017667287105862087,0.03978542870580739,0.012000205224619169
2024-05-16,0.013910242274509021,0.014927403140687787,0.03296303484835945,0.0086878914751169,0.010674612372956084,0.01761966316820093,0.023610456037916113,0.017706361348546383,0.039691314398970334,0.011403368052802365
2024-05-17,0.0137386928300157,0.014256101060218816,0.033484416347225925,0.008779025627226005,0.01114854002714779,0.017431142272527556,0.023354848574693853,0.017781341602573473,0.03876922589239683,0.009870281684484722
2024-05-20,0.013126792491108595,0.014003112817113172,0.02787689705514174,0.012908117571200082,0.01103690980200365,0.016384045561173344,0.021409994801109142,0.017399755197042174,0.038624843120945065,0.01007196251421349
2024-05-21,0.013124305031228556,0.014052598209387177,0.026885988379045486,0.012954221606583915,0.011050651416964059,0.016157603755210272,0.021518472014063133,0.017260207272032986,0.03958507710626229,0.009034747735635703
2024-05-22,0.013472059809997897,0.013732259405653893,0.026281026256836267,0.012798005398410767,0.011786100814308564,0.01594745194284245,0.020538625112115846,0.017342939492425883,0.040720247673810994,0.008673368451533919
2024-05-23,0.014587239562548815,0.01393339788324473,0.02898437047519906,0.01291147474731631,0.012238524284363698,0.015702664929571064,0.020528883394970547,0.01782628379916071,0.036554278397207915,0.009062356116041446
2024-05-24,0.014834681128164145,0.012521537828883248,0.028620016735835554,0.01349515215477693,0.012193937983350667,0.015181908166340286,0.014753506449671222,0.01714599680688835,0.035613847811760545,0.009683051261749186
2024-05-28,0.014757972494467217,0.012090919715233425,0.02929704266757523,0.013605339718812004,0.011159702905512681,0.013418771537705034,0.014753156417313153,0.01305168369003057,0.035663975073754996,0.009926042538104444
2024-05-29,0.01405867496091517,0.011801165382859266,0.029190261884450383,0.01372430969011781,0.010800890005527917,0.01333084169408234,0.013768561631036503,0.010280696664821154,0.028473189538504036,0.012820662900341711
2024-05-30,0.013111273622745218,0.012065756413542392,0.03066882919801817,0.013590115072414246,0.010632574406616406,0.011465797409454855,0.014286693016223088,0.010429116914890738,0.026060666729811718,0.012669912985992342
2024-05-31,0.012871466406419133,0.01179285534106139,0.02875436646882251,0.013942781900990936,0.011658089474222918,0.01095245514555006,0.013777868238162525,0.010389680303640948,0.025782521492807183,0.014096792315844603
2024-06-03,0.012350777831652627,0.011815542854060798,0.029451857881753394,0.01399796898545003,0.012878661850617073,0.00858911601064537,0.014426332376873676,0.009873879355529776,0.025866457907222758,0.01357231650417965
2024-06-04,0.008888307410091043,0.010950033570628969,0.02907191959746665,0.014307363748634998,0.013304481208699181,0.008466759575842113,0.013757097029606898,0.00987259209802947,0.025857842295828475,0.013985889208542232
2024-06-05,0.008507218840606796,0.011110198847087293,0.029766596585739123,0.014473316779465045,0.013246365722023106,0.008257414431662856,0.014549161264264393,0.009982838545126107,0.025411915116691778,0.014029950268313702
2024-06-06,0.008824767320891337,0.01079499827896179,0.0295078938432601,0.014478160612262916,0.013343645297753157,0.00957488898570868,0.014585184133080105,0.009337341826301299,0.0243546656356952,0.013751588972214282
2024-06-07,0.009042520350083336,0.010816655048732103,0.029491584231687313,0.014202411421941922,0.013528470607742668,0.009571125080981496,0.014526988481370334,0.009476161459003995,0.0240319499212681,0.014567124718355869
2024-06-10,0.010200096853051115,0.010937849377119769,0.028615848627783103,0.014087165797968672,0.012728768617305151,0.010001858780877192,0.014996444711112139,0.009487382669179372,0.02423515683245434,0.014604929207591722
2024-06-11,0.013193674685199488,0.011095967990867168,0.029007513391148636,0.015214510230436747,0.01279419395636521,0.009733011474019016,0.01507106150501343,0.00938520529700209,0.02413678426983114,0.014352017049159576
2024-06-12,0.013904293296032813,0.011642581875454054,0.02930559497388346,0.015505152015042946,0.012939780881596351,0.009680404578894542,0.014332652356370289,0.009432615572908292,0.025162288710016464,0.014390140955676643
2024-06-13,0.013902432687706925,0.011617957721320111,0.029590289631288947,0.01537536433318526,0.012838274333584908,0.010308213723794651,0.01458480250049899,0.010088092720733102,0.02495253694690143,0.014511431507829756
2024-06-14,0.01409004386921578,0.011134883161250686,0.029271147982327512,0.015347830060585065,0.012635770516065467,0.01024569502444877,0.014045887879892832,0.009924181236168192,0.025164897373005108,0.014378978171995281
2024-06-17,0.014455829760291077,0.0112521967513403,0.02940746786103423,0.015429578597090411,0.012644473611634802,0.009870287984956774,0.0133104231190521,0.00974261558925312,0.02747769743731122,0.014374579020742783
2024-06-18,0.01484363456649755,0.011325085112644642,0.028534963019166033,0.015385428641113467,0.012283041357010626,0.009890285775648515,0.013794808254150892,0.009868038240381276,0.027588454134826284,0.014523222365499798
2024-06-20,0.015893496981330416,0.01115607550370538,0.03078724092955026,0.012282785287806264,0.01344852412840886,0.010561050735749599,0.013632499235174707,0.00992949365711991,0.027709018011691757,0.014516561805618238
2024-06-21,0.016138284508775476,0.011169511568333807,0.03246258946113112,0.011752975018501368,0.013483071264647461,0.011043873104061575,0.013890982027779431,0.010697994902478587,0.023780142254275223,0.014100986014305372
2024-06-24,0.01598003166253708,0.011266933405899248,0.03696084435622351,0.012058923340326596,0.014587488428960035,0.011896327014169003,0.013915913148744909,0.010529001222359566,0.022440416364351165,0.014688082238028996
2024-06-25,0.014998459194746313,0.011080640663626552,0.035772267912813564,0.011988139047489684,0.014093201034248489,0.011588695830671753,0.014464183670126588,0.011182109710022384,0.02142194167745149,0.0147498834756867
2024-06-26,0.01515406345179781,0.011026726282472964,0.035604966950990496,0.011202793820638702,0.014090733614113844,0.014075808200545967,0.013567367159417639,0.011137639728204009,0.02268468276719486,0.014398117325212663
2024-06-27,0.015124885935193788,0.01101912060241406,0.033340469763570975,0.011320952813794135,0.013844957107861617,0.014614676133685176,0.013711199367941792,0.011144354594422682,0.022292249902347572,0.014389547227900493
2024-06-28,0.01578382764019908,0.011486483660658244,0.03336759693656353,0.011685617302141038,0.013625929560502398,0.015778950076025762,0.01524224934038508,0.011942141385635643,0.022220322431124873,0.015294409725538026
2024-07-01,0.016714777447177264,0.008831880873405909,0.03195815669492198,0.01207307373725652,0.013619675243047052,0.015662152850942825,0.014656307136343456,0.010665994597660168,0.025034615934475264,0.01669857510371581
2024-07-02,0.016902148743912205,0.008797265918712504,0.03209129689548222,0.012066765319329298,0.012095469238204492,0.01504129928950261,0.014674754745620966,0.010852534394241328,0.0311147999052109,0.015621856661240097
2024-07-03,0.01687745832293854,0.008579721283291953,0.0318943114575593,0.012013412030861103,0.01094698708116727,0.015499677534098585,0.01406813593477123,0.01085228707468916,0.03256875362054054,0.016043768153464668
2024-07-05,0.017228393044028782,0.008825038222122938,0.03228383257223636,0.012017827591204684,0.010719261369411861,0.01557997488246411,0.018280691586697467,0.01186620966535552,0.032093250300093266,0.0155969733855351
2024-07-08,0.017223745591840905,0.008447655047686825,0.030701931242350603,0.011741989139685995,0.010936229485076401,0.015637285614837237,0.017630574991965436,0.012124431786659241,0.0320003059935248,0.015604311623819415
2024-07-09,0.016975317913451658,0.009395130410636793,0.030894864497558062,0.011893216294722049,0.011018770390696197,0.015231132249262844,0.0175861311714245,0.012118490638827532,0.032268287075956394,0.01567001192468285
2024-07-10,0.01714071342097614,0.009589949162292217,0.0312577903871099,0.011545025594748643,0.01100399839318986,0.015142215815622678,0.017583938385599473,0.01165406895295461,0.032096977077195256,0.015323956436755843
2024-07-11,0.01747728971594984,0.011480784608166204,0.03409085309074308,0.011544756979537564,0.011303244184188278,0.01607501998836736,0.01984177232062379,0.01383904699797865,0.03887999329745348,0.015282241105705483
2024-07-12,0.015547303440134063,0.011375579715858243,0.03412000571614281,0.010081371565038707,0.011148054593065924,0.016108936751292373,0.020660504147641492,0.0138080924970231,0.03820561926696935,0.015543779237015632
2024-07-15,0.014878928073339064,0.010693510373740578,0.03338166466357399,0.010323580029003541,0.011372545297846875,0.016269943070968313,0.020668681007272673,0.013830688147548996,0.03791830359046052,0.01548026978895335
2024-07-16,0.014889110315063198,0.01096970913329869,0.03267666457358384,0.010577480107292325,0.011196782613893994,0.015741210451093487,0.020753840817091376,0.013781280277296753,0.0378172463784771,0.01818954925428117
2024-07-17,0.016063325022914625,0.011395491530135447,0.03549071522758397,0.010752641417104572,0.01115183602402827,0.01696645758534792,0.024187965279676465,0.014233866140790549,0.03823445000635887,0.02007318013717884
2024-07-18,0.016460922224499488,0.011097767761812769,0.03613433936492278,0.013562430208454091,0.010961044281431229,0.017724913554311147,0.025226261934924304,0.014860426504612122,0.037416559603856814,0.020267547034050416
2024-07-19,0.01620712701865236,0.011163494168837636,0.035347442752731884,0.01351449979519115,0.012431109463462167,0.017675445744346548,0.02511352884241721,0.014590951506847107,0.03885208492099975,0.01961400591066526
2024-07-22,0.015289922193880957,0.011586455433163228,0.03648369594842854,0.013462850378627746,0.011841792240254433,0.01720874577809081,0.025633847337763676,0.015290392594545265,0.03906006811035865,0.0200463128434898
2024-07-23,0.014968427242992018,0.011437768416070387,0.03585803737840365,0.01304075724153992,0.012269972340918789,0.017487593409799586,0.025483797528959566,0.01476869351676575,0.039820168327942884,0.02012787654267305
2024-07-24,0.01661659393999192,0.013867204954188597,0.035979403743294835,0.013095248955733056,0.010894443547610018,0.01825730020083063,0.02825610022050001,0.018217156525082025,0.04635279346206209,0.02002948360053231
2024-07-25,0.016680097206770134,0.01453809926662202,0.03265746342458983,0.01301851777481011,0.011767941953658854,0.018235958891270748,0.027702129775270326,0.01813717722832878,0.046263356324195,0.01970777840010648
2024-07-26,0.01616910339124201,0.01512193635425282,0.03272651546100908,0.013297688393478299,0.011775496713191419,0.0162691126283783,0.02851614366716213,0.018129696905201723,0.04549442218918869,0.019797688045874947
2024-07-29,0.01615531065746341,0.015155554103226982,0.032622726990156954,0.013426329811947356,0.012023197574774803,0.015368000132322165,0.02827143047752725,0.018423707557314754,0.04665540433919239,0.01997321325979873
2024-07-30,0.0156624097909033,0.015041455571423869,0.0358333716833441,0.013697812984746526,0.012594405010085961,0.014727675995719041,0.027698215970839914,0.01823817700045212,0.047954680728903736,0.01802000093208976
2024-07-31,0.01474040321369727,0.014058757592955044,0.04054187419763203,0.013730603341311702,0.012588829138883968,0.015478571787025188,0.02839457333561495,0.018304498367872502,0.04716956516007227,0.016300400227273797
2024-08-01,0.014825530192018441,0.013885170102415337,0.042883316563022945,0.014339336827760221,0.012914735882451064,0.015241028543687155,0.030336537058320696,0.017974114320343997,0.045341872703528276,0.01652003929865813
2024-08-02,0.014849311070441167,0.014199637039901368,0.04121533795022783,0.01713101909603174,0.012887781703895521,0.01915540558362282,0.03059370571876508,0.018442879423549472,0.04367563281574859,0.016419149999311718
2024-08-05,0.016758547405747372,0.014600372410510407,0.04291928611581191,0.017492388774829448,0.013255296381719517,0.020179491934468326,0.027797551333558847,0.019073064707933293,0.04392288926222641,0.018703839948840298
2024-08-06,0.016650355535449062,0.015161068932824793,0.043774853343945284,0.01865820628364774,0.013083776084443164,0.020394688901130123,0.029182469899900452,0.019079952787081703,0.043982932711537255,0.018800287065816112
2024-08-07,0.016962660128820514,0.015098394091943308,0.04380881367493953,0.01842328260125397,0.01305053735275918,0.020525060583944637,0.029203829726488117,0.0191950681559677,0.04334331214284416,0.018935267380390204
2024-08-08,0.01682731898154212,0.01484762495900725,0.045927256058970675,0.01891899026623991,0.013494192819303606,0.021221935209256044,0.03074164325907815,0.01965590976073052,0.04454597045255731,0.018769846748066345
2024-08-09,0.016618857408720097,0.01459424869990861,0.044889449206761314,0.019026325315344383,0.013389842535289895,0.021070233546161048,0.0295748927081618,0.019339964128765274,0.041051343023000716,0.01918324273757963
2024-08-12,0.016399798862599606,0.01467059514225409,0.04595610815549373,0.0188362058072775,0.01338333962355384,0.02108887717713358,0.028903950731938605,0.019334437957086024,0.04019411417130729,0.01912558170035466
2024-08-13,0.016425742971896754,0.015444534885906103,0.04866872484803668,0.01810878314769781,0.013186898858919093,0.021815757287638682,0.029260865782125074,0.019479653347423926,0.041931137032081525,0.019284894513524786
2024-08-14,0.016428924146675287,0.01557928951229294,0.04887444485332546,0.017872537045234307,0.013241066482130708,0.021790678347439425,0.02907451100286232,0.019776727837658506,0.04189659349758421,0.01679841895633679
2024-08-15,0.015871456573875606,0.015752209229366907,0.047549558735249166,0.017581648423377776,0.012984756564212873,0.023471290335886134,0.02554621802515968,0.019819916305766586,0.04431515492848267,0.013940242157919407
2024-08-16,0.015228144535082162,0.015738340398023427,0.047292671927755776,0.016247768890229226,0.012868485192658912,0.022960677457109797,0.025600349692876678,0.019854654668275216,0.044394837881287445,0.013473019956943156
2024-08-19,0.015231322814732356,0.015827878222292546,0.04780411220446221,0.0162927141535386,0.011706984588705944,0.022992171377298823,0.02559373379022933,0.020671038369743752,0.04422329101217256,0.01347341450920989
2024-08-20,0.015228929247490674,0.0156124999213654,0.04698140013996377,0.016335994653292784,0.013931614311080217,0.022988405495501584,0.025369642536207933,0.019910382798448818,0.042602831027898594,0.013132234606726387
2024-08-21,0.015205905409877098,0.015548227817254177,0.047003231556459274,0.016335716882064207,0.013511977882713045,0.02257000978085134,0.02550621126987792,0.019903076246100496,0.042540766726998365,0.013062040975351854
2024-08-22,0.01377582508405342,0.01410358546409146,0.0450433304118872,0.016289658284496304,0.013266008402189345,0.022091392329227456,0.021376501014939403,0.017304631977092685,0.03914977830909385,0.012960841890265064
2024-08-23,0.01381625684997046,0.013066948228486312,0.0457418954450534,0.016335919514907888,0.012800271345117069,0.0220726129807611,0.020930268239835265,0.016196539657771344,0.04019489608691149,0.013080373914845648
2024-08-26,0.013817411700261741,0.012609791793273853,0.04612894470719455,0.015989835176059418,0.013610316303396,0.021934233628547885,0.020881525517391357,0.016213996104903868,0.0408291295320187,0.012594426525103754
2024-08-27,0.013818789651976172,0.01257443183415596,0.04602917151181878,0.01589156409627338,0.013570391507367704,0.022104105141641902,0.02094867946428956,0.015926278197370268,0.03890049668704108,0.012505326972342072
2024-08-28,0.013963226410184725,0.012543242120164833,0.04293896397053885,0.015352156229592047,0.01320847217931406,0.022220070184615352,0.02092575074701013,0.01600449688984814,0.03809308646980313,0.012021989001541573
2024-08-29,0.013944346624426002,0.012444332673033453,0.04244434301519017,0.015089070307652903,0.01353869595691601,0.021261799664923947,0.020440305757756565,0.015881553264432698,0.036697990882332956,0.012051142957640515
2024-08-30,0.013331156014021423,0.012624499620762902,0.0394395320353034,0.01406669119667286,0.013157738218535721,0.022616605865816826,0.01793495207685034,0.016110585270787608,0.034914772175837695,0.011969836420892908
2024-09-03,0.014815639871114629,0.012445819201608543,0.043006935648608746,0.010807691055468072,0.014003934461409797,0.018687260791473346,0.017876540232939237,0.01724207223526039,0.0337471579699828,0.010582682144916446
2024-09-04,0.011013024073940367,0.009839742613841348,0.04043567332392687,0.009257270008921886,0.013678309755963788,0.016380676851353082,0.01668977317337574,0.014235442797321892,0.033268770053527366,0.007063533074313195
2024-09-05,0.010669245058917653,0.009610820156211076,0.03973834673651821,0.008229152181504558,0.01373867270900231,0.01709791294682389,0.01478464097178484,0.014238400201255568,0.034577832784472906,0.007931046625042251
2024-09-06,0.010693033617900399,0.010327290738478937,0.039050572414713575,0.010237242014485958,0.013426908858207773,0.01936436733413082,0.016427083352642705,0.01672605032380077,0.03880963669028471,0.007801932029202025
2024-09-09,0.010204398268997519,0.01029496038112785,0.037610214917514664,0.01040897634804091,0.013572518390792146,0.019583418373056764,0.013743233067653782,0.01611320894370372,0.0384513982756633,0.007946495677696971
2024-09-10,0.009886664162137432,0.011093703456471175,0.037709902178830315,0.014322288556637941,0.015534487530499725,0.020085388135495975,0.01322888502818381,0.015815404211591094,0.03946891331487289,0.007188971494829517
2024-09-11,0.010070380548602568,0.011929708149287326,0.04044229620311303,0.014417263676506682,0.015575675404504757,0.02071276848481293,0.013614560463161148,0.016440840350519646,0.039243072312108176,0.00802362893236172
2024-09-12,0.009385080041288811,0.011520032119719437,0.03832082261350004,0.014327633765488103,0.0159416141715488,0.02050525171147683,0.013842463752216035,0.01714413639150261,0.03792042664611809,0.007426363389429215
2024-09-13,0.009382227800601927,0.011559494194592287,0.038184266903817606,0.014305318015966545,0.015726778635427714,0.020534847734671687,0.013829446311779871,0.01702174623662034,0.03700943097031398,0.00745873549029922
2024-09-16,0.0107350378569381,0.011325076337038142,0.037407922730210715,0.014769120971854541,0.016037816602226355,0.018677137130468917,0.013655135070868596,0.016988873533854153,0.03503977956547022,0.007585315836843127
2024-09-17,0.010631337364337395,0.011314620089388583,0.03728832984102768,0.014617301723747773,0.016374578616755304,0.018736217990100446,0.013042666753264282,0.016920757262268,0.03501225490649221,0.008731214305741941
2024-09-18,0.011479094402007459,0.011528160789318504,0.03597563408876971,0.014604549146099008,0.016381380244931305,0.018743325018893895,0.01303811020513532,0.01608036765473734,0.03444960679965174,0.008778433561303993
2024-09-19,0.014094669856621342,0.012041777752825944,0.0370274304257537,0.014962700602026643,0.014861770281143934,0.019071152143612737,0.01533436113422833,0.016446573356905216,0.03760587044558468,0.008862578953565849
2024-09-20,0.014113261298818482,0.0121989123367148,0.037026414719259625,0.01497939040826772,0.014859935794221861,0.019100604581190662,0.015047645780675497,0.016520878458871225,0.03807915846348344,0.008843551930133864
2024-09-23,0.01409301960270005,0.011226627070514084,0.03620993810177758,0.014822953832390674,0.015268931488047205,0.018276196067226327,0.014936402897988952,0.016462613235277746,0.0365670475831391,0.008857737737623626
2024-09-24,0.013940039211629554,0.011527263317406824,0.03587021201469505,0.01470313007850299,0.015004940457092593,0.01829792620051149,0.014794604920088434,0.016269383286905924,0.035663317433293006,0.008584136057045439
2024-09-25,0.013970201912808018,0.011378451067711303,0.0359002564434469,0.01470705757664944,0.014809072193656013,0.01825241019103418,0.014357904815378292,0.01626293125476358,0.034490703915312226,0.008527045988722698
2024-09-26,0.013991838376579536,0.011408498068866459,0.03576400442965234,0.01464067328114315,0.01510991025665418,0.01798347426257221,0.014287455687792787,0.016275689823343105,0.034211339958966566,0.008532767052655692
2024-09-27,0.013909699937718876,0.011399846651334138,0.03577344424128901,0.01460739937800763,0.01620154799987673,0.01816624306889884,0.014197299902025376,0.01617269786866683,0.03382229686457183,0.00897993400914164
2024-09-30,0.014429413805776664,0.011386562917120863,0.03247993247773637,0.014566661992557298,0.01613186107750202,0.01837803435163064,0.014223413114369523,0.016264844271136964,0.03380042467690741,0.008971451914420628
2024-10-01,0.01585713081468362,0.012419888018892622,0.033472434597196316,0.014631698590444785,0.01690273102963757,0.016894362868462583,0.014229699486774236,0.0161987689684784,0.03368069734616182,0.00897193416890425
2024-10-02,0.014605701364367221,0.011826017998954849,0.028589468740948476,0.01414057843712708,0.016322822813099828,0.016596584861338776,0.013461442812292466,0.013732651889844582,0.034637448792231226,0.009061289113996137
2024-10-03,0.014506268216259508,0.011826928793777228,0.02880175553108448,0.01423224028834963,0.016015982691966312,0.016517397718567636,0.013675976779646815,0.013613754823265078,0.03493701109941971,0.008803322927517227
2024-10-04,0.014473548865593207,0.011826091263377322,0.02887720853393927,0.016352423239521963,0.016107330354386284,0.016428534968076558,0.014124458165188584,0.013639471272382351,0.03440435890116317,0.008239575330221864
2024-10-07,0.015292385670040378,0.011773897316157163,0.026743561896255465,0.01545357651171802,0.015964804646715534,0.01573167238038417,0.012423398979414598,0.011270294011236416,0.028970864884564095,0.008674567558834353
2024-10-08,0.01579199148024108,0.011886192542244722,0.026987637696621727,0.014771074323660894,0.016980811009625212,0.01513747084552538,0.012496116831084137,0.010598575317924679,0.028699853846123766,0.00865142179686677
2024-10-09,0.016105246568521896,0.01109358827473506,0.027096450556169712,0.011404587728538548,0.01433664870399998,0.014573591592755838,0.012650019022866743,0.01144218821621321,0.027564138640178055,0.009245402830573934
2024-10-10,0.015977256773986977,0.010048420118998784,0.022175930123547863,0.011363525482486113,0.01395929214537916,0.013424997919334889,0.013203928502896312,0.01107956799924075,0.02766394356530985,0.008875060538897623
2024-10-11,0.01606914762387059,0.00979135304543091,0.0220415312610708,0.013957665735950963,0.01383588936767631,0.013345011049420746,0.012413653471209271,0.010166025620308087,0.03439748266250039,0.008847631447127318
2024-10-14,0.016401024599209134,0.009718160805049414,0.022334930053127894,0.013657592056680302,0.0137771112290428,0.013423045256253692,0.012347593808915105,0.009737912860807616,0.03443724091924667,0.008974485982098998
2024-10-15,0.014981927431607,0.009693999512254832,0.024752644620211015,0.013317330160652107,0.0156610505955399,0.01326781707330879,0.01234317841637913,0.00973305603684583,0.03431705980854601,0.015646067542298484
2024-10-16,0.01523117369029908,0.009455581653746844,0.025051580823581464,0.01330597836704969,0.015498086992691692,0.013105516674176235,0.013145113794844078,0.0096769669381588,0.034353521006937414,0.016239842326890228
2024-10-17,0.014858058075789495,0.009306793810070721,0.02427350718467357,0.013042135007451201,0.015537626956243139,0.013113576479513157,0.013163781670579678,0.010227792353554628,0.034351987999530764,0.01635756007754924
2024-10-18,0.012900174781539164,0.008243018852857463,0.023284408041548386,0.012828501488923609,0.015402273591637906,0.012581306341827294,0.01041085792539556,0.009763507943285704,0.030100497713251344,0.016346024669602846
2024-10-21,0.012907144901323787,0.008180011605724168,0.023696145760353705,0.013183841468561257,0.015297880315730367,0.012402233645791684,0.010424043283963475,0.00960611341168691,0.029808973903784376,0.016325269580935813
2024-10-22,0.01277256262068614,0.009511284373445675,0.0237572090063821,0.01319081663835021,0.014876536587714487,0.012110384461511269,0.01064674141553659,0.009366381257712749,0.027311753367852902,0.016325873766178934
2024-10-23,0.013771468488474438,0.00937682346927734,0.024212239385745238,0.013249603678335997,0.01489025724285773,0.013327716060808488,0.012905813107882873,0.009932913318566241,0.026911886789093894,0.016466247825421377
2024-10-24,0.013727077386829548,0.009228515520336407,0.023974887394717332,0.013103513862629453,0.014202243970906565,0.013495048766862302,0.012856866873906058,0.009865759116375912,0.034790214058165105,0.01653572049025134
2024-10-25,0.013708768074328664,0.009422718096870125,0.02397452137015967,0.013480552352261447,0.013523172880766713,0.013577314024937148,0.013024946371695064,0.010298702126167845,0.035677534750073396,0.016586871739764458
2024-10-28,0.01381306987419759,0.009307219162329582,0.023340776895028042,0.013708420537983195,0.01246844592586874,0.013090081983238373,0.013138414726818277,0.01034368054682611,0.035470411468815036,0.01636961519847918
2024-10-29,0.012910731627258436,0.00964368792421296,0.023295782410047497,0.014091146116395498,0.012621146240360067,0.013207831835182114,0.014134000950743745,0.01073621081903376,0.03543686865643155,0.0163691642646267
2024-10-30,0.011581586310110034,0.008110759920297765,0.021546715005016422,0.013258474174936913,0.011517839784884135,0.013220035156599008,0.014107639418087056,0.01217337681056058,0.035387719488392415,0.01636985176883586
2024-10-31,0.01230282608465807,0.012438872082007297,0.02474859637703475,0.013653983713957936,0.011046892730336723,0.015297044337608482,0.016903978122731825,0.01292012944068137,0.03518341975092119,0.015990671224296014
2024-11-01,0.01260025770559625,0.012629737877096111,0.02416054725780237,0.013308792013814269,0.011165614892311338,0.018894860911786007,0.016412156252512834,0.012916128347529572,0.03453548667656037,0.016048513745862362
2024-11-04,0.01255440161901165,0.012672194040213948,0.024002117609600717,0.011855727778753497,0.012683223727780935,0.018515296595161646,0.015616962938113908,0.01317371210411696,0.03345664345454589,0.016451846707367997
2024-11-05,0.011604876796633976,0.012221451070555799,0.024253378714719546,0.011904839794925402,0.012650245449077443,0.017204889036460967,0.015978117674984665,0.011827190542950112,0.03380174828328032,0.016676058351232866
2024-11-06,0.010876032364556058,0.012741000343520013,0.02427172976498603,0.014364927552442546,0.01202631732193952,0.018616385769405597,0.015616446221004783,0.014302657558817749,0.039734922911586736,0.019469076471966926
2024-11-07,0.011277514262736288,0.012917718481577524,0.024531367358601633,0.017473684825480087,0.01203049576330497,0.018635198061929197,0.017410791576599,0.014278090297901324,0.04002310184113536,0.019405372273281648
2024-11-08,0.011271888541013068,0.012998240248130963,0.02458396599260174,0.01744939153023067,0.011855633237040869,0.018898003247998604,0.017241300703497095,0.01483000390065198,0.04316489076973673,0.019585865845807383
2024-11-11,0.01148742578540572,0.013281273610839821,0.024976347994021115,0.015328152546245862,0.011845487368383036,0.018991317425804743,0.01724109382433547,0.014890744788165195,0.040100929541177416,0.019774503360113427
2024-11-12,0.01081238484355099,0.013438206725708985,0.024850751399372616,0.015302973205400255,0.011789968098293713,0.018862683065885774,0.0172546999362734,0.01484314386607405,0.043633682725266826,0.020134009977760266
2024-11-13,0.010515032655973831,0.01345068478728671,0.022301168571370964,0.015343438816571037,0.009936141625942153,0.019311811231687622,0.017280126299393787,0.015458824350005463,0.04359932476903418,0.015392476715284282
2024-11-14,0.010896024506327009,0.01333321799081299,0.021503937144290733,0.01531085651654762,0.009924392426446238,0.019603448234994894,0.016934983161859478,0.01617760418729374,0.046336159035326153,0.015386387103182174
2024-11-15,0.011270098202618276,0.014895772452598353,0.022907233848647957,0.015589349259378648,0.010184409613179974,0.02228130971282982,0.019135769724106477,0.016413679955164472,0.046480871540693317,0.015203429446568273
2024-11-18,0.011341030598966313,0.014885268632745184,0.023079871673210774,0.015577283809255908,0.010321545834146094,0.02232274858173059,0.01914216837507996,0.016674234198795965,0.04736147768545513,0.015228177763247872
2024-11-19,0.011222271862595229,0.014912857891792388,0.023748994335054376,0.01549257153833559,0.01079994815880044,0.022453132429841406,0.01937848293745239,0.016900518044559776,0.047121559837999205,0.016029543527541643
2024-11-20,0.011267269550858518,0.01425406016800337,0.023822892673217112,0.015621706890526698,0.01119351204841041,0.02260540489774418,0.019264024033909772,0.017241505489032305,0.04729941268606395,0.018190238458174347
2024-11-21,0.010248047276182592,0.014208105582661529,0.022872572089671896,0.01599311440083681,0.011507011445246193,0.02234602618116463,0.017967963952243423,0.020269624915944254,0.0469098365821728,0.018081045513069337
2024-11-22,0.010338888536742093,0.014383404332067395,0.02409158899828466,0.016250136457059798,0.01141708239291947,0.022396295870162224,0.017948683629733935,0.020675440364066006,0.043678923174105565,0.018216458458581396
2024-11-25,0.010701250355970984,0.014304258992617442,0.025782882768469646,0.015991665518881957,0.01195645482597979,0.022767550464566307,0.017979758328638035,0.02074565658784005,0.044867238575019876,0.018866111737655396
2024-11-26,0.010733227745249638,0.015035173450345107,0.0258162794289655,0.015772740847823066,0.012498663763615586,0.023586873505648292,0.01819151369218177,0.02074555854934762,0.044259627835032206,0.01886435222557636
2024-11-27,0.010733607249263926,0.015055326506574358,0.025867506497570136,0.015492588755242289,0.012117857266506554,0.023712397084102155,0.01722088538643259,0.020381667196903867,0.04437813332364229,0.018760664794676588
2024-11-29,0.010304366485875266,0.01505441151359178,0.026204802046910235,0.015464204594843798,0.012055918117440308,0.0237194159872117,0.01738401356266615,0.019353919051997674,0.04454941310263678,0.018755248771627916
2024-12-02,0.009364197487846612,0.011937318992920226,0.023785616593432354,0.015594989179389273,0.012062597239236925,0.02224852736729571,0.016212243104163776,0.01921702064189703,0.043705781213609095,0.018806297544189835
2024-12-03,0.008817939804794311,0.011839093187254969,0.023552024571364016,0.015663418724899136,0.01146689080253518,0.01931800419253121,0.01766674446819132,0.019216963947431023,0.04405334505141781,0.018895323366832355
2024-12-04,0.008643621666680906,0.011992323340608764,0.024597514636723376,0.015351538325586863,0.011201111775109006,0.019411339851947908,0.017343508450663986,0.019370977682556394,0.043125948884434544,0.01835415484962589
2024-12-05,0.008676970948846134,0.012106298534448726,0.02393221583216874,0.015367645165171712,0.011232764993738122,0.0192082626343501,0.01711238966662526,0.019525173666123177,0.04306654456156455,0.02198786564642562
2024-12-06,0.008589587128969352,0.011431639879179688,0.02261876182961167,0.012838211581706447,0.010578059391624359,0.01857445163050611,0.017693495852515072,0.017673055310291758,0.040176738927047304,0.022279409226660964
2024-12-09,0.008140777092737755,0.01123496586863339,0.022577814013304148,0.009008818149164306,0.010562508042184752,0.018521018504766146,0.01686180395039117,0.016841675672063867,0.040128059110977166,0.022738902363263536
2024-12-10,0.008056038474447105,0.011204908422569082,0.023159519156813912,0.00908018870475956,0.010547737753406854,0.018400187756260133,0.016886289184860646,0.02025681407061682,0.03741611431533156,0.022420844990758505
2024-12-11,0.007477498274172645,0.010994843328058007,0.02420077979693472,0.008878071662123631,0.010566736823120506,0.018703441446885707,0.017100766314461044,0.023016402475151687,0.0350095157642807,0.024823519216190044
2024-12-12,0.007410574645846493,0.01083071901202201,0.023762899917675676,0.009095690859938227,0.010567791851546746,0.018810025122456487,0.017165700488273292,0.02346971490382182,0.03142869803310189,0.025415619730970326
2024-12-13,0.007463187765875798,0.010959435518056096,0.024034705747691683,0.009099207519468818,0.010240358958034232,0.018362680492127432,0.017550665087148722,0.02333463271618898,0.032101531851501885,0.0256440457906261
2024-12-16,0.00735315735153673,0.011065817622887053,0.02412788215397438,0.009073144672071867,0.0108707139375623,0.01855654644061863,0.01746820761848257,0.023835285873724403,0.028980600805300932,0.02667553974378547
2024-12-17,0.006037770965144792,0.008492449626550927,0.023331113153654093,0.008479493471092293,0.010800903826524535,0.015374133408522865,0.014482822924956763,0.023409065384917164,0.029112898536255816,0.026920182100699117
2024-12-18,0.008243463553113286,0.012615114241049838,0.02330379858158638,0.01108449941815198,0.010578875811175836,0.01919823580868922,0.017123893029715336,0.02502141599648964,0.03598498628186075,0.028168581194618576
2024-12-19,0.008240489510120371,0.012623037188575813,0.02053833154109329,0.011432633754855294,0.010432614370152679,0.01915406716650542,0.0170631882452329,0.024858045600752665,0.03622223941401536,0.028156061901833226
2024-12-20,0.00880737359872491,0.012522019219012304,0.02196895829261071,0.012226498763705972,0.009651248096171993,0.01894118249090845,0.017581304986967354,0.02476618785445006,0.037314334377531067,0.026883985710891435
2024-12-23,0.008669609786878052,0.012491569698786216,0.023586261212988218,0.011634617082226151,0.008905160958878574,0.01791774486985538,0.01821261369744582,0.021804542502860087,0.037199720927988865,0.027261501092713056
2024-12-24,0.008772461863261978,0.012473733314932902,0.022559034311997652,0.011703657486349951,0.008979663367161857,0.017852273390878748,0.018184591022765963,0.02108400817440306,0.03905617939997631,0.027293536862351614
2024-12-26,0.008616563086519256,0.0125179560924819,0.020408510569361202,0.011604571791916604,0.008886102045032563,0.017847450020881343,0.01827803806175083,0.021098914943275843,0.03780258141926752,0.02659369681947151
2024-12-27,0.009435201343338358,0.01237252283515519,0.02094013796664678,0.011697657617804594,0.008582253672763746,0.017359287611975492,0.018175996060803334,0.02162496734423531,0.040265541490760774,0.026538134577284298
2024-12-30,0.010130897354138997,0.012453709209026614,0.020779068537511235,0.011767194197425357,0.008575702194028858,0.01739011285095812,0.01841744528930189,0.02181327100987613,0.041045828917303726,0.026441279178056692
2024-12-31,0.010251610020657847,0.012574701595785083,0.020867798852036382,0.01178880498797981,0.00971825147593334,0.017507784379262994,0.01850827883047219,0.0220359524256236,0.04167803477392825,0.026335849933751095
2025-01-02,0.01191926616593237,0.01196113314170721,0.021922095564900844,0.011474755393434163,0.009697190987541278,0.017332652929012916,0.017881633548631218,0.021944049403030658,0.0438886156289851,0.026336818405639572
2025-01-03,0.011616250663361987,0.012276039618365073,0.023803409473829397,0.011860256552944433,0.009903697539677793,0.01752105286576639,0.016249351871645903,0.02196854227491876,0.0466515239309865,0.026911913306865088
2025-01-06,0.011702341889606975,0.012069541166005955,0.023772946652084577,0.011840350712354392,0.008074151882010414,0.017204478119791554,0.018668863200684154,0.022287206607951977,0.0465985323543106,0.026720401237037648
2025-01-07,0.01198470859154398,0.011955881845264194,0.027754801091825602,0.01188248201259851,0.008362221480653074,0.018003835561209623,0.019131996096072246,0.022193191412871283,0.0473529412205108,0.024654946638399712
2025-01-08,0.011992941597964572,0.012029295846992322,0.02749377892160001,0.011746486811145915,0.008766148809529355,0.016768892883271047,0.01853206590476332,0.022341461540209735,0.046007560785803064,0.022782461709712543
2025-01-10,0.012523896355117276,0.012135404505114977,0.027721617318276177,0.011691709738473947,0.008740679369297748,0.01701386920420193,0.01828370309734582,0.022572358314542854,0.04600792343864942,0.022026336693724363
2025-01-13,0.012572547350762952,0.012118779180383473,0.027415941128836732,0.012330214698666346,0.010698599678720324,0.0169997415298972,0.018353835534501928,0.019750936337454252,0.045825428655382056,0.023760521262382078
2025-01-14,0.01256889982663126,0.011581057407263302,0.026515618009238958,0.012635238402403904,0.0106897620176854,0.016059077250183504,0.018250819826986137,0.015989436632292506,0.044020379317290255,0.020079878837715306
2025-01-15,0.013353171988792717,0.013169093796391982,0.027496781044311053,0.01306425685844198,0.011324535013403848,0.017157662773872852,0.020297753075223704,0.01696920005237312,0.047267232015052764,0.018444632499928237
2025-01-16,0.015837862068237264,0.013160863870473494,0.027383592867342696,0.012945243226437614,0.011157505624530287,0.01728625429630496,0.020078917992831992,0.017061764897106053,0.04687576549708231,0.022554944712033016
2025-01-17,0.01565781590805784,0.013199403796928005,0.027891863628421613,0.013357519672657015,0.010113288659915329,0.017277732399008865,0.020015035636546233,0.015545588253153688,0.04534117796511554,0.02036060210235855
2025-01-21,0.01647129981176962,0.013050281334043918,0.028029741349430565,0.013387172637136449,0.010236697423659636,0.01787745172437442,0.02000470796419999,0.01564222867733878,0.0444223375645287,0.020211624526916636
2025-01-22,0.016254697876085265,0.01364669957197332,0.029084414840138857,0.010099294289790272,0.010468872903677788,0.014703768521159349,0.0183127964904847,0.013114313810817476,0.0406313220432328,0.01959017197243199
2025-01-23,0.0160582138179589,0.013640669326550614,0.029055059190660426,0.010113515975378375,0.010250288917829059,0.01454446912184185,0.018709665098578618,0.013144310157838943,0.0406160393963604,0.0191679967667851
2025-01-24,0.015105371830266383,0.013720376301935094,0.029575766799650682,0.009900095671042842,0.010796365134850489,0.01453991725443726,0.01832311950016864,0.012973118990944988,0.040026447564310896,0.018725011972298547
2025-01-27,0.01710653150154442,0.014554387354880469,0.03321129011746417,0.009895514426881257,0.01112787426993734,0.01453634173237126,0.018055546753487334,0.01582863267753113,0.0398986126841628,0.019005024234549098
2025-01-28,0.01900864961722089,0.01574283129745104,0.03771087195121812,0.009576787685728614,0.012055321049967174,0.01427301443971179,0.018353018473788636,0.01626036955363418,0.03609087714403363,0.019023037062693142
2025-01-29,0.0190376290023899,0.015936646092402886,0.03885231178638921,0.009694163505239118,0.012106387824909342,0.01414495932280437,0.018145633413638607,0.016251615488097983,0.03618232067422577,0.019126244964921425
2025-01-30,0.018932466816282918,0.01814391131249029,0.03861348758584807,0.009244649483860586,0.01220634614302411,0.013918795187308373,0.01807567319559048,0.016951392220037553,0.03555046685994246,0.019239682699945554
2025-01-31,0.018814407158080127,0.01791337138847606,0.039473003617250826,0.008989716070588252,0.013433817966599164,0.013754795239483307,0.01745835453704393,0.017041190530895374,0.03499288298195827,0.019269228433903784
2025-02-03,0.02000888205960583,0.01796620835796828,0.039636013988666084,0.009095625654068362,0.012905756959385752,0.013519816241607587,0.01703639590433004,0.017197504653409513,0.036150839994740946,0.019254375989864982
2025-02-04,0.02006071190879235,0.01791476261864502,0.03923238071928788,0.009050736818345258,0.014137500741772085,0.013941525955812337,0.016699052723998273,0.017862452414166737,0.03373107786983194,0.01930144059168072
2025-02-05,0.02006141995758918,0.017743736317796296,0.0396831134370367,0.008905634349868132,0.014113323141923763,0.014952671113221079,0.016759584694474246,0.021067030411983267,0.02965205328182782,0.019311359847869
2025-02-06,0.01999831961828658,0.017635309277575353,0.0395371895996234,0.009436832513525405,0.014445405928567653,0.01480991602382176,0.014856746554332015,0.02027911871828016,0.02965591667456685,0.019844036563210578
2025-02-07,0.020479439467541032,0.017704136744554448,0.03694155600101463,0.009686269112308436,0.014328496319814244,0.01667953313058559,0.01367777633255865,0.02150230239271409,0.02925941180782324,0.019909819826318946
2025-02-10,0.020470107845128104,0.017718352092398977,0.037406191216870346,0.010890773291250756,0.014342059498112871,0.017025043146462204,0.013024329542210632,0.021501742665657925,0.02978392062012261,0.019619842874816187
2025-02-11,0.02052619381951767,0.017476102169625637,0.0366967687231822,0.010179835048628669,0.014318277952619638,0.016618502015911904,0.013056917325240195,0.021436370170037793,0.032475651328996304,0.019526676518151074
2025-02-12,0.02080074486355562,0.01750020359293336,0.03649402913145958,0.009881389374381195,0.014975773779795613,0.017128942724887287,0.012250385610814764,0.02149840389015404,0.03260200141692997,0.01776707890346911
2025-02-13,0.021160355554482896,0.017495227831755496,0.03677497782384223,0.009741518563869296,0.01504125808415898,0.01710334295061483,0.009923796496801389,0.021660891768607672,0.03543810009618634,0.017812739207098607
2025-02-14,0.020923973973721543,0.016569075725363393,0.03653353239023739,0.009208703426041938,0.014568404513320457,0.01641138269135489,0.007583554945719703,0.020545219090651705,0.030048440987404876,0.018059382003135557
2025-02-18,0.018526395859913575,0.016575648548865236,0.036066025680900046,0.009338424058118987,0.015108340664829247,0.016296746480200467,0.010335490814975985,0.020411914279869634,0.029485719127249004,0.01612677226872267
2025-02-19,0.018504331155641134,0.01664908140754827,0.035691381430772044,0.008839973231940516,0.014972388078080611,0.015469731257877208,0.011684546398293154,0.020159420189095025,0.02882364451975564,0.01678093531657568
2025-02-20,0.016624530236086014,0.016697248143877165,0.0354807899680387,0.013099224949582912,0.015255945639768594,0.015119263579596323,0.012426547406879752,0.019982172788722156,0.0288875307978149,0.0157528986115719
2025-02-21,0.01667351807857841,0.014322140029506386,0.03567819726728953,0.013294483553122224,0.014959818824046902,0.015479291836758178,0.013242626471089076,0.020677805504641742,0.030038635120685046,0.019858722522371537
2025-02-24,0.01663405069800055,0.014370477228973237,0.03635348267875235,0.013249598004272386,0.014953494648006714,0.015719107734445174,0.013956389402061734,0.020676816779485113,0.030139459275845003,0.019145284015492987
2025-02-25,0.0165562593425856,0.014584212201503731,0.03621939253236487,0.013607146784870025,0.014969073886797265,0.015753142189936214,0.014068126409878211,0.020755428974146686,0.034525615794426145,0.01976962379257989
2025-02-26,0.01684452373763982,0.014125832083049045,0.03258306202633587,0.013640672225315148,0.014685782540550954,0.01589700659635254,0.01446056397611206,0.019046029647965878,0.03495339073546606,0.018964196893982672
2025-02-27,0.015247971675016044,0.012500553744178246,0.03249264472540996,0.013581977562655782,0.014025090638548548,0.016149298435337838,0.014568065094167401,0.018897049582661977,0.03488846029612762,0.019320951720869717
2025-02-28,0.01578315240033738,0.01291628837013644,0.032419820579921856,0.014454727632722566,0.014141535485124234,0.016918293990787987,0.014967314534144,0.01918483700661483,0.03682906524053551,0.01978638023763768
2025-03-03,0.016101260858159206,0.010338102920774304,0.036516785026185675,0.014739184466095137,0.01587947059423755,0.01808745636514782,0.015061603722366562,0.017860637669585035,0.03567671149923707,0.01944521594559805
2025-03-04,0.016153693670324615,0.010340325391615834,0.035869441948840175,0.017064163519155764,0.01482795425099156,0.017541359417528747,0.01567521518842305,0.018417673122942745,0.0356547373248153,0.020065773957490457
2025-03-05,0.014101004066022564,0.012641913593838086,0.03534372030387716,0.017154898430798312,0.015475406776642966,0.018650592297453833,0.01658845661182789,0.018817098656725914,0.0360164664900927,0.019830836043190646
2025-03-06,0.013411346109808236,0.012752198529404155,0.03751236998584199,0.01748071703997348,0.015006050021413636,0.01887475495658629,0.018622641987044997,0.01742780852479694,0.03610566959906019,0.020906189900311328
2025-03-07,0.013802776826878343,0.012814938944319412,0.03587770095545994,0.017451838277750393,0.015293243787608896,0.018529291612235897,0.018570364469250783,0.014993851772764306,0.03603337053464531,0.021152624053154195
2025-03-10,0.016939715867514287,0.014396833462501818,0.036473236382020505,0.01795679762335959,0.015907480923402762,0.018284106220523986,0.02008609144163704,0.017410850491601973,0.03977562424647398,0.021341269976110216
2025-03-11,0.017345848568322143,0.01422576551639069,0.036680079791803835,0.017961869188587165,0.016855666056786543,0.01727586874859519,0.02045861986354835,0.016371492627181437,0.041631984110840695,0.021608105292343218
2025-03-12,0.017703914922716526,0.014274499270724245,0.03900008942577604,0.017861237851231938,0.01632112033490596,0.01691555852948036,0.02137992234728651,0.017034561276774884,0.04599286786187736,0.02138809041136813
2025-03-13,0.01816778502291089,0.014386739143740555,0.03901068158235153,0.017104863163254144,0.016267748963797044,0.017292608586553525,0.022997008935374964,0.01765353942767099,0.04460780129961885,0.02138606019792552
2025-03-14,0.018161673433003435,0.015733490085478162,0.04086897518887133,0.019200547268932295,0.016049009666350672,0.018327443908836286,0.024241250194693035,0.018315496685489808,0.04525446460606996,0.02166738989415033
2025-03-17,0.017391977558919407,0.01568686128846731,0.040255247535827,0.019306835974857488,0.01632504793543078,0.018093855817301708,0.024084782638927892,0.01781679315363773,0.04326373128522055,0.022185039696491073
2025-03-18,0.01688978071251594,0.015859222547057468,0.040132142915039526,0.019399995026160084,0.016340190100984222,0.01816272911732535,0.024435474980622065,0.018168666717433245,0.043923072408080716,0.022125308352582675
2025-03-19,0.017318142078072293,0.01610931141823653,0.04044737401851715,0.019707090425690632,0.016255679247494294,0.018790655515635146,0.024302624445370603,0.019064920232352203,0.04603705581602787,0.019742867123405845
2025-03-20,0.017235567148157622,0.015741382456629496,0.040571792896496164,0.019738110329368733,0.016260409115533142,0.018747317586092455,0.024387628835002072,0.01881177489457895,0.04556977934553827,0.019551405709112686
2025-03-21,0.01799271855154199,0.01596014872439306,0.040467162767348325,0.018328702614323365,0.016027686886059895,0.018839505298467937,0.025012168248869805,0.019033927240406135,0.04792574159723152,0.019207886885082678
2025-03-24,0.018336627010883583,0.015588018388475127,0.04047998681307645,0.019484694960249994,0.01573871079258609,0.020129710187113712,0.026709079874559682,0.019299848244525346,0.0525709771489187,0.013459818039335476
2025-03-25,0.01862403393223269,0.015531782706070717,0.03998535907582169,0.019668600385574803,0.015757816824530414,0.020076238412124577,0.026607714840969122,0.01980092910212362,0.053190793199047286,0.01322834696642247
2025-03-26,0.018635306440191707,0.015446778538725505,0.0415177923482244,0.019432181315602846,0.01551291197702443,0.02057879413005523,0.026888269904285573,0.020483926412120664,0.05118720266100142,0.012888542314307623
2025-03-27,0.01817376073251269,0.01540650670674924,0.040627686904194056,0.01949952230909886,0.015528450421585243,0.020474063747269816,0.026197077963984766,0.02054227079002572,0.05045602646016383,0.01231983001422417
2025-03-28,0.018801678380569984,0.01630926962558542,0.03742649494382683,0.01993784438675052,0.015550289873228871,0.021778684264625498,0.027267417095461467,0.02234933923630422,0.05061150480243218,0.012295203656377509
2025-03-31,0.018818412993929813,0.01610170034785805,0.03615582585421846,0.019387835814410795,0.015538305637725385,0.021331871096303554,0.026867653130371157,0.022148618164411927,0.04991020961244257,0.012343269325360763
2025-04-01,0.0186926441568891,0.016086405372560092,0.03259956444235059,0.019217443195605245,0.013234618334918189,0.02044678609163926,0.02717035028103376,0.02228390656522685,0.050229133191901046,0.011409279851409389
2025-04-02,0.01868082486014925,0.016085206001498542,0.03234332563812235,0.01734346348682072,0.013264054789406472,0.02102906412361096,0.02685675978815742,0.021494250263928625,0.05034784509860373,0.011206622258289658
2025-04-03,0.020754650477322483,0.0150399470620282,0.035977533146143235,0.019539253868435465,0.016503358955241073,0.023509275069001936,0.029196548310194585,0.022613920104515507,0.05177327353471247,0.012701914453849
2025-04-04,0.022454932620691287,0.01661136373507729,0.037414233953682055,0.02109874993934862,0.01921002996664514,0.023867417401474505,0.02969394954391786,0.02341748693949467,0.05446198605515108,0.014139470668743393
2025-04-07,0.022843161058054715,0.016582465453011435,0.038117576040813846,0.021482991549704237,0.019206417000675307,0.024771248253588347,0.030474065737250294,0.02338783955794218,0.05472784175624255,0.014046259539678387
2025-04-08,0.022843161058054715,0.01520264560016301,0.03672916439537358,0.019602973240270653,0.01871388433565265,0.024883471026470982,0.029267143357095793,0.02178099219677751,0.051707097581925224,0.015647033548565194
2025-04-09,0.024856779604922247,0.01803804671220113,0.04085879527107755,0.02110164454446686,0.020344940426563714,0.0278949638386329,0.03294318627552689,0.02522537530418602,0.05511485373200319,0.017743811090846755
2025-04-10,0.026091702665370503,0.018548805097720382,0.04003524576738436,0.022317200900020644,0.022663256663741995,0.029779914961015855,0.035084015858661895,0.025766569887124755,0.05512186789421302,0.017700048665023168
2025-04-11,0.027150264972396372,0.01898992873344804,0.040892630074826214,0.023551152703176724,0.02383041050618022,0.029903775435119875,0.03387795239040253,0.02634354530956713,0.05481110197172439,0.017585863191808274
2025-04-14,0.027310254904915846,0.01795940528271523,0.03874361996384105,0.022747530162738276,0.022846916358759524,0.029481299179427253,0.033064538278891734,0.026191660652497763,0.05400755704360948,0.0187986715200111
2025-04-15,0.027284933994172117,0.01795372104293221,0.03897368162458659,0.022802202938911928,0.022456489542203525,0.029516575625608516,0.033128556961750204,0.026355832758569564,0.05309913558357629,0.0188168828452527
2025-04-16,0.02843198498636701,0.01934815562510575,0.0410147231667606,0.023071722308038094,0.022642362494072713,0.029934077710410553,0.03310933087393093,0.02625995423004755,0.052901655791586316,0.018835120093467134
2025-04-17,0.02849157789363635,0.019065656305810755,0.04075858636810451,0.02285665527771857,0.02315713884520068,0.029594297754159248,0.033041517862308495,0.025757876658206398,0.051756336936317995,0.023500721997941013
2025-04-21,0.02867909731710428,0.019480604169196176,0.041182301216556486,0.023031744987491592,0.023283471301955013,0.030038579681741555,0.0333354473121681,0.026045884710528218,0.05308715115110712,0.02690074848886285
2025-04-22,0.029444974081469136,0.020034926958740214,0.041829708562473145,0.023770629286674408,0.024198896453769173,0.031319248333221,0.03408763606558333,0.026813422147146125,0.052753039797688195,0.02681527910753913
2025-04-23,0.029918769554579255,0.02072680855391043,0.0422119229008465,0.023564906522195977,0.02423548815251257,0.03179833440778643,0.0342281187697666,0.02697911702801924,0.049441630782956714,0.026816261651856955
2025-04-24,0.030072883697344923,0.022313846602190004,0.04347062308050906,0.023657303060572833,0.024343900788190695,0.03269429004122332,0.03473850680197689,0.027363738108468712,0.04943964139621609,0.026855600257235473
2025-04-25,0.03008759158493945,0.02243787405165405,0.04338388069010593,0.0236798334406253,0.024076871541447806,0.032700616448981555,0.0354044315753415,0.026987033982282187,0.05297767061785936,0.026930529176043955
2025-04-28,0.029977228381535326,0.022420184923888052,0.04338491324069601,0.023530394867173208,0.024082787571208207,0.03268423243009735,0.03546072276203331,0.026817668771269287,0.05297391125807228,0.026927754274604455
2025-04-29,0.02953015619898507,0.021558514647187072,0.043348001126645094,0.02299847277447899,0.02408254749736964,0.03140841974763329,0.034526161423257054,0.024672314346814044,0.05264096445502968,0.02749688036489823
2025-04-30,0.02919841343182846,0.021487844264394845,0.0433206540415191,0.022924632271842722,0.024434324185883,0.03146795980940956,0.034541150296221415,0.024733436506847412,0.05306497453213828,0.027290030579331808
2025-05-01,0.029187803475093244,0.023010864122978654,0.043547576619880374,0.022906639609663604,0.024439293499843345,0.032203896205919215,0.03569877174574412,0.024734382851619933,0.05243360761349843,0.027801255317809977
2025-05-02,0.030157433226070045,0.023504231057849406,0.0439967024903854,0.023296935231153674,0.024498309839211054,0.03183296985813441,0.037059449932142566,0.025025545283308043,0.051317318706017606,0.027792042430352753
2025-05-05,0.02949263496500789,0.02274208877043101,0.04061284133784086,0.02084180118890961,0.023229428972853117,0.029552488369039905,0.03384607054000698,0.023174184734381514,0.05014713395053421,0.026820224487987758
2025-05-06,0.02804583009127058,0.02102470752565655,0.03657747949873686,0.01829525967352764,0.021227887739469608,0.028027351171584457,0.031956355647381945,0.021701592024793985,0.04560979886030254,0.026686109173385278
2025-05-07,0.026953924483922722,0.020924156600305912,0.03641597197181708,0.018072721294579146,0.020994884917968745,0.027843689013392094,0.03179710130909686,0.02442589754354154,0.04517694048984525,0.02669062572465985
2025-05-08,0.02510649959726612,0.020703199848914337,0.036184330166090545,0.018185705628125177,0.020532164403788113,0.027342893742387697,0.03161779910676576,0.024480341403195324,0.04386094460208994,0.024059689408970637
2025-05-09,0.02335825419204696,0.01907170091177814,0.03198885969572243,0.016514325821505325,0.018766014378773878,0.02465619467760794,0.02848079786975175,0.021754508577104946,0.04020853623513443,0.020853459961182715
2025-05-12,0.022893189382345823,0.01842442892629398,0.030597779230016685,0.015196699264812338,0.015636106992566103,0.024154035501340994,0.027353018362501546,0.02144371993812713,0.03789613759274487,0.019078855015928327
2025-05-13,0.02144281656072855,0.01825759263178587,0.031975086711617355,0.013285063926491474,0.014319321800176778,0.023995166617999848,0.02749986798580924,0.020701643207816207,0.03863459153311308,0.020943408955368427
2025-05-14,0.02100751215290137,0.01819607892995771,0.03269333406909427,0.01305862907243698,0.014550474861047692,0.02367726992804541,0.0265936863586613,0.02190032595019051,0.038928519272152316,0.02091445454733605
2025-05-15,0.02103116196652456,0.018036053552274056,0.03280746787413961,0.012731137023881473,0.014596705026411305,0.024217615429771286,0.026873835151322953,0.021563249135417725,0.03942026929304164,0.022826803329588523
2025-05-16,0.018837858454987998,0.015084985319629374,0.02728169314537098,0.011824119536532285,0.01455347667357848,0.02287891981803247,0.024908676239249656,0.0210079810709696,0.03650979253399149,0.026404811164305354
2025-05-19,0.018940803243454738,0.01448079511013384,0.025734095543121897,0.012388138892988829,0.014012898826504689,0.0225821844398524,0.024866056449389655,0.020551791010417007,0.03737273876405062,0.027677226874032658
2025-05-20,0.018482379789431323,0.012648040196532429,0.022465061731906006,0.011617474033360628,0.013991009061439743,0.02121889474683832,0.022964877068061718,0.02005741338980932,0.03326254799770519,0.02600765255125815
2025-05-21,0.01785402206489109,0.01328026654350659,0.023684166757148673,0.011732402334706495,0.012746609258756704,0.020900673688845964,0.022745249053508425,0.020164601071896358,0.03422558771907798,0.02817700874750262
2025-05-22,0.01696791433766449,0.013014060448837506,0.02304742611994633,0.01110431637100788,0.012700357057394545,0.019249849087423585,0.02186531466365077,0.019774162665569996,0.03322939664750472,0.028169910484499235
2025-05-23,0.017459581109084125,0.012131944984732539,0.02296146897181286,0.010794338901162482,0.012348816028654374,0.01839933533945891,0.022172819047816098,0.01972214964853908,0.03317119728297517,0.02820533844467888
2025-05-27,0.018498673430931825,0.012655910091797777,0.022328923247909777,0.011086745674567678,0.012435455336128063,0.018904443190534914,0.022087839467676344,0.020120884135284102,0.030335251506073642,0.028249704268058666
2025-05-28,0.018452405400304187,0.012884564382464908,0.021515424585591653,0.011282318254965786,0.012685877068904249,0.018891234667426295,0.022109686902367594,0.019986552482383436,0.03091148683087662,0.02845720905197523
2025-05-29,0.01835877018706826,0.01289802168049233,0.021945867686874287,0.011273975848412124,0.012810725837203909,0.018863463495274152,0.022129716965476894,0.01998841582059715,0.03083932731415471,0.0282584758852456
2025-05-30,0.018320516219390716,0.012892721413604147,0.02359674854609775,0.011301049779394709,0.011652019334131408,0.018412852555249198,0.021818275038771123,0.01980251332516891,0.03080966151898744,0.028467089607861533
2025-06-02,0.01832817961424646,0.010029244090355792,0.023422792496774463,0.01122935108704725,0.011785372673667818,0.017388941164325367,0.02139179807244369,0.020150761066134375,0.03095894957172007,0.02835080911456423
2025-06-03,0.016658994166072996,0.009043315334371535,0.023493801822411838,0.010363655025315622,0.011871625593795742,0.01744395452267664,0.019947608183029777,0.02038633224750409,0.030805285183514254,0.02836062289395865
2025-06-04,0.015117129500872802,0.009043887297359013,0.023242984039281003,0.010594484983105718,0.010610467276070571,0.016718847059098072,0.020759985249308322,0.020484914082161142,0.03152770781774543,0.02805823484408759
2025-06-05,0.01530118527085551,0.008831688186686506,0.023681333811584604,0.0103069450213975,0.010159727549500048,0.016523667464229574,0.02005089737382572,0.020398809561134747,0.03847586327512845,0.027800355629541515
2025-06-06,0.015488897724017688,0.008801731734733939,0.02321950466651537,0.010619409081731403,0.011487389573472695,0.01691830992722473,0.020127666841415797,0.01771175433857866,0.039086831670248234,0.02861326763180648
2025-06-09,0.015695531283601714,0.008656694688948344,0.023181704861150686,0.01018401733470215,0.011165705913360595,0.01685212999456023,0.020277511602281376,0.017592846977676865,0.039638694982025345,0.028552056880574005
2025-06-10,0.01570934757997204,0.008800884617761816,0.022910948542963328,0.010187041851176803,0.011842586748604575,0.016856444349887072,0.019975713342205364,0.01725823843150307,0.040137768652578454,0.02851456359654268
2025-06-11,0.01297358865026592,0.007481477758291744,0.020966461931546377,0.00855598138207979,0.012007220730009677,0.01330451417969072,0.015462143385932629,0.01616238185867524,0.03786035873370368,0.029054716331494403
2025-06-12,0.012690590706349142,0.007798595447799638,0.018035544245128196,0.008253622187788636,0.012019755120501945,0.013018843304396248,0.014664671121922134,0.01647500539961157,0.03687353282039976,0.0266897147800472
2025-06-13,0.01290373870299505,0.008074088115293853,0.01695929831477348,0.008467255011650425,0.012638497729597187,0.013019895266630482,0.015157870945129534,0.014960907196131018,0.036037248871799425,0.026823785815344055
2025-06-16,0.013243017329984012,0.008194315654531818,0.01727689099184121,0.009458323347094167,0.012507005554588193,0.012281256229202923,0.015069880681850075,0.014860663568537198,0.03598584519238344,0.023418902067789227
2025-06-17,0.013448968784634951,0.008265523301748219,0.01734844774454009,0.009491312391885212,0.012697902951518887,0.012417998394316872,0.015120603004209308,0.014785802479729613,0.036722066000880675,0.0212864278845563
2025-06-18,0.013433828612488406,0.00809677082875392,0.01739890407470425,0.009787188514475584,0.012187449472137967,0.012728356708358554,0.015157643102995756,0.015290543335192064,0.036643385569637095,0.01868985470132531
2025-06-20,0.014407862602144444,0.008252801694495673,0.017492655475733993,0.00979421497271331,0.011709210207954679,0.012893656375047191,0.0158921034763093,0.01738831586591359,0.036624838646399684,0.018488914827324586
2025-06-23,0.013514017226780963,0.008271462958133377,0.016712971403115198,0.00897188983744462,0.013000490664935593,0.012491473048598071,0.016417271461811198,0.01637327452869319,0.03992362036901646,0.013529306849230715
2025-06-24,0.013554033633183492,0.008337690135694983,0.017337039545977047,0.00905935118313659,0.014892436898465582,0.013038263936253082,0.016714819134520605,0.016215484100113822,0.04025173629919778,0.013074773431500564
2025-06-25,0.011670174573384123,0.007705826160531654,0.018684603977411004,0.009122494088581576,0.014894471727985175,0.012790966106333668,0.016235966942066464,0.01675040805491666,0.04123365396112634,0.013362182686494617
2025-06-26,0.010379179673108599,0.00657400178367134,0.01787131533221707,0.00904909817574987,0.015134623589728833,0.012722017979855775,0.016248661188823205,0.016159334179195184,0.03836771291559781,0.013341202312829334
2025-06-27,0.010377452906662187,0.006282135736738347,0.01782244715817892,0.008985480259954428,0.014788092499543064,0.013704712640284156,0.01625051255557863,0.017254638827746294,0.03824310656590352,0.013894694553252164
2025-06-30,0.011230909716634686,0.006281556541581087,0.0169478704031402,0.009065946040820134,0.015274707547691474,0.014504003567142388,0.016225007646247028,0.01752738786163173,0.03838521661646571,0.013973209083319678
2025-07-01,0.01149652880164424,0.007053525588457,0.01700415440621826,0.00899148562570343,0.015386818362270438,0.01443261574393064,0.017695372251545573,0.017538956854546532,0.03948254931942977,0.016605569681848446
2025-07-02,0.012321257950546597,0.007140640963432698,0.017387090033224115,0.008981060634553766,0.015637691762964503,0.014449000271313519,0.01644849119895916,0.0173581876433493,0.041055167897212995,0.021315085316990275
2025-07-03,0.012279171217879806,0.007658434743080355,0.016786342647698547,0.009467154243970868,0.015687787354014313,0.014598984977667158,0.01634326502675756,0.016763690462295318,0.041034337651082324,0.021129195422687243
2025-07-07,0.012959107912353595,0.007756461439784811,0.017013269922103808,0.009955010529053482,0.015441709473987954,0.014597684597045645,0.015092869065844745,0.017170791128760472,0.04310619661506392,0.0214507359892249
2025-07-08,0.012645975218432207,0.0077646857207574835,0.0164892956092025,0.01252453581333748,0.016117387443797662,0.01537841355114394,0.015009645054433035,0.017535797591754398,0.03765258745494051,0.02127414375198711
2025-07-09,0.012256478008374445,0.008104258002870922,0.016632983540928004,0.012301116925499641,0.015663841987709055,0.014614860598272453,0.014892653690373606,0.016343267298479017,0.03687535568355982,0.020970268611877084
2025-07-10,0.011865664187859093,0.008244675642324128,0.01663386508864898,0.012694493153300616,0.015704975084408383,0.01427519636267852,0.014961225409292643,0.01606402903968703,0.036977433713513634,0.02112335020084057
2025-07-11,0.011974380014786611,0.008101806089645112,0.016626697795918438,0.012806827202953735,0.015221774416117436,0.014480442767661472,0.015165179568954102,0.01607316314551129,0.03490267177341099,0.0213872579906692
2025-07-14,0.011418410749190257,0.008142265271100919,0.01652280071719272,0.01276913925912563,0.015186711724870258,0.013569037754326725,0.014890131093209335,0.016050701593696495,0.035007437446747065,0.0209439171224903
2025-07-15,0.011418330403894192,0.007830869445834393,0.017957402340987236,0.012985335711885097,0.015361830113561658,0.013556725941494931,0.015314623719885814,0.015871520583428087,0.03491763346109518,0.020926139113769164
2025-07-16,0.010804944037442827,0.007469276460271521,0.016732958530398145,0.012561789098301577,0.014715221814722299,0.0139471225962114,0.015096780037726711,0.01579281281508944,0.03551619722814449,0.020786616183871034
2025-07-17,0.010721037741859016,0.007623671654502685,0.016576302127318497,0.01223301486650905,0.014737540312033325,0.013444373510803851,0.013763307065899828,0.0156382420488069,0.035429271741246396,0.02087248569485743
2025-07-18,0.010013948036693608,0.007659457692302243,0.016556736543833505,0.012138703812980498,0.016237661513866526,0.013442343597084083,0.013696040550421859,0.01562152976460715,0.034995733287337995,0.021085504600766768
2025-07-21,0.010025973668810221,0.0076794846421479905,0.016854574108116412,0.011838512232031796,0.01624295129626927,0.013308289210615621,0.013917699859151453,0.015953897877479292,0.034820722204184376,0.021089626749206575
2025-07-22,0.009183230606644222,0.007914727442256707,0.017931820055390298,0.011841874833082897,0.015936223922873652,0.01301207516484822,0.013426968118293244,0.012419694014257925,0.034888582318494746,0.021096363494209895
2025-07-23,0.009229383659695198,0.0071145584564936085,0.018187513889062402,0.012152647030304439,0.015313424721965231,0.01282151103740766,0.012723358070029151,0.012254759576686331,0.03002138069097359,0.021969766752847692
2025-07-24,0.009073004521125512,0.0071867082313135655,0.017874664106745885,0.012059984907904588,0.01375645398151631,0.012633004241192047,0.012012477628390862,0.01226268437343635,0.03486625066187737,0.023876630972939444
2025-07-25,0.009058676417842484,0.007209853994611742,0.01608159288325552,0.011989442289521307,0.013792335694342867,0.012624908269300482,0.011977872928490027,0.01167192894263306,0.03501541653657636,0.023979692973482323
2025-07-28,0.008981267481533182,0.006999531560397175,0.016325566703892604,0.011586323728157941,0.013565671314043026,0.011801566839536141,0.010777838788802747,0.011559287709369157,0.03566190479214463,0.024002735097183255
2025-07-29,0.009633439968482966,0.006932341628975929,0.01635966125099971,0.011541719106684351,0.013739329422641073,0.010566777835766398,0.011698079388183994,0.010600880137944059,0.035758338179343076,0.026065830620176846
2025-07-30,0.009115497049830074,0.006925161870170535,0.016705407672545445,0.011508992582631493,0.013454727364719121,0.009691821593826738,0.011579256636661012,0.009831063686739224,0.03554844373446905,0.02644908405426141
2025-07-31,0.008843843331668,0.01018799510292348,0.014904347633567981,0.011862997662457018,0.013217007298486376,0.010193625608304249,0.017826709214583097,0.011616242993571281,0.034218221193672474,0.02598729598297154
2025-08-01,0.008972197162367057,0.011174211337252033,0.01570476028188524,0.012968235892162623,0.013351451529537272,0.016640565402393625,0.019082124298518837,0.011977612287370138,0.03267453256093961,0.025224282302975385
2025-08-04,0.008954647717575622,0.011588824880426363,0.017006231333222228,0.012854038936151146,0.013806465757030236,0.016542060062383464,0.020448248274771045,0.013452590883379453,0.03308143922248069,0.025607128947008218
2025-08-05,0.008300505307045812,0.012204483855336764,0.017121027025538735,0.012679651860972684,0.013694683783857384,0.016716499941722224,0.020837405771850566,0.012789589202829207,0.029026750255369677,0.02789531467343459
2025-08-06,0.012672198871293536,0.012287335197310463,0.017078092688239878,0.010369150120193134,0.01199772721502576,0.01832004776375505,0.02095184187030269,0.01207857506225021,0.029848173795578862,0.02760883344466447
2025-08-07,0.014337106797468968,0.012212982125025466,0.016850686000007883,0.010989273120123145,0.012005335075712952,0.018106002881366434,0.02087110098805018,0.01198102138158857,0.02977116769298895,0.02759036589789632
2025-08-08,0.0167659262950878,0.012144468751710893,0.016888153264324187,0.010376431552554894,0.011907454318652685,0.01811212641545821,0.020904497329661077,0.012718874028707486,0.028521936505490023,0.02856063548867222
2025-08-11,0.016842202124820772,0.012148620410011855,0.016992766636158372,0.01033360434742569,0.011826738444087907,0.018008391324237576,0.020690779115164037,0.012683710001102258,0.028992702784232077,0.028265795017559638
2025-08-12,0.016542150359047353,0.012434358666588687,0.01684238748622975,0.010528316054578634,0.011730659204974063,0.018000184577822844,0.021691155885735787,0.012750941766655751,0.02895106820027638,0.029785416743184558
2025-08-13,0.016726516235969536,0.01307133665371314,0.015121003904813805,0.010547353567110155,0.012228047006835753,0.01823107418039739,0.021613924537676087,0.013014954865449065,0.028535003991661922,0.030687108135995008
2025-08-14,0.016801644953451902,0.013073776026893795,0.015119806680848915,0.01082191295285898,0.012197878640707526,0.018808224061955474,0.021406138352026087,0.013014710482798387,0.02784713137641242,0.03066852059230006
2025-08-15,0.016898982071742317,0.012910519302305455,0.015241466523207497,0.010812478191201827,0.012195008185707169,0.018818068339320957,0.02137286857239621,0.01300967567991606,0.028032115425626582,0.0322663871848036
2025-08-18,0.01697234301234026,0.01296552523365834,0.015253368696874417,0.010790964515808028,0.009462915931506844,0.018747451875702,0.022133068717038108,0.013075880063606535,0.027344270532777815,0.0320781749641956
2025-08-19,0.017003858551080508,0.01336951816166838,0.01731713327700559,0.010809143651604078,0.009556157761624056,0.018933615790153114,0.022552064428125174,0.012358319443623368,0.027626621365799162,0.0322614354588307
2025-08-20,0.017701315682952065,0.013321884517352,0.01620709289806395,0.01087044688776363,0.009767711943414772,0.01932512398224035,0.022422975073266984,0.01269298653965471,0.027739264851887786,0.03238030578956367
2025-08-21,0.017756051210189118,0.013322202676657886,0.015575503035519099,0.010066713532585432,0.009463568220532523,0.019408177666247303,0.02241623882985964,0.012567773332110474,0.02782674062342939,0.031980790671681615
2025-08-22,0.01787902799418521,0.013202498717306166,0.015568944875243863,0.010735761168930314,0.010167767242149513,0.020206115096808978,0.022893640577777007,0.01398755726692076,0.023797562617854758,0.030079020003658957
2025-08-25,0.0179119436604202,0.013186934906964503,0.01567875945412138,0.010653321015048454,0.01014765511941212,0.020211835926057634,0.022886898018520983,0.014098757067270411,0.023067553023317935,0.030138642476047153
2025-08-26,0.017968053483017207,0.01320662686732228,0.015350900588399588,0.011020377273341903,0.009984413067156998,0.020187633031106787,0.02284235545291947,0.01419871228786447,0.02246446459359351,0.03034926789858881
2025-08-27,0.017590088952025323,0.013393453212735195,0.015241812667971278,0.010987765201678677,0.009890875012255478,0.02010063326600717,0.02221804818405013,0.013892215164288069,0.022231194684484937,0.027244810072118857
2025-08-28,0.017303819600522664,0.013456845941190175,0.014686134319101964,0.01090047167436807,0.009717308695906108,0.020181641463469853,0.02215503891342076,0.01438430410790537,0.022334094615480193,0.027110064767818763
2025-08-29,0.017160005574163202,0.010097730151901067,0.01639463736634273,0.010571347307997013,0.009807301279012063,0.02005549510701439,0.01707965622528554,0.01294765452810912,0.02244580505904627,0.02358786864272936
2025-09-02,0.01612180992617455,0.009468442884198191,0.016146202294395007,0.009146014580259572,0.008716963902504942,0.015653370649959406,0.015800546043453344,0.01249391049991957,0.02222859424861997,0.020076526599820635
2025-09-03,0.017533380153521304,0.007831165673635258,0.013840614473795906,0.008474297504695657,0.009225470856276492,0.015170878307805712,0.013596744926525291,0.015269918468104729,0.02199205891572,0.02022534794923789
2025-09-04,0.017407608625053195,0.007489350022005928,0.013860798349825296,0.008586404349217782,0.009196168085429484,0.017347498694894353,0.01373036754584363,0.015153660415502488,0.02204955668183444,0.018828354114363666
2025-09-05,0.015562920053166474,0.009139902956799124,0.014789844494024105,0.011289554950660925,0.011307644445804118,0.015880111809920633,0.013527049283145878,0.015189916052600224,0.02205753655472787,0.017785676565643053
2025-09-08,0.01464059997807001,0.00927022426127236,0.01479719129764746,0.01078521983259233,0.01122478308637598,0.016126459168841006,0.01324367493525126,0.015319312363429653,0.022356454486299183,0.017573866213121774
2025-09-09,0.012375594040449132,0.009235239222443003,0.015000940406059033,0.0112707701627945,0.011206848080691497,0.016169519794113064,0.013658132283279872,0.015260884628714898,0.02191993482712121,0.019048642870062915
2025-09-10,0.014305028384549522,0.00932440714633641,0.01746152310471174,0.011387646624999515,0.01131972083436505,0.017987157063837123,0.014182609445888518,0.015256183510312648,0.021120979215197778,0.019266825132111347
2025-09-11,0.014451595795867913,0.008604968048829046,0.01738253933903899,0.011662634792983236,0.011409875478500725,0.018002539547583022,0.012157250496209412,0.015217476939621551,0.024568286872841235,0.018496771702274387
2025-09-12,0.01453792194051955,0.009042575495346775,0.01734066786787051,0.011443814446207661,0.011155580386270878,0.01789812354192365,0.01206090963107936,0.014959545918589097,0.02851024659232842,0.01743333151786714
2025-09-15,0.014719870653565508,0.00934327741057625,0.017324371093245198,0.011261036577455662,0.01111051273383901,0.017070196156438917,0.012390148619041499,0.0170011210875171,0.028786694539730984,0.01761881174620248
2025-09-16,0.014698043459230386,0.009660433670051951,0.017567965772258283,0.010742382420843443,0.011767288377859581,0.017243349206183763,0.013074982622328587,0.01713438050774633,0.028473682270018976,0.016425728421318564
2025-09-17,0.01467041706106154,0.009610255943389998,0.018223653922669357,0.010803693783794314,0.011769001273828426,0.017406387864287845,0.012051971204767259,0.01729849887028178,0.028470887259228035,0.01624530031511247
2025-09-18,0.01472098131699124,0.009109882608781568,0.018388055944286916,0.010713825418530104,0.012221948253028516,0.017064141313768696,0.011044074278283826,0.016822734740002992,0.028674461649059207,0.016627270781150345
2025-09-19,0.015250809202940094,0.00976349007825481,0.018390941908498038,0.010710137014979203,0.012391489542648466,0.01648408423111303,0.010978025670179132,0.016171735070329096,0.028031515483676814,0.01612963164784353
2025-09-22,0.017220420530658122,0.009904878631811,0.020168380954682787,0.010899247793950096,0.01249311869060813,0.016837182583920265,0.011322848477840354,0.016600825382028957,0.02746686623892978,0.016181199415250418
2025-09-23,0.01736630260776464,0.010123204539486175,0.020944755595591454,0.010495805297199658,0.012391857554179974,0.01681725496933017,0.010832808838291809,0.016049528472375223,0.02630766808552367,0.016368025194052616
2025-09-24,0.01754092480101574,0.010031629298756943,0.02088777699696495,0.010369781272196763,0.012409349170714545,0.016810184078842137,0.010922903123347419,0.016988966653488553,0.026973671948467337,0.016170669788910522
2025-09-25,0.01774459724269528,0.01008117290412551,0.020751504781670864,0.010153088681301143,0.01249482149180957,0.01685063750135994,0.011468912908912159,0.016951506548470944,0.0296345305171712,0.016388536000752543
2025-09-26,0.017903845647877042,0.010054876630777783,0.02076888196499786,0.01023657359387192,0.012614131093438178,0.016963220311398144,0.011400456905177287,0.01693403673241307,0.03015169476215821,0.01644991630604199
2025-09-29,0.01798120674833777,0.010066113444369106,0.021202207865826436,0.010237683144722821,0.013956207194364046,0.016965098540042273,0.011338551780246588,0.017024180159626017,0.029776223332347976,0.016303075858945693
2025-09-30,0.017946178030771438,0.010040917239892169,0.02035357479453785,0.010257465812728942,0.014122891508833198,0.016978643791585857,0.011058640155243337,0.017136420664383503,0.0278221471999423,0.015671949667777466
2025-10-01,0.017624258941258804,0.010006672734813312,0.019661046080582393,0.01080550278224658,0.014149905647362416,0.016721321622163398,0.012140028864914,0.01691906263933741,0.027382806005416337,0.015617630560958105
2025-10-02,0.016006658159335548,0.01019841524117268,0.01964381656442154,0.011108195977536716,0.01316654979586921,0.016818781682851572,0.012530697140616758,0.013060005343121217,0.031178417532968256,0.015706016237341115
2025-10-03,0.016000796675287275,0.010165894452726053,0.019802331302966898,0.01082156560238848,0.013701572505639558,0.01385386593495163,0.012853716948209009,0.013059900377384028,0.031726125843577924,0.015951368332931013
2025-10-06,0.016092617125164452,0.009135621991208043,0.018795956434160224,0.007846676314865781,0.012068633052505077,0.013771095295624355,0.012922696960070557,0.013502928410315203,0.032604737378956104,0.01589808211572176
2025-10-07,0.015931659129983386,0.009453997466826038,0.01885846960136046,0.007838305722805961,0.0120452942870649,0.013276106178706882,0.01291568742099613,0.014274142165794658,0.03458126668907847,0.015844123290682216
2025-10-08,0.015359262935022433,0.009444884175101798,0.019116537251552483,0.0077486381615247514,0.012009292586607283,0.01358124369122986,0.012263150657065479,0.013477678576749691,0.034521982619555414,0.01304092046940851
2025-10-09,0.013635610202372472,0.009564080526832648,0.01786724087555774,0.007593626837476306,0.0117206214826751,0.011868064675920807,0.012871455196799724,0.01379583750667788,0.03470666903342032,0.013123522413359076
2025-10-10,0.016076002376091664,0.010927182291862556,0.021407371479508802,0.007514573827777091,0.012470562679724177,0.01622788836863112,0.015320655957462605,0.014499124694113175,0.03545018838955214,0.015157858706270934
2025-10-13,0.015817646628011668,0.010320726205354017,0.02215838882786,0.009090866069380385,0.012847806930332937,0.016743902671641792,0.015678365378493337,0.016122932171003312,0.03395889576565621,0.015327781872752876
2025-10-14,0.015702710432717405,0.010050692817505345,0.024490266150495286,0.009931619915613104,0.012842637957265845,0.016635340789839966,0.015388548766065128,0.012803535147587072,0.03347929030733256,0.015223369708828819
2025-10-15,0.015705395542176117,0.009657161984684316,0.024189214425601038,0.010308965523512341,0.01199826892769455,0.01630221986797353,0.015005767906261524,0.013802110511918805,0.0330763189164318,0.014085510074064354
2025-10-16,0.015845280399691755,0.009688077337690079,0.023396485313488598,0.011290037006063966,0.012003274441352357,0.01623703474010476,0.01502849377020618,0.013725315867519216,0.033200603798431795,0.014462924031684287
2025-10-17,0.016229475996699827,0.009690472181949404,0.02231623879175542,0.011192024463367237,0.012282046645833862,0.01624327795781957,0.015061622609993042,0.013643827485739226,0.03320494405843214,0.013564638681349696
2025-10-20,0.016922567218901924,0.008888857281024152,0.022342393403529028,0.011790007955293887,0.012141718337177929,0.016790224630707715,0.016024478237440024,0.013732563227383636,0.033109957393532195,0.014170934094724539
2025-10-21,0.014364586971535457,0.00876357208760772,0.02074760280943177,0.012236366169521984,0.012033395817926933,0.017581152046781894,0.01574057512071022,0.014617605607579192,0.03300117337264565,0.013992286650561798
2025-10-22,0.014798306273129409,0.00849010512986913,0.019770600370405032,0.01233208416103544,0.012069200116654561,0.016725513042923693,0.015548776267237455,0.01464377574514795,0.032745236694898316,0.013846649451055926
2025-10-23,0.014666451951345175,0.008490960498037355,0.0197774271371021,0.01231902482464964,0.012249323249723831,0.01703100826008183,0.015441394792075486,0.01407798687598978,0.03198937273485859,0.013689844037335837
2025-10-24,0.014402435119527148,0.008392114240923822,0.020292856029177568,0.013262042966755507,0.012152979163056946,0.017137891225056868,0.015186319778279271,0.015038396487987828,0.03133402406703321,0.012996261317958373
2025-10-27,0.015045860137722652,0.008765030817124894,0.021040266107781938,0.013440573676643412,0.011778849700848582,0.01725518020181709,0.015572491711985454,0.01664506123180326,0.031511790117419926,0.01299745489248751
2025-10-28,0.014979376451625276,0.009557802855895884,0.022991536909747663,0.013495456431045182,0.010411825328615369,0.017234024381957865,0.01557122686189529,0.01651303765264704,0.03170253045704076,0.013005741432295074
2025-10-29,0.014973308079401679,0.00953964646717737,0.023177413287855653,0.013501085852723334,0.010255706527909945,0.016972038721501468,0.015297137898221574,0.01705720016218924,0.03170056338549734,0.015407428831365349
2025-10-30,0.014993153862129037,0.01177359058131954,0.023822345776681828,0.013447315717559041,0.010752649387899672,0.01860080024613651,0.02074560866011657,0.017557247404817105,0.032610474645395106,0.016745562609926743
2025-10-31,0.015036650242038584,0.012147653696200713,0.023826101945061132,0.013282804406299366,0.010661009477239506,0.0220139175775792,0.021246099018321658,0.017622907485204002,0.03150988915595691,0.01643621559077845
2025-11-03,0.015117273329414496,0.012133864666699143,0.024024610014429588,0.013246060252883107,0.01006793306655561,0.02307415084709753,0.02098891839880404,0.017538002786141232,0.03166743413096182,0.016408990431428547
2025-11-04,0.015030725083029167,0.011126943002035275,0.025770530744599496,0.013238525394596282,0.009927193634138768,0.023646859720714813,0.021071291979843063,0.018328834321465176,0.031911413805307494,0.01644948570416075
2025-11-05,0.015020177360695351,0.011362254001144167,0.026147953418092437,0.01329510017766016,0.00996442280432691,0.023647095247470964,0.02141059211430345,0.017940830406472045,0.031353630608351,0.01599137928497628
2025-11-06,0.015017844414815485,0.012022592385772673,0.027129616000925637,0.013013143097886044,0.010083212530854667,0.024545765683597755,0.021918543967503666,0.01779105341863562,0.032365366003274595,0.015436815140857527
2025-11-07,0.014553303220156204,0.012020326801800688,0.02680249599899371,0.012991616960007257,0.011006663228182717,0.024471230803596603,0.02120545726542274,0.018339818126596987,0.033394826563448346,0.01577533437994573
2025-11-10,0.011701792040266164,0.011937745512794043,0.02713405313081166,0.012496284418671557,0.009944379626150962,0.02142782201047939,0.02019430688942656,0.018529932669230018,0.03212813597986063,0.014161296755518912
2025-11-11,0.01222560602856969,0.011918528963851812,0.027526747457728176,0.011613592858668635,0.009921989411125917,0.021248732892374403,0.019817737179549093,0.017868907507052806,0.030229520805702743,0.014593847335363447
2025-11-12,0.012448465051365577,0.011974158382871745,0.02540731428653573,0.010988413976093866,0.010589562183026287,0.021406722284322725,0.020553495993606972,0.018636900868183114,0.030390921578382617,0.01686092529607674
2025-11-13,0.012525591974931768,0.01242818955470767,0.026858797168551773,0.013484141199953606,0.010427786146162297,0.022437327563479447,0.020231561314417106,0.019880312351879974,0.03369967428922152,0.01717379680248476
2025-11-14,0.012315260824416401,0.012806334051546452,0.02700934044973889,0.013108629170195646,0.010282129285093698,0.02261725299793466,0.020246099596541948,0.020064948780523326,0.03366287463773165,0.018203419612738834
2025-11-17,0.012797027014592949,0.012819552865026479,0.027358621217415485,0.013323512377702526,0.010675403546875309,0.022640835219950882,0.02012485903541219,0.020860329604852783,0.03325421431897367,0.01817280910635134
2025-11-18,0.009814895570360907,0.013973208224003303,0.028093311233189807,0.012853251205746468,0.010842202493405955,0.02467335339874601,0.019163462271062547,0.020866881764242,0.03302996366065098,0.01742254768188786
2025-11-19,0.009837607836179868,0.014159371183837305,0.02869442520015284,0.012536812617087752,0.011466638974528742,0.023962819018296482,0.019090827681460507,0.020426501283506836,0.03310320371874477,0.017346291511852765
2025-11-20,0.00926066177674615,0.014302535490441394,0.029588894371818806,0.012876994695968376,0.01096295609134184,0.024242085492174267,0.019051275671819926,0.020839599166109734,0.033317640689308745,0.017671553503903176
2025-11-21,0.010052057957902247,0.014412624108633986,0.029565822659881016,0.012882132761460451,0.010738133465272585,0.024309637705817372,0.019304152608818164,0.021712330079743748,0.0327269372952829,0.019140921037021228
2025-11-24,0.010275689360994055,0.01435084404177382,0.029492573075697793,0.012101731419576824,0.010903207098607502,0.0247823414091952,0.020900676753542947,0.023464354052047363,0.03565405598401544,0.018977797057814803
2025-11-25,0.009192909080961213,0.013872762068694823,0.02922039711067391,0.012364790639372729,0.011233466887094874,0.02486096277767137,0.022439154785343755,0.022745050678148675,0.034242254566812916,0.01970077664118693
2025-11-26,0.00919212553841389,0.01370283705037863,0.027012482202320973,0.012788685669740998,0.011103019724349274,0.0247286385249489,0.02239712711408253,0.02289916588686244,0.03421659518839515,0.01987915039780257
2025-11-28,0.009215229207132785,0.01426444452488229,0.02593734195601268,0.013326889283251025,0.010989943232297981,0.02505567559070796,0.02319097831719097,0.022565271565057044,0.034296849509337736,0.018707008799217956
2025-12-01,0.009630919210034145,0.013156000181430684,0.026263499763838398,0.013409075212604381,0.0104662253426735,0.0239867218633212,0.018387691636330125,0.022731008671235384,0.03277163883595435,0.018120042298607614
2025-12-02,0.009715907204062882,0.013054076793493135,0.02643769676405851,0.013366073408882382,0.010758337265413625,0.020559423216160666,0.017562474495513188,0.022695648600985035,0.031606503575166714,0.018125895613723058
2025-12-03,0.009816821219399866,0.013965626055134751,0.025735149303624468,0.013656229246037304,0.011493941547158411,0.01829137183986039,0.017364725555802003,0.022731498804965503,0.03240285771481799,0.02029547335407278
2025-12-04,0.01033249287469314,0.014133483384198875,0.025199220848751938,0.013911216785607933,0.011610396440432352,0.018142539639814263,0.01838954715105089,0.02203679066613627,0.030484719549127806,0.02062999570209033
2025-12-05,0.01050482815873954,0.014003208575418195,0.025003008501405636,0.013852512739813985,0.011639697998001144,0.01811107119790324,0.018536921772590725,0.021687070772835163,0.029202728400833176,0.020594697160073422
2025-12-08,0.010537696061917012,0.013926678606714631,0.02410376795440652,0.013804111533856822,0.011646237137665173,0.01729153881970301,0.017502582252572542,0.022556976644167236,0.02913672922092198,0.020444189708256313
2025-12-09,0.01048140890437592,0.013937592897988066,0.024108517204516473,0.01668558786850591,0.011280108079740388,0.0172650770744876,0.017954431607820683,0.021832754981401248,0.028004454754448415,0.020370309673714383
2025-12-10,0.010502016019934498,0.014463674975293387,0.020255018505545428,0.01809218096322532,0.011371449661393689,0.017299502506084703,0.017895550460908898,0.020443863754163644,0.027057905398386196,0.02050805664084744
2025-12-11,0.009505227730301156,0.014636208302172157,0.01955366376300871,0.018808914132591795,0.01102473072972456,0.017254252702640898,0.017787808435807937,0.021395348877756334,0.027001143906597535,0.020851295367309886
2025-12-12,0.009370258214099154,0.014637864457906354,0.02055246623487038,0.018529224757369706,0.010640948903788456,0.01716831393217946,0.016688451371941106,0.021175560641174627,0.027093161428117296,0.019691467497295157
2025-12-15,0.00998497579442445,0.01440572276154505,0.019369463425569527,0.016754031921784065,0.010777470906529082,0.01655324735256787,0.01670025485501453,0.019946111987504588,0.022401189274622868,0.01915938296100221
2025-12-16,0.009977899009081496,0.013993208482469774,0.018978512144271927,0.016470111728222447,0.011800182082276296,0.016431626490747305,0.016874512344519494,0.019879020720619558,0.022909665461591292,0.018239175011473548
2025-12-17,0.009349270240568286,0.013995484145930588,0.020260832687236198,0.016236880176307103,0.01270325096585525,0.01640568762201353,0.016847152645067656,0.020509816180782816,0.025992194409213205,0.018316544362455233
2025-12-18,0.009347814893539893,0.013423010855510622,0.020037157066933584,0.01630533007731053,0.012513252774371158,0.014206555821738825,0.017147634232225404,0.02083814366765967,0.025979197661375287,0.01773788427078294
2025-12-19,0.009373941274685244,0.013134579437104436,0.020936441899940164,0.01632344384082414,0.012147009317901894,0.014211230250346965,0.01697210529897255,0.02013848024293841,0.02614066637956293,0.017351825790674555
2025-12-22,0.009442750101730285,0.012620931807833097,0.01998678311735592,0.016094674243688604,0.012439438072751899,0.012889423410484827,0.016893812690672878,0.01994420207638568,0.025235532024977643,0.017446599694860714
2025-12-23,0.008496666493293942,0.01222489594388712,0.020776485695862216,0.016079602065770717,0.012638415166201157,0.012883774749346875,0.01687927789062877,0.01879201059351331,0.02508582981649473,0.01653827898109771
2025-12-24,0.007770976234738814,0.012213549492700813,0.020408716777087166,0.016085145881777126,0.01242764876930674,0.011796887275024858,0.015814122563967845,0.014817258931050282,0.021662580498095014,0.016590513120071402
2025-12-26,0.007714828540589797,0.012168025890155679,0.01945165776669777,0.01596253827521238,0.01202450989778842,0.011377653315638784,0.014022416669180434,0.01436935667758589,0.022529149865652544,0.016116164219260577
2025-12-29,0.007703054416444725,0.011560868535370864,0.019581351727482696,0.016146718258630986,0.012220402302886483,0.011374293618143641,0.014098289149144133,0.014209385751907845,0.02392435162377003,0.016104833165622577
2025-12-30,0.007613386590062294,0.011164016802717619,0.019076322179068225,0.015796458764981133,0.01210123115001661,0.01070084400477142,0.013474835625353359,0.014210650756380347,0.02411347831991202,0.016238609899823234
2025-12-31,0.006682742106542814,0.011049973133300419,0.01889353069093705,0.015470318810300681,0.012167772361772793,0.010790767684680328,0.013384392157046765,0.01375689973601737,0.02427623870688816,0.015621776513676317
2026-01-02,0.00600773140435584,0.011912850784016014,0.018985526208900337,0.015504445771510044,0.01240041690423603,0.011472706051112102,0.013692588257091819,0.013828720404530079,0.025045775797814994,0.01607898757831481
2026-01-05,0.006432144884784076,0.010606652442993074,0.018828178417623628,0.01614928196044133,0.012481448074753362,0.01309020117104887,0.01366647785952425,0.013593507303621074,0.02439025949402555,0.013107138539092594
2026-01-06,0.007007328264162907,0.010847575075927228,0.01837884476818622,0.016027092530171084,0.014901478978039843,0.014507017931861762,0.01151206100033597,0.013608678080214287,0.025770008661639806,0.012997414285759488
2026-01-07,0.007033574909964473,0.011040093713405613,0.0184186953153576,0.01697432646449243,0.015668173844543484,0.01450650036627365,0.01140516611131532,0.014412088908713153,0.0257597097990068,0.013818540993710814
2026-01-08,0.0070433781777255785,0.010648408896334454,0.01874649854754785,0.017024187637117768,0.01743655920653619,0.014585461441565965,0.0112674920170596,0.013546017839502192,0.024815782496918612,0.01349634896005466
2026-01-09,0.0071140406740657575,0.010655136914802743,0.018735145640124618,0.013544809842384976,0.017209506568463134,0.014585240430500385,0.01113126452201215,0.01351248425916019,0.025097503321719773,0.013717274827367107
2026-01-12,0.006983141625818348,0.008811677912373026,0.018677225250509952,0.012658318511080163,0.017165858514506867,0.014363072377638151,0.011525716065452852,0.013516733997326238,0.024978090937249595,0.013723736590670159
2026-01-13,0.007119049284959546,0.00895410898298722,0.018333961216932225,0.015172264482288185,0.017614290017727966,0.014806669828282253,0.012017748662173816,0.012268032044795275,0.0248916614867321,0.013369712193117573
2026-01-14,0.007066046776465113,0.01010541197575801,0.01697803258409766,0.015260963888299403,0.018354337406555715,0.015349674017672768,0.012840476394675846,0.01190906093663419,0.024408280978504435,0.012925291495050697
2026-01-15,0.0065842368569416785,0.010060044820891182,0.017449732024005883,0.015257153430477441,0.018329250191399554,0.014776266280618301,0.012935870279472047,0.012147749749372858,0.022886779320317813,0.013219843481171773
2026-01-16,0.006692064630941329,0.010185731885759717,0.017474072806266068,0.015174064654053191,0.016907380418766667,0.014759174546849593,0.012358395201192085,0.012277102195277945,0.02152865675916572,0.013485237804597355
2026-01-20,0.009560627779658862,0.010411124736578849,0.018201819236056502,0.016650909033892554,0.016420296422173793,0.016842669367064595,0.013268404482041883,0.0111585165270153,0.02109447107869303,0.014234259874011534
2026-01-21,0.009655428953556535,0.010457667224258872,0.018815237130425672,0.01661813035064535,0.01665180992363903,0.016037512509619465,0.012558216769420668,0.01119037604197858,0.02063571095070177,0.015062479396120333
2026-01-22,0.009537789854178384,0.011196495817438236,0.016977098702582565,0.016347954905421326,0.01667006180414568,0.01625081710104052,0.017893584419135734,0.010898098374141418,0.022961374431229344,0.01542636095716836
2026-01-23,0.009484704431775366,0.013662219500145303,0.016993024560604218,0.016098366401522835,0.016633803573763106,0.01675883697588601,0.018289190936496,0.01110847385808105,0.02256741824950722,0.01523087432546919
2026-01-26,0.011844848208224339,0.013823240432994467,0.015734552147909964,0.01619642795553919,0.016675670631272663,0.01648275493600081,0.018808923297917127,0.011192240262699982,0.023341603093612943,0.015661837436678577
2026-01-27,0.01211578546486316,0.014715865135511461,0.0159234148416145,0.015904997286117394,0.016691107133879113,0.017337128572234715,0.018793267311412513,0.011163380597628001,0.023335163747753584,0.020565521593422054
2026-01-28,0.01214790369252549,0.014729625998720332,0.016150106991173557,0.01595341908072343,0.016605891084298958,0.01745281880068497,0.01879180345279149,0.011110478766429021,0.023099768836779888,0.022099780406338077
2026-01-29,0.012318223114831517,0.017353750702877962,0.015923879810199566,0.016540003928783024,0.01686427590911627,0.017506679725207364,0.023379609566042948,0.01110893171273727,0.023219334620865215,0.022039986808549895
2026-01-30,0.012424053555230383,0.01736707980344583,0.01599550082792648,0.016537752641268954,0.016847172759734224,0.01770284400086686,0.024437255858286617,0.011134940118367978,0.02453910814061457,0.022404059327279787
2026-02-02,0.015445953665295198,0.017578150198039703,0.017264237602194595,0.016670204357157176,0.01779539066044407,0.017829518775967147,0.024581676861752486,0.01139328184675469,0.024786215623879348,0.022383348959958277
2026-02-03,0.01543745105117983,0.01800357081005342,0.01807455595170735,0.01726019469390302,0.018885393605477266,0.017778478845434938,0.02482746856195711,0.011902534949714971,0.02421467062592441,0.02201922085259861
2026-02-04,0.016090770601723682,0.018147381306335898,0.019419174731465125,0.016243495214525863,0.01908748789928717,0.01761507354168515,0.025785772184275604,0.012946953723674989,0.02429305478138625,0.022533768382483457
2026-02-05,0.015450554635600224,0.01969439789958498,0.019533681263321726,0.016708189317544767,0.016963589837258923,0.0185096448186825,0.025779848066289125,0.012893954723557,0.023109051844041294,0.02250972416696275
2026-02-06,0.015314019295943624,0.02012637413064827,0.026081008671019614,0.018459837294459488,0.0156181994490689,0.02178686258149051,0.02563285560784385,0.013298387225588362,0.024590459039417503,0.023389564042935025
2026-02-09,0.015562243502989168,0.021552528806904742,0.02619553765333001,0.018339142884545617,0.014502819262585821,0.020957517146859752,0.026154061994495218,0.013120290892324322,0.02473590762945761,0.023048356119125292
2026-02-10,0.01561941874846429,0.021519196384998995,0.02626910931198997,0.01849043552408221,0.014559876915965142,0.02076722997573953,0.026137297060624613,0.01346340873813524,0.024638893033484544,0.023056815335689543
2026-02-11,0.015643558675310837,0.021879025627695874,0.02631339455939315,0.018920265174831023,0.014615712292508408,0.020769922058504618,0.025864444693683573,0.01406413421432646,0.02460434077492368,0.023573118885013285
2026-02-12,0.018645016270790127,0.021782069947524803,0.026581689346023903,0.0174557654729232,0.016952964144110908,0.020920779549758028,0.026370992912779712,0.01362445147879422,0.02516802999430602,0.023644890178438436
2026-02-13,0.0193222664981258,0.021292224639230202,0.026854160640293487,0.017346908623112837,0.016745560126413983,0.020638316803746,0.02600679982789354,0.013673416861814962,0.024952221781990785,0.024565861679923983
2026-02-17,0.02043630716540527,0.021358192469771085,0.02656013958039713,0.017657780190448273,0.017126268599171428,0.02086161693362718,0.02593709384595567,0.013740890150163672,0.025136990486412842,0.024660114152626127
2026-02-18,0.02025457906384774,0.021355735267401033,0.026787930639471547,0.017540777330778856,0.01790947494806467,0.02147808150259235,0.025973263378523126,0.013846239140013702,0.025158744468546268,0.02406990681164499
2026-02-19,0.018801579699414372,0.021275548611979878,0.024709483219582228,0.016048028239896404,0.017938093101715027,0.020603073572859936,0.025256608043735883,0.01302644466019678,0.02346297184958057,0.023615962567974068
2026-02-20,0.018990197113690137,0.020758564909513194,0.024031143881933947,0.016123595325243965,0.018805290772408154,0.021650606405892926,0.025318102471066393,0.015243750677431696,0.022473728195267356,0.022799865105255574
2026-02-23,0.018996930541891815,0.02138859705927435,0.024042993420829505,0.01874747332463562,0.01918781047265985,0.0216256917952577,0.022953272615226537,0.015237221776808125,0.020942692155551546,0.022971954408381217
2026-02-24,0.01937406766056627,0.02006615446781759,0.023876172992731544,0.01825194718041485,0.019477645140299416,0.021371152525219806,0.022563052818232007,0.015193047091637105,0.021875282346007486,0.02361685123212705
2026-02-25,0.018566715215378792,0.02123373919507588,0.02396083730510986,0.018622725102491362,0.019483694998230487,0.021662321894297017,0.02266131218578615,0.014737595716892246,0.021550637001383415,0.025199914342936856
2026-02-26,0.0185745302191346,0.020472037926411713,0.027019129524524902,0.01871001699060122,0.01944084074909505,0.020434159333508676,0.022714919547524002,0.01498900703896275,0.0219025856547943,0.021866806431267663
2026-02-27,0.020050258027947403,0.020746889155042768,0.028187686049913258,0.019218004550489748,0.02003047141803967,0.020797059728188988,0.02282560905478432,0.015409532868137212,0.022047463285409314,0.02067640149535752
2026-03-02,0.020013306860852627,0.019449911040042105,0.02905289745405739,0.018820367617753773,0.019753959571363278,0.020794034812898,0.01697497160775588,0.015487765284353541,0.02082158189645313,0.02066853645230739
2026-03-03,0.02003188373822623,0.019768541986407418,0.029134077310261214,0.01895653103611199,0.02024092030108107,0.020865889533441734,0.016116338963172838,0.01549598356260449,0.019991872775647984,0.020719132953095663
2026-03-04,0.01799415016867001,0.019547735236645578,0.028765322928230568,0.018866498369107178,0.01980950923039234,0.02257856105031735,0.01671956402533847,0.014704331296134365,0.021293332758670513,0.02077632162901662
2026-03-05,0.018069793436732446,0.018738371851347867,0.028034080466940083,0.018506516618979972,0.01826224960325034,0.022616171625020134,0.016300765119586964,0.014651868059808486,0.02128852522331565,0.02090485660287635
2026-03-06,0.017080780912187808,0.018697304660393436,0.027786288230861832,0.01846646892166478,0.017424486802060834,0.022738776634581875,0.015517637024636929,0.01430687556828052,0.020139766757490272,0.01984772127652122
2026-03-09,0.01729234188983639,0.01596087969248996,0.028129998861738715,0.01801592237541537,0.01728592021178145,0.02072247034076194,0.01554842510969433,0.015903721665545913,0.019597047106959753,0.018713580905418793
2026-03-10,0.017187333152535563,0.015644188069286587,0.022795696050586196,0.015246229119611349,0.017135166911415853,0.016439949080706836,0.015522381325748543,0.0151225207061022,0.01797159716738411,0.017890830000295302
2026-03-11,0.01706736456976467,0.014063403347507988,0.022147753496233238,0.015216699509018558,0.017594620492038263,0.016446068285734295,0.01452279994130477,0.01514371592214867,0.018306471436199897,0.017957404704755976
2026-03-12,0.01748769802558362,0.014136392681226186,0.022331919929913537,0.015337614502696743,0.017796896784762383,0.01668163714533324,0.015373386516755405,0.015092283361356169,0.018890582543615617,0.019077910385323155
2026-03-13,0.017838174842479737,0.013758882159429643,0.022439394684186483,0.014835997171293453,0.017261193867838302,0.016494607391507172,0.017340010167531755,0.014245589742454922,0.018771979936983627,0.01895325117414051
2026-03-16,0.015630682594113945,0.013941766514462769,0.02256042015691869,0.014206955152556138,0.015800785340065487,0.016084037240956865,0.01734515521723382,0.014433092707563282,0.018337322603771144,0.01865884020113846
2026-03-17,0.01490612797990609,0.013942009947618171,0.022077517156538027,0.014244066544432483,0.015629745334141795,0.016258111738023592,0.017111544329853148,0.01473997535577585,0.018507726100122576,0.017439673533601974
2026-03-18,0.013459157267587651,0.014367859767176066,0.021969404919865442,0.013735333124452772,0.015261254846099102,0.017306152229611987,0.017249695193636852,0.014668129639377987,0.018505405882996036,0.017342995668964818
2026-03-19,0.013424211238020112,0.014332358840047668,0.02168146240850934,0.013630724735139405,0.013987034550933121,0.016977558778769098,0.017372093056060082,0.014658054076088351,0.019608746288460384,0.01758036944249603
2026-03-20,0.01316746560944951,0.014823467914248156,0.022696033471159983,0.013633219019180121,0.0140741362197042,0.017392436569888033,0.017806982654594728,0.01534268716746895,0.020577907514874375,0.017860778859548346
2026-03-23,0.01308848462114524,0.01486039132559869,0.022951635088794477,0.0137705764754207,0.012643104933396349,0.017229502788732,0.0178441727261408,0.012447326666726877,0.022320859742899914,0.018380683978517505
2026-03-24,0.012966332630837336,0.014327612266488182,0.02276792831618914,0.010588104058166672,0.01285703636878894,0.01670742218899712,0.01728471701148705,0.014774550583018298,0.021595467395407582,0.017759126592884113
2026-03-25,0.011776501766616461,0.014015370289200002,0.023249001902513385,0.010861571903350936,0.013034030604189985,0.016998478117948895,0.017286744437582362,0.014812172556509684,0.02091666348863747,0.016546989898407916
2026-03-26,0.011549044139416726,0.012189406450011027,0.024353890481628983,0.010132414296240014,0.013107257951858669,0.017430525302374506,0.0211791422861184,0.01617393082534461,0.02149947249759355,0.014302675607544637
2026-03-27,0.011864734805291412,0.012904995732735533,0.021877923417419582,0.01158613750314238,0.01430070722491395,0.019311279942560048,0.022137713158937426,0.01645451655896951,0.021792564143802796,0.01564680734342796
2026-03-30,0.010023188338759486,0.012534923061466238,0.020237719782587028,0.011116080955414139,0.013591579791127005,0.01925655184503116,0.023051040177095698,0.015850599950782536,0.021873840739598655,0.014789237732109743
2026-03-31,0.012174674320839596,0.014138261134395971,0.02282526209546426,0.013832558992841689,0.013968683208587275,0.020892112999513986,0.027834278067389254,0.019834584702175962,0.024539974448421827,0.016846590887777766
2026-04-01,0.012331389229127746,0.013604402895545738,0.022769859393193606,0.013703711892725555,0.017312688804651248,0.02102845763041121,0.02806030574571819,0.02130280903293076,0.024707992246412184,0.016789709804887133
2026-04-02,0.012321504696744218,0.013923212716415114,0.022544822634733484,0.013701834352701408,0.016926761266142645,0.019188625366767277,0.02751137376689052,0.021325496982193874,0.026021577880340097,0.016882572060113912
2026-04-06,0.012497025961663367,0.013364025611332238,0.022543287203846612,0.013108294949986879,0.017151383005248023,0.019348236830882607,0.02750410343627627,0.021526303813921045,0.02623021146328278,0.017133569418074666
2026-04-07,0.013099230375983524,0.013380105807068339,0.021544532453177757,0.012732237291705908,0.01715038821791715,0.018497584057507333,0.027254079555551324,0.02180099583909894,0.026119919675737506,0.01987616395306642
2026-04-08,0.013782802229695896,0.01350433745621484,0.021275845646827673,0.014670282479895222,0.020280454996492336,0.019954907860172663,0.030973875736423614,0.022600350766068467,0.02599813326087849,0.019937888990006272
2026-04-09,0.013827658839589104,0.013462291420105599,0.021236172992945668,0.014604536808265768,0.020006397100213336,0.023052289367600766,0.03145666031786076,0.022604364379947364,0.02611522087028062,0.019771819211583073
2026-04-10,0.013827659349128307,0.01346165045798926,0.02191640661700266,0.014543170781797931,0.019850408376305247,0.023131569806686406,0.03146176959405448,0.022620687610471698,0.025605733922344488,0.019798212943463643
2026-04-13,0.013148420085218092,0.015998290336618252,0.02160008699119668,0.013893543277793404,0.019659232938626467,0.02266289051651196,0.03098614767197637,0.022354957424291125,0.025228904318011208,0.01937113972668897
2026-04-14,0.01207297254100966,0.016532413894428333,0.022548474904434207,0.01418409204132621,0.019874333247061775,0.023334131439030802,0.030922545881663693,0.02339388144999238,0.02654556097916586,0.01909345227433694
2026-04-15,0.013345895615280483,0.018726546695015268,0.02244928656829503,0.014881673977928238,0.01977328559358195,0.023309964594848,0.030708373337140663,0.023420568867349868,0.03130668085368923,0.018995739019155664
2026-04-16,0.013662502500689526,0.01924406597624195,0.02236144082415915,0.015026650888261531,0.020180588294847136,0.023232593909254286,0.030600109176878058,0.02329357090174665,0.03126265393963493,0.01899825058632863
2026-04-17,0.013908061747235825,0.01861201124432123,0.02232716166407581,0.015038126736370944,0.02159665564038089,0.022062790136914187,0.030484030642054797,0.02322279741733002,0.03176038117290907,0.019365509224061002
2026-04-20,0.013865238720430061,0.01875028517587563,0.022059703909646265,0.015493125254823149,0.021696015522271867,0.022197806026037496,0.030963159247790056,0.023496381697495062,0.03124280697913436,0.019015006871177836
2026-04-21,0.015245978768760356,0.018207591144357757,0.02055171534747986,0.015825541968091796,0.021583173929228514,0.02147818232115227,0.030404089468461078,0.023265186790462675,0.030505139877076183,0.020334431373265134
2026-04-22,0.01587291165909724,0.018515445187521795,0.0204757068541403,0.015764339823375263,0.021544796664127744,0.02143630820489998,0.03030729907652024,0.023529545708870343,0.029608677860056186,0.019324607946897644
2026-04-23,0.015869363763844315,0.019873151982375714,0.020896616281957405,0.01582286547390161,0.020636162446338455,0.020920108241809558,0.030516604368602027,0.021267776641988943,0.03065888107914464,0.01938303440949199
2026-04-24,0.016108159316688332,0.020043151879814338,0.022171297584403803,0.016032672532055627,0.020596231701927124,0.02146086406877166,0.03075956371999653,0.021309037967170423,0.030649057974839706,0.01914596614054211
2026-04-27,0.016486883968879838,0.019568199907314184,0.02006465952810145,0.015747667582408025,0.020219854986754816,0.020908035666816094,0.025740677003143975,0.018949047807256467,0.029588097660181938,0.018803989343310294
2026-04-28,0.01599431337241533,0.01811194449554688,0.019609574692965513,0.013728169297621566,0.018918308735455865,0.017786616818416912,0.023516891933028423,0.017512861940562223,0.028911647165944084,0.016445075628116576
2026-04-29,0.01579092469285527,0.0186199812897516,0.0199203512809924,0.013971090358175961,0.02014583873587608,0.01775601629163452,0.023651029760884516,0.017382012116565673,0.028651380277629618,0.016443982434608668
2026-04-30,0.014781200045012731,0.02056861543691413,0.02123940614699574,0.012144346106707884,0.0201003771721981,0.016981646301239064,0.025924251892020654,0.017629895778692808,0.027377114055109616,0.016082526454788696
2026-05-01,0.016043336115162916,0.020664702771451455,0.02139772325288493,0.012204313741356698,0.01775991668368813,0.01698160281916248,0.025933625919181746,0.017009437739639036,0.02731468869646834,0.016478522151575237
2026-05-04,0.016421360438487808,0.020679569904710933,0.021415807161569485,0.012808279567594807,0.01785324121870271,0.016618322425737624,0.02579607036700424,0.017051576838553382,0.02400012940266599,0.016524561867734072
2026-05-05,0.017071095198832563,0.02075514959507193,0.02166492326937444,0.012766873941672795,0.01749477222912622,0.016678391654777837,0.025915317072692408,0.0170439528505132,0.023441440953172795,0.017696145875389143
2026-05-06,0.016103334407915417,0.020710795868736916,0.0243651223221381,0.013177132166644016,0.01932166667935794,0.016664527128611467,0.025995435275350618,0.0172451413448898,0.023208632340810356,0.015530272514858117
2026-05-07,0.015773583698128202,0.02086127622580821,0.024246352184194592,0.012608382610064901,0.017037054573104594,0.016756916953240712,0.02225318985666093,0.016179875098451466,0.02352552913266411,0.015239465709740774
2026-05-08,0.016122181678394663,0.021189173748128832,0.024342528323096916,0.012798716494410209,0.017173779526156167,0.013243647874289298,0.021699594065677966,0.01614376814994352,0.02445548591162039,0.01575569364584996
2026-05-11,0.01614600251919839,0.021189918209355032,0.02416124007137572,0.012859057179217445,0.018775967597189146,0.013662299789971738,0.022017440695955782,0.018153554672905456,0.025200636053012825,0.01523450809351544
2026-05-12,0.015966853897748597,0.020252169961252224,0.024148767055317166,0.013094792425212285,0.01883929569455667,0.01419006350298674,0.022007850328771214,0.018265746774271632,0.026524360824686042,0.01539223106825562
2026-05-13,0.01594829160932776,0.0198104668132755,0.023437739644384118,0.013369413432039545,0.018202447433173303,0.012403603168772639,0.020310439143532266,0.01852758642021891,0.026296087641492313,0.015324167207575842
2026-05-14,0.015227557410664361,0.01773947205890624,0.024730537574881896,0.012912269617238832,0.018260787720948628,0.0127554446197938,0.020021690536665283,0.01862825755757791,0.02197601015858681,0.015528422263118239
2026-05-15,0.014730531047309129,0.018335863004516135,0.02726937484277984,0.012562388664174282,0.01974948063369683,0.013164166294125007,0.01988505361000845,0.018889120765927622,0.02486614851124939,0.016357984329486975
2026-05-18,0.014346112481697535,0.018307552688220548,0.027474291193323667,0.01280558159386419,0.017774351837014094,0.013163023544150424,0.01931344325676661,0.018756752687987554,0.02514799128426854,0.016285285099140373
2026-05-19,0.014287043000593327,0.018424405454811513,0.0276021173951875,0.012091847474405374,0.017844793953667903,0.01393120099129235,0.018827194181908737,0.0194244391235308,0.024922675914221856,0.016333076050983778
2026-05-20,0.012587991422335415,0.018238647494498855,0.027441291953432416,0.012989326220080111,0.020288880644499387,0.01454829687650495,0.018909670437561834,0.018888692867862537,0.025459987108611255,0.01451605155183274
2026-05-21,0.011767679062342051,0.01760723757974427,0.027832919390686925,0.013031863453106468,0.020351457473317288,0.01410612763919726,0.018777555629066935,0.018633060529094858,0.025464144446803266,0.014073851595709402
2026-05-22,0.011823886654383864,0.01517241933276478,0.028016042116431192,0.013300123583197888,0.020343978060593827,0.014270842776053188,0.01832032489316851,0.018945637585098207,0.023961929491770586,0.01430429075041528
2026-05-26,0.011483209446035274,0.0144625915517773,0.02658773779938753,0.013097891834401862,0.021607558040264093,0.012240773064864896,0.017366187021456866,0.01891995395171768,0.02409100368461092,0.016183058604065576
2026-05-27,0.010629388928526497,0.014543776786353673,0.02523683257512076,0.013863259519370355,0.02177794315523765,0.013034258062117233,0.01940526430740653,0.018684364848872433,0.024165822046574914,0.016525111273449772
2026-05-28,0.010588742211212553,0.01631002240827634,0.025056797723998676,0.013933637510108858,0.021518719717460458,0.012981857691850236,0.01930579330645306,0.01865550981760134,0.023961022564864005,0.015117823809179977
2026-05-29,0.010566117470375455,0.018404207157838942,0.024923433394107603,0.014086196944717756,0.020659463838373127,0.013148551926872394,0.019312092488109417,0.01967020290932767,0.024189631038555284,0.015070335619408147
2026-06-01,0.011941107322435397,0.016117783892698523,0.025709291473786516,0.013779709885024187,0.0217154542205499,0.015284119617963764,0.01692118300954641,0.016070750181847174,0.02659932468727888,0.01507376831720697
2026-06-02,0.011600669272818633,0.01898814546594569,0.025738193378541985,0.014285701157749173,0.02162031901502699,0.015456199431458968,0.016915929340214485,0.018079569508542878,0.02643398083859771,0.01508419872799751
2026-06-03,0.01192330485305313,0.020434274387214957,0.027343362226988837,0.013934445615653669,0.02203127995390932,0.015804403695843537,0.01928437858414532,0.018097420665850485,0.02644762033936651,0.015072245734028385
2026-06-04,0.010939976951141597,0.020379610214285148,0.027351028064397293,0.01573455474162031,0.0219680153787452,0.016219140590683332,0.01919227837137303,0.01973676030153838,0.026562986726975955,0.01735973667274782
2026-06-05,0.011401996924990656,0.021255618118649077,0.028693543432696873,0.015266970500324585,0.02022537047342934,0.01714056233310749,0.022825941938365894,0.018835425342926045,0.03031498821030987,0.017336086283617044
2026-06-08,0.012384068788350914,0.021053545768038896,0.028681320012038092,0.013959150635431333,0.020066434194395057,0.017027963833647818,0.022877997634713404,0.018939628003387526,0.031122280822993634,0.017589249482212417
2026-06-09,0.014397234851815278,0.021303822251032195,0.028385749839903916,0.013583602001195804,0.020295736763346155,0.016863946481102187,0.022780725940545005,0.018831375570013572,0.030386478207995737,0.017002521646042396
2026-06-10,0.014421085197630695,0.02148560714729809,0.029024349114733942,0.013759487132452619,0.018995981980123207,0.01736073656123909,0.023013011091704772,0.01830108958907887,0.02972568427656565,0.017302735856815202
2026-06-11,0.014659206911734453,0.021656275505613966,0.029509957593082954,0.013651580819135593,0.01987094818581585,0.017856566969480167,0.022920287393372044,0.01838392101463091,0.031469518793783215,0.01611697736818845
2026-06-12,0.014684532516255974,0.02165171642379182,0.02893005764510516,0.013861506860135922,0.01982294532254299,0.017280795792362368,0.022185721802290594,0.015794781001345293,0.031093740660832668,0.015988416563649657
2026-06-15,0.015269496706318967,0.02217735179612298,0.028307749519822286,0.013922851372254708,0.021623623167297396,0.018995527840102774,0.02476503617083842,0.017261444176271554,0.03128643381328461,0.016108257986618822
2026-06-16,0.01534345716830355,0.021114840010697817,0.027152829793510896,0.015465109148099237,0.019391762012705413,0.01892950647364783,0.02490042583501146,0.017461250887906635,0.029702466288499374,0.015917989388433737
2026-06-17,0.015435938888851614,0.022349557703214833,0.02715269905394799,0.015434713820711344,0.018774452035510737,0.02008799620376015,0.02763115303690225,0.018130180403808642,0.02935745931244954,0.016524851758027276
2026-06-18,0.015492863771028783,0.022305369897243035,0.028065561135353273,0.016098455686755962,0.018510200089455354,0.021027404731760464,0.02785916044407202,0.017860963490700366,0.029313268720864802,0.016475790817347846
2026-06-22,0.015295010922456567,0.02283432157803382,0.027893868149431005,0.01600397409966362,0.0172177808000858,0.02248076152600801,0.02820383318772185,0.020396639443834724,0.028504342739465293,0.01622295861647941
2026-06-23,0.015223781597082143,0.02345445840324724,0.02901176162423589,0.01602033393018053,0.01751714251658182,0.02222607506358975,0.028156785681877572,0.02042483976256236,0.03118616107414446,0.016196473216017068
2026-06-24,0.014877983589241441,0.023711198318893078,0.028813391815534026,0.016013430729939705,0.017822260446882704,0.022277852049021798,0.02810523825882833,0.020369840707613683,0.030797628353028912,0.016136240694219216
2026-06-25,0.017383745554196663,0.024490198309932203,0.028945155677368904,0.016001043315530677,0.01677963308515184,0.02294411306990223,0.028468303067635026,0.019845118287170244,0.030346623770516595,0.014960772079690229
2026-06-26,0.01885654975597653,0.026774981212584315,0.029037993086937972,0.015481019580626247,0.01667899996229019,0.0229640518465666,0.027157544998580557,0.019992756572991197,0.0302322154593038,0.01561682925903025
2026-06-29,0.018764211740739233,0.02515639192497568,0.029160924699602186,0.015215284625601724,0.016668634739935066,0.024291603072445378,0.027857710142941725,0.023112633352152304,0.03582478619846979,0.01639063531810354
2026-06-30,0.019924991009041024,0.023004177139652447,0.029788127001978727,0.0153824218989878,0.01666267399415231,0.024254266778968886,0.02789825451501675,0.02281415208790746,0.03611376529560564,0.016548242971867383
2026-07-01,0.020025552350921332,0.02355242502225823,0.02607124226207035,0.01544420563717842,0.015090961260788108,0.02366213105820094,0.02976026664181432,0.022924987093027337,0.03468196325897455,0.017144416566183512
2026-07-02,0.0212143821094663,0.022872383308483613,0.026129756277601963,0.015331301333301408,0.015212860354478585,0.023473817072549735,0.03171859946322286,0.02126437960787241,0.038423527048269186,0.017078527137182144
2026-07-06,0.0210936524954745,0.022124946239724264,0.025242722270371328,0.015403471378404988,0.014201613007039579,0.02293366524371947,0.03098585616728487,0.02153872391659262,0.04121775980546375,0.017739749581327593
2026-07-07,0.021149413379089436,0.022200219854388976,0.02480934854183004,0.01409564106195109,0.01703524726157917,0.02272717268916616,0.031512279663010595,0.019999016045772058,0.04209571483559977,0.015706268707223907
2026-07-08,0.020996780714632974,0.021748266847443864,0.022380798613200602,0.015543926369404038,0.01686024420261748,0.02179565164993918,0.02927130672007264,0.020116136019975462,0.039620043138029505,0.015830374868479647
2026-07-09,0.020502924157872086,0.021737676777352066,0.02205786451747608,0.015657197622362718,0.01723434312919089,0.02200736859457781,0.030761013313214614,0.01997878264097179,0.038958424032080385,0.015692133578313113
2026-07-10,0.01841092403627605,0.021435688059193426,0.02379140009008591,0.015655275157357804,0.017209577111457933,0.02204314353215907,0.03301416802081171,0.01998730844453459,0.038341570975967715,0.01597242722871152
2026-07-13,0.018412956298093437,0.021591102802549045,0.023618318914422377,0.015428195786823095,0.01939335881758477,0.021276333955774863,0.032821136767142815,0.01961506601379358,0.03803190271887848,0.015693804490571915
2026-07-14,0.01848151705390655,0.02151275484608419,0.024717587138772274,0.015943708491223042,0.018551044728676972,0.021073049284826447,0.032736942621736265,0.0200832149572209,0.03672153653939491,0.01582798174281911
2026-07-15,0.01949348209724917,0.022410517393343658,0.024720417052078867,0.01548226382986501,0.018550156152790067,0.021715640362300483,0.033072416270498964,0.021170106474378933,0.03648408698290061,0.0162764334389744
2026-07-16,0.01947666330380226,0.02203037318771454,0.024118393151353702,0.015727545543280808,0.0160404655758888,0.02131109121080239,0.03256238295539399,0.02269827027348385,0.036391232344034914,0.01626697644691105
2026-07-17,0.019489336792990735,0.022152680873945018,0.024043666009832872,0.013966362710468859,0.016099445149699246,0.02145715389190316,0.033284386553627504,0.022920184982247634,0.03665978891938462,0.016144463661459964
2026-07-20,0.020078281107479484,0.020841281166969712,0.023884783805680196,0.01401917911106012,0.01597382957166632,0.019963759656424662,0.030494609561740365,0.022655902484767308,0.03694283145778304,0.015618823356265058
2026-07-21,0.02007884056268267,0.021049388150506228,0.023382428940607013,0.013180174509402709,0.015575469825235774,0.019191978828040468,0.030425965565132884,0.022604822552658044,0.037351269862048946,0.017107387659484434
2026-07-22,0.020134112228485008,0.020150344401634178,0.023830408707102613,0.012734829180166255,0.015844847373277834,0.01582489906248597,0.03055685841013724,0.020286025954549772,0.037274716515565146,0.017267910356791635
