date,AAPL,MSFT,NVDA,JPM,XOM,AMZN,META,GOOGL,TSLA,UNH
2021-01-04,125.74087524414062,207.9561004638672,13.060794830322266,109.00051879882812,33.466636657714844,159.3314971923828,266.598876953125,85.54792785644531,243.2566680908203,317.84674072265625
2021-01-05,127.29544067382812,208.15672302246094,13.350873947143555,109.5936508178711,35.0794792175293,160.92550659179688,268.6111145019531,86.2378158569336,245.0366668701172,313.5724182128906
2021-01-06,123.01051330566406,202.75938415527344,12.563801765441895,114.73970794677734,35.97461700439453,156.91900634765625,261.0178527832031,85.38685607910156,251.9933319091797,326.7319641113281
2021-01-07,127.20802307128906,208.52928161621094,13.290369987487793,118.5076675415039,36.256866455078125,158.10800170898438,266.40057373046875,87.9372329711914,272.0133361816406,331.9702453613281
2021-01-08,128.30601501464844,209.7998046875,13.223389625549316,118.63848876953125,36.66006851196289,159.13499450683594,265.2408142089844,89.10142517089844,293.3399963378906,330.4788513183594
2021-01-11,125.32303619384766,207.7650604248047,13.566752433776855,120.40910339355469,37.77294921875,155.7104949951172,254.60418701171875,87.04267883300781,270.39666748046875,328.077880859375
2021-01-12,125.14813995361328,205.31954956054688,13.43055248260498,122.30177307128906,38.611629486083984,156.04150390625,248.90420532226562,86.10796356201172,283.14666748046875,325.0040283203125
2021-01-13,127.17888641357422,206.66647338867188,13.477364540100098,122.41514587402344,39.04709243774414,158.29449462890625,249.44943237304688,86.59465026855469,284.8033447265625,322.8850402832031
2021-01-14,125.25502014160156,203.49496459960938,13.147194862365723,123.13036346435547,40.57124328613281,156.37350463867188,243.50167846679688,85.78532409667969,281.6666564941406,318.7834777832031
2021-01-15,123.53521728515625,203.1414794921875,12.807815551757812,120.92369842529297,38.61969757080078,155.21249389648438,249.171875,85.62176513671875,275.38665771484375,319.4837646484375
2021-01-19,124.20565032958984,206.7620391845703,12.972901344299316,120.40035247802734,39.385799407958984,156.03799438476562,258.8271179199219,88.43929290771484,281.51666259765625,320.293212890625
2021-01-20,128.2865753173828,214.30877685546875,13.312032699584961,118.59487915039062,39.94222640991211,163.16900634765625,265.1515808105469,93.17727661132812,283.48333740234375,319.0653991699219
2021-01-21,132.98934936523438,214.9105682373047,13.811766624450684,117.60054779052734,38.79710388183594,165.34950256347656,270.49462890625,93.37947082519531,281.663330078125,322.8487243652344
2021-01-22,135.1269989013672,215.84677124023438,13.657387733459473,116.69344329833984,38.24873733520508,164.6114959716797,272.1104431152344,93.79629516601562,282.21331787109375,316.0733642578125
2021-01-25,138.86781311035156,219.26669311523438,13.598377227783203,115.2368392944336,37.821327209472656,164.6999969482422,275.5899353027344,93.88153839111328,293.6000061035156,316.30987548828125
2021-01-26,139.10098266601562,221.94151306152344,13.381254196166992,114.76586151123047,36.99070739746094,166.30650329589844,279.5946960449219,94.55902099609375,294.36334228515625,312.0355529785156
2021-01-27,138.03216552734375,222.4860382080078,12.865832328796387,111.521240234375,36.57136917114258,161.62899780273438,269.77099609375,90.14763641357422,288.0533447265625,302.83209228515625
2021-01-28,133.20306396484375,228.2463836669922,12.99854564666748,113.48371124267578,37.1439323425293,161.88099670410156,262.6931457519531,91.84558868408203,278.4766540527344,307.5247802734375
2021-01-29,128.21853637695312,221.58804321289062,12.937541961669922,112.22770690917969,36.160091400146484,160.30999755859375,256.0812072753906,90.56494140625,264.510009765625,303.36859130859375
2021-02-01,130.33676147460938,228.93417358398438,13.183798789978027,113.05630493164062,36.224609375,167.1439971923828,259.7291259765625,93.82156372070312,279.9366760253906,303.7506408691406
2021-02-02,131.16262817382812,228.80043029785156,13.502264976501465,116.53645324707031,36.797176361083984,169.0,264.75506591796875,95.11261749267578,290.92999267578125,308.0431213378906
2021-02-03,130.14242553710938,232.13438415527344,13.47612190246582,117.87095642089844,38.24066925048828,165.62649536132812,264.3287353515625,102.0391845703125,284.89666748046875,307.28826904296875
2021-02-04,133.49461364746094,231.1886749267578,13.609333992004395,120.58349609375,38.97451400756836,166.5500030517578,264.1701354980469,101.77901458740234,283.3299865722656,299.4944152832031
2021-02-05,133.0810089111328,231.37017822265625,13.536373138427734,120.34800720214844,40.28092956542969,167.6074981689453,265.7662048339844,103.5235366821289,284.07666015625,295.1201171875
2021-02-08,133.22698974609375,231.6280975341797,14.380719184875488,122.23202514648438,42.014739990234375,166.14700317382812,264.2593994140625,103.30992889404297,287.8066711425781,294.9654541015625
2021-02-09,132.35118103027344,232.86997985839844,14.205924987792969,121.74356079101562,41.522674560546875,165.25,267.1044616699219,102.85743713378906,283.1533203125,299.7763366699219
2021-02-10,131.74786376953125,231.96246337890625,14.704912185668945,121.81333923339844,41.924530029296875,164.32899475097656,269.5033264160156,103.40706634521484,268.2733459472656,303.2049255371094
2021-02-11,131.49484252929688,233.55780029296875,15.189455032348633,121.4731674194336,40.87477111816406,163.10650634765625,268.0362548828125,103.51956939697266,270.5533447265625,302.9048156738281
2021-02-12,131.72842407226562,234.035400390625,14.901119232177734,123.20015716552734,41.43245315551758,163.885498046875,268.145263671875,103.83080291748047,272.0400085449219,298.5121765136719
2021-02-16,129.60702514648438,232.80311584472656,15.268636703491211,126.16568756103516,42.679039001464844,163.44749450683594,271.58502197265625,104.60741424560547,265.40667724609375,295.2200927734375
2021-02-17,127.32025909423828,233.81802368164062,14.846090316772461,126.55816650390625,43.34333038330078,165.4320068359375,271.1885681152344,104.99993896484375,266.04998779296875,297.25732421875
2021-02-18,126.22068786621094,233.42543029785156,14.769400596618652,126.98555755615234,42.66263198852539,166.4114990234375,267.0449523925781,104.36506652832031,262.4599914550781,298.6668395996094
2021-02-19,126.3763656616211,230.725341796875,14.866510391235352,129.1050567626953,42.949668884277344,162.4949951171875,259.2831115722656,103.52253723144531,260.4333190917969,295.18365478515625
2021-02-22,122.6104736328125,224.53997802734375,14.298051834106445,130.3174285888672,44.53250503540039,159.03700256347656,258.06378173828125,101.81021881103516,238.1666717529297,297.966552734375
2021-02-23,122.47423553466797,223.3527069091797,14.085162162780762,131.3640899658203,45.14760208129883,159.72500610351562,263.54559326171875,102.10064697265625,232.94667053222656,299.6672668457031
2021-02-24,121.97795867919922,224.57827758789062,14.440730094909668,133.67547607421875,46.50080108642578,157.97650146484375,262.0091552734375,103.27474212646484,247.33999633789062,302.12261962890625
2021-02-25,117.73524475097656,219.25465393066406,13.25401782989502,131.86123657226562,45.72987365722656,152.85800170898438,252.47288513183594,99.91156768798828,227.4066619873047,299.08526611328125
2021-02-26,117.99800109863281,222.50057983398438,13.659382820129395,128.36367797851562,44.58991622924805,154.64649963378906,255.3773956298828,100.20693969726562,225.1666717529297,302.1317443847656
2021-03-01,124.35232543945312,226.86669921875,13.786117553710938,131.2681121826172,46.2547607421875,157.3070068359375,262.60394287109375,102.5734634399414,239.47666931152344,304.34161376953125
2021-03-02,121.75416564941406,223.9271697998047,13.35236930847168,130.8407440185547,45.98411560058594,154.72650146484375,256.745361328125,102.31673431396484,228.81333923339844,304.3325500488281
2021-03-03,118.77648162841797,217.88546752929688,12.753288269042969,133.37014770507812,46.35316848754883,150.25,253.18663024902344,99.68656921386719,217.73333740234375,302.7228698730469
2021-03-04,116.89836120605469,217.0907440185547,12.32053279876709,131.3204345703125,48.14923095703125,148.8784942626953,255.39723205566406,100.80266571044922,207.14666748046875,303.5777587890625
2021-03-05,118.15367889404297,221.75372314453125,12.411415100097656,131.62576293945312,49.96990966796875,150.0229949951172,261.9793701171875,103.9319076538086,199.31666564941406,315.6641540527344
2021-03-08,113.22978973388672,217.72268676757812,11.54665470123291,133.37014770507812,49.92068862915039,147.59750366210938,253.0874786376953,99.4927749633789,187.6666717529297,318.4561462402344
2021-03-09,117.83258056640625,223.84100341796875,12.474234580993652,132.42816162109375,49.14978790283203,153.1425018310547,263.42669677734375,101.12133026123047,224.52667236328125,320.1021423339844
2021-03-10,116.7524185180664,222.53884887695312,12.4224271774292,135.30645751953125,50.6588020324707,152.8820037841797,262.59393310546875,100.91466522216797,222.68666076660156,317.9377136230469
2021-03-11,118.67916107177734,227.048583984375,12.9457426071167,134.6000213623047,50.28154373168945,155.67950439453125,271.4958190917969,104.10389709472656,233.1999969482422,321.1207275390625
2021-03-12,117.77415466308594,225.72726440429688,12.808751106262207,136.1961212158203,50.82282257080078,154.47450256347656,266.06353759765625,101.59910583496094,231.2433319091797,324.9265441894531
2021-03-15,120.65454864501953,224.82720947265625,13.142767906188965,135.5157928466797,49.527042388916016,154.08399963378906,271.366943359375,101.81915283203125,235.97999572753906,322.9734191894531
2021-03-16,122.19204711914062,227.60394287109375,13.242402076721191,133.8935089111328,48.47728729248047,154.59300231933594,276.8487854003906,103.27871704101562,225.6266632080078,323.6305847167969
2021-03-17,121.40382385253906,226.96243286132812,13.292217254638672,135.2716064453125,48.690513610839844,156.7864990234375,281.5376281738281,103.19593048095703,233.93666076660156,321.4219055175781
2021-03-18,117.28763580322266,220.9110870361328,12.675739288330078,137.50445556640625,46.59101104736328,151.39950561523438,276.194580078125,100.1786880493164,217.72000122070312,330.4299011230469
2021-03-19,116.76214599609375,220.55685424804688,12.79853630065918,135.31521606445312,46.32857131958008,153.7480010986328,287.5845642089844,100.45721435546875,218.2899932861328,333.65155029296875
2021-03-22,120.07068634033203,225.9570770263672,13.137785911560059,131.67807006835938,45.852901458740234,155.5435028076172,290.98468017578125,100.64208221435547,223.3333282470703,334.8197937011719
2021-03-23,119.24356842041016,227.4794921875,13.022710800170898,130.36106872558594,45.287017822265625,156.875,288.1000671386719,101.1694107055664,220.72000122070312,336.3165588378906
2021-03-24,116.85945892333984,225.44956970214844,12.59653091430664,131.37278747558594,46.20555114746094,154.35350036621094,279.6839599609375,100.73328399658203,210.08999633789062,338.23321533203125
2021-03-25,117.34600830078125,222.46224975585938,12.489180564880371,133.05616760253906,46.074344635009766,152.31300354003906,276.31353759765625,100.72980499267578,213.4633331298828,338.6803283691406
2021-03-26,117.94932556152344,226.42625427246094,12.79206371307373,135.2716064453125,47.32910919189453,152.60150146484375,280.5562438964844,100.34671020507812,206.23666381835938,343.5997314453125
2021-03-29,118.12449645996094,225.23895263671875,12.90066146850586,133.1695556640625,47.07488250732422,153.7864990234375,288.2883605957031,101.39044189453125,203.76333618164062,345.954345703125
2021-03-30,116.6745834350586,221.9931182861328,12.824440956115723,134.73956298828125,46.492591857910156,152.76449584960938,285.4928894042969,101.42415618896484,211.8733367919922,340.93475341796875
2021-03-31,118.86402893066406,225.74642944335938,13.29919147491455,132.7770538330078,45.78729248046875,154.70399475097656,291.9660949707031,102.21958923339844,222.64332580566406,339.5748596191406
2021-04-01,119.6911849975586,232.0467071533203,13.760988235473633,134.06796264648438,47.06667709350586,158.0500030517578,296.06011962890625,105.55303955078125,220.5833282470703,335.0115051269531
2021-04-05,122.51316833496094,238.48098754882812,13.936092376708984,134.77859497070312,46.336769104003906,161.3365020751953,306.220947265625,109.97283935546875,230.35000610351562,337.8498840332031
2021-04-06,122.81482696533203,237.32241821289062,13.810556411743164,133.83106994628906,46.20555114746094,161.1909942626953,303.5940246582031,109.49210357666016,230.5399932861328,332.5472717285156
2021-04-07,124.4593505859375,239.2756805419922,14.091519355773926,135.92791748046875,46.41057586669922,163.96949768066406,310.36456298828125,110.967529296875,223.6566619873047,333.7064514160156
2021-04-08,126.85318756103516,242.48326110839844,14.264381408691406,136.09461975097656,45.92671203613281,164.96499633789062,310.29510498046875,111.53253173828125,227.93333435058594,333.0219421386719
2021-04-09,129.42218017578125,244.97276306152344,14.347075462341309,137.11231994628906,45.82008743286133,168.61000061035156,309.7399597167969,112.53563690185547,225.67333984375,343.4353332519531
2021-04-12,127.70952606201172,245.03018188476562,15.153101921081543,136.8228302001953,45.51664733886719,168.96949768066406,308.8280944824219,111.24456787109375,233.9933319091797,343.4171447753906
2021-04-13,130.813720703125,247.50048828125,15.621872901916504,135.1909637451172,45.688873291015625,170.0,307.0634765625,111.73075866699219,254.10667419433594,341.7925720214844
2021-04-14,128.478271484375,244.7238006591797,15.220850944519043,132.6641845703125,47.00927734375,166.64999389648438,300.18389892578125,111.1102523803711,244.07666015625,342.8238220214844
2021-04-15,130.88182067871094,248.46755981445312,16.07794761657715,133.5064697265625,46.73042678833008,168.95449829101562,305.14044189453125,113.25822448730469,246.28334045410156,355.9480285644531
2021-04-16,130.55096435546875,249.65481567382812,15.85401725769043,134.4978485107422,46.46799087524414,169.9720001220703,303.5146484375,113.13430786132812,246.5933380126953,356.8607177734375
2021-04-19,131.21266174316406,247.73983764648438,15.305292129516602,133.9275665283203,46.32036209106445,168.60049438476562,299.6089782714844,113.48172760009766,238.2100067138672,355.79278564453125
2021-04-20,129.5292205810547,247.28024291992188,15.115492820739746,130.96212768554688,45.34443283081055,166.7344970703125,300.01544189453125,112.9489517211914,239.663330078125,361.8985595703125
2021-04-21,129.90867614746094,249.5016632080078,15.304046630859375,132.07632446289062,45.92671203613281,168.1009979248047,298.8456726074219,112.91625213623047,248.0399932861328,363.97943115234375
2021-04-22,128.3907012939453,246.23663330078125,14.795671463012695,129.295166015625,45.328025817871094,165.45199584960938,293.9387512207031,111.6360855102539,239.89666748046875,361.90777587890625
2021-04-23,130.70668029785156,250.0474090576172,15.20914363861084,131.76925659179688,45.57405471801758,167.04400634765625,298.5086364746094,113.98576354980469,243.13333129882812,365.3483581542969
2021-04-26,131.09591674804688,250.430419921875,15.421112060546875,132.09388732910156,45.66427230834961,170.4499969482422,300.4019775390625,114.48136138916016,246.06666564941406,361.2870788574219
2021-04-27,130.77479553222656,250.83261108398438,15.325218200683594,132.69927978515625,46.26295471191406,170.8715057373047,300.92742919921875,113.54219055175781,234.913330078125,360.0458984375
2021-04-28,129.986572265625,243.73757934570312,15.220600128173828,133.55908203125,47.65716552734375,172.9250030517578,304.4266662597656,116.91529083251953,231.46665954589844,360.12799072265625
2021-04-29,129.8892364501953,241.77474975585938,15.268427848815918,136.15603637695312,48.33784866333008,173.5655059814453,326.6415710449219,118.58645629882812,225.6666717529297,366.4801025390625
2021-04-30,127.92361450195312,241.45875549316406,14.95433521270752,134.94529724121094,46.94366455078125,173.37100219726562,322.25018310546875,116.6407241821289,236.47999572753906,363.97027587890625
2021-05-03,128.9745330810547,241.15237426757812,14.782221794128418,134.55050659179688,48.23945236206055,169.32449340820312,319.7718505859375,116.12430572509766,228.3000030517578,370.4501647949219
2021-05-04,124.41072082519531,237.25540161132812,14.298502922058105,136.41046142578125,48.542884826660156,165.593505859375,315.588623046875,114.32772827148438,224.53334045410156,375.41510009765625
2021-05-05,124.65399932861328,235.99151611328125,14.40536117553711,138.20030212402344,50.002708435058594,163.52699279785156,312.2776794433594,114.72124481201172,223.64666748046875,376.4737854003906
2021-05-06,126.24989318847656,239.1129150390625,14.469621658325195,140.9814453125,50.47837829589844,165.31849670410156,317.23419189453125,115.84033203125,221.17999267578125,378.7280578613281
2021-05-07,126.92243194580078,241.7268524169922,14.757810592651367,141.4639892578125,51.200077056884766,164.58050537109375,316.3023681640625,116.56290435791016,224.1233367919922,381.17401123046875
2021-05-10,123.64727020263672,236.67132568359375,14.213318824768066,141.44647216796875,51.32310104370117,159.52450561523438,303.3064880371094,113.58036041259766,209.67999267578125,384.1311340332031
2021-05-11,122.73101806640625,235.76170349121094,14.253670692443848,139.09515380859375,49.69105911254883,161.19549560546875,303.86163330078125,112.5053939819336,205.73333740234375,375.74371337890625
2021-05-12,119.67029571533203,228.83909606933594,13.707932472229004,138.13885498046875,49.95732879638672,157.5970001220703,299.9162902832031,109.04557037353516,196.6300048828125,369.966552734375
2021-05-13,121.81475830078125,232.69775390625,13.615026473999023,141.692138671875,49.341590881347656,158.07350158691406,302.6026306152344,110.47241973876953,190.56333923339844,372.8778991699219
2021-05-14,124.23211669921875,237.60009765625,14.190651893615723,143.894287109375,50.56473159790039,161.14500427246094,313.1897277832031,112.91773223876953,196.5800018310547,374.0096130371094
2021-05-17,123.0819091796875,234.75636291503906,14.113439559936523,144.47329711914062,51.74626159667969,163.51950073242188,312.7138671875,113.44009399414062,192.27667236328125,372.9417724609375
2021-05-18,121.69776916503906,232.74562072753906,13.964237213134766,142.4378662109375,50.28183364868164,161.61399841308594,307.26171875,112.12922668457031,192.6233367919922,374.5390319824219
2021-05-19,121.54182434082031,233.3214874267578,14.014054298400879,141.34991455078125,49.07532501220703,161.58999633789062,310.8601379394531,112.57675170898438,187.82000732421875,373.7358093261719
2021-05-20,124.09566497802734,236.5460662841797,14.558794021606445,141.10433959960938,48.95884704589844,162.38400268554688,315.8364562988281,114.33367919921875,195.5933380126953,372.950927734375
2021-05-21,122.26313781738281,235.288818359375,14.936651229858398,142.70985412597656,49.02540969848633,160.1540069580078,313.4771728515625,113.69830322265625,193.6266632080078,375.6797790527344
2021-05-24,123.89097595214844,240.67271423339844,15.554621696472168,143.48191833496094,49.59953308105469,162.24949645996094,321.8040466308594,117.01441955566406,202.14666748046875,375.0592346191406
2021-05-25,123.69602966308594,241.57485961914062,15.590238571166992,141.9991912841797,48.47624588012695,162.95249938964844,324.93658447265625,117.1051025390625,201.56333923339844,376.9757995605469
2021-05-26,123.64727020263672,241.35411071777344,15.642295837402344,141.98165893554688,49.04203414916992,163.25799560546875,324.80767822265625,117.96943664550781,206.3766632080078,377.1217956542969
2021-05-27,122.1169204711914,239.2620086669922,15.431077003479004,144.1925506591797,48.725860595703125,161.5054931640625,329.85333251953125,117.09569549560547,210.28334045410156,376.65631103515625
2021-05-28,121.46385192871094,239.6170654296875,16.18479347229004,144.0960693359375,48.56777572631836,161.15350341796875,325.86834716796875,116.8067398071289,208.4066619873047,375.9444885253906
2021-06-01,121.14217376708984,237.428955078125,16.20472526550293,145.68408203125,50.306793212890625,160.9324951171875,326.2648620605469,118.0125503540039,207.96665954589844,371.1985778808594
2021-06-02,121.90247344970703,237.3330078125,16.71658706665039,145.6928253173828,50.70618438720703,161.69949340820312,326.28472900390625,117.48770904541016,201.7066650390625,370.4046325683594
2021-06-03,120.42083740234375,235.80706787109375,16.907384872436523,145.7893524169922,50.905879974365234,159.35049438476562,323.2017822265625,116.3473129272461,190.94667053222656,372.330322265625
2021-06-04,122.71153259277344,240.682373046875,17.51364517211914,146.02627563476562,51.130531311035156,160.31100463867188,327.4742736816406,118.6266098022461,199.68333435058594,370.21295166015625
2021-06-07,122.72126770019531,243.58062744140625,17.55424690246582,145.3418731689453,50.79771423339844,159.90049743652344,333.6499938964844,119.05928039550781,201.7100067138672,365.293701171875
2021-06-08,123.5400619506836,242.39059448242188,17.392837524414062,144.76283264160156,51.696346282958984,163.20550537109375,330.7752685546875,118.86796569824219,201.19667053222656,366.65350341796875
2021-06-09,123.92018127441406,243.36949157714844,17.298412322998047,142.9554901123047,52.129024505615234,164.0574951171875,327.3751220703125,119.33879089355469,199.5933380126953,366.0694274902344
2021-06-10,122.92595672607422,246.87237548828125,17.36493492126465,140.72703552246094,52.21223068237305,167.4824981689453,329.5658874511719,120.68634796142578,203.3733367919922,366.42535400390625
2021-06-11,124.13465881347656,247.49620056152344,17.76380729675293,140.63052368164062,51.72963333129883,167.3415069580078,328.3763732910156,120.4420166015625,203.29666137695312,363.1398010253906
2021-06-14,127.18559265136719,249.4156036376953,17.956640243530273,138.24415588378906,51.64642333984375,169.19349670410156,333.83831787109375,121.36929321289062,205.89666748046875,364.2988586425781
2021-06-15,126.36681365966797,247.947265625,17.72718620300293,136.147216796875,53.52689743041992,169.156494140625,333.81854248046875,120.3523178100586,199.7866668701172,365.3210754394531
2021-06-16,126.86395263671875,247.00677490234375,17.748859405517578,137.1035919189453,53.335514068603516,170.7624969482422,328.1978759765625,119.71098327636719,201.6233367919922,362.5556335449219
2021-06-17,128.4625244140625,250.3848419189453,18.592937469482422,133.14671325683594,51.579864501953125,174.46200561523438,333.5806579589844,120.67346954345703,205.53334045410156,362.64697265625
2021-06-18,127.16613006591797,248.97413635253906,18.57450294494629,129.77769470214844,50.256866455078125,174.34500122070312,326.7903137207031,119.05531311035156,207.77000427246094,356.6654357910156
2021-06-21,128.9596710205078,252.04515075683594,18.363731384277344,131.97982788085938,52.0790901184082,172.697998046875,329.3973693847656,120.74185943603516,206.94332885742188,364.6346740722656
2021-06-22,130.59730529785156,254.80909729003906,18.821645736694336,131.7868194580078,53.077571868896484,175.27200317382812,336.07867431640625,121.25531005859375,207.90333557128906,365.2026672363281
2021-06-23,130.32435607910156,254.5787353515625,18.991559982299805,132.58523559570312,53.46865463256836,175.1909942626953,337.6251220703125,121.05358123779297,218.85667419433594,362.33544921875
2021-06-24,130.04161071777344,255.94146728515625,19.139299392700195,133.8047637939453,53.68498611450195,172.45399475097656,340.19256591796875,121.4233169555664,226.60667419433594,365.3675537109375
2021-06-25,129.7492218017578,254.33888244628906,18.96539878845215,135.15585327148438,53.80147933959961,170.072998046875,338.3982849121094,121.43173217773438,223.9566650390625,370.936767578125
2021-06-28,131.37705993652344,257.88970947265625,19.91611099243164,135.40151977539062,52.42856216430664,172.1945037841797,352.544189453125,121.45899963378906,229.57333374023438,367.7399597167969
2021-06-29,132.88792419433594,260.46173095703125,19.957719802856445,135.23483276367188,52.104061126708984,172.40699768066406,348.8268127441406,121.19781494140625,226.9199981689453,364.6621398925781
2021-06-30,133.50201416015625,259.9818115234375,19.933555603027344,136.46311950683594,52.48680877685547,172.00799560546875,344.6831359863281,121.01642608642578,226.56666564941406,366.8056335449219
2021-07-01,133.80421447753906,260.65362548828125,20.1423282623291,137.81423950195312,52.63657760620117,171.64849853515625,351.3050231933594,121.36830139160156,225.97332763671875,370.8818054199219
2021-07-02,136.4263153076172,266.45977783203125,20.416383743286133,137.68185424804688,52.56169891357422,175.5489959716797,351.6123352050781,124.15656280517578,226.3000030517578,374.97637939453125
2021-07-06,138.4342498779297,266.46942138671875,20.627151489257812,135.3699951171875,51.06397247314453,183.78700256347656,349.7090148925781,125.08088684082031,219.86000061035156,375.80084228515625
2021-07-07,140.91989135742188,268.6478271484375,20.301528930664062,135.52877807617188,50.26519012451172,184.82899475097656,347.4389343261719,125.36238861083984,214.88333129882812,377.0832214355469
2021-07-08,139.6234893798828,266.2391052246094,19.83414649963379,133.1903839111328,50.040531158447266,186.57049560546875,342.64105224609375,123.94493865966797,217.60333251953125,375.5168151855469
2021-07-09,141.44627380371094,266.7381896972656,19.98113441467285,137.45249938964844,50.947486877441406,185.9669952392578,347.3695373535156,124.41527557373047,218.98333740234375,377.49542236328125
2021-07-12,140.8516387939453,266.1431579589844,20.441789627075195,139.42018127441406,50.897560119628906,185.92750549316406,350.0857238769531,125.85948181152344,228.56666564941406,381.0953063964844
2021-07-13,141.96287536621094,269.6556396484375,20.18020248413086,137.34654235839844,50.6562614440918,183.8679962158203,349.0250244140625,126.22225189208984,222.84666442871094,383.3853454589844
2021-07-14,145.38424682617188,271.1239013671875,19.77310562133789,136.87887573242188,49.53297424316406,184.08399963378906,344.6038513183594,127.10989379882812,217.7933349609375,379.90460205078125
2021-07-15,144.7311553955078,269.7035827636719,18.9008731842041,137.17889404296875,49.05037307739258,181.55999755859375,341.4613952636719,125.88872528076172,216.86666870117188,384.76849365234375
2021-07-16,142.69393920898438,269.4348449707031,18.098398208618164,134.04635620117188,47.69410705566406,178.68150329589844,338.190185546875,125.85403442382812,214.74000549316406,384.447998046875
2021-07-19,138.8533935546875,265.8456115722656,18.715015411376953,129.68728637695312,46.054927825927734,177.47950744628906,334.0168762207031,123.48304748535156,215.4066619873047,374.7015686035156
2021-07-20,142.45999145507812,268.0625305175781,18.547849655151367,132.1050567626953,46.5624885559082,178.6595001220703,338.6857604980469,125.10020446777344,220.1666717529297,378.2831726074219
2021-07-21,141.7289276123047,270.05859375,19.34309196472168,134.8846435546875,48.060211181640625,179.25999450683594,343.21600341796875,126.42794036865234,218.42999267578125,379.8128967285156
2021-07-22,143.0935821533203,274.607666015625,19.526456832885742,133.18157958984375,47.51936721801758,181.90150451660156,348.1328430175781,127.29275512695312,216.4199981689453,380.8480529785156
2021-07-23,144.8091278076172,277.9954528808594,19.490581512451172,132.92567443847656,47.46111297607422,182.83200073242188,366.57098388671875,131.8459014892578,214.4600067138672,382.6159362792969
2021-07-26,145.228271484375,277.40032958984375,19.227495193481445,133.81695556640625,48.65929412841797,184.99099731445312,369.2176513671875,132.85691833496094,219.2066650390625,378.8052978515625
2021-07-27,143.06434631347656,274.9914855957031,19.141788482666016,133.64044189453125,48.11845779418945,181.3195037841797,364.608154296875,130.7406768798828,214.92666625976562,380.2342224121094
2021-07-28,141.31951904296875,274.68438720703125,19.435775756835938,133.8610382080078,48.442962646484375,181.51600646972656,370.030517578125,134.89781188964844,215.66000366210938,374.80242919921875
2021-07-29,141.96287536621094,274.953125,19.594226837158203,135.0081787109375,49.03373718261719,179.99600219726562,355.20074462890625,134.58412170410156,225.78334045410156,377.4678955078125
2021-07-30,142.17727661132812,273.4272155761719,19.43178939819336,133.931640625,47.90211486816406,166.37950134277344,353.19830322265625,133.54237365722656,229.06666564941406,377.5962219238281
2021-08-02,141.8458709716797,273.34075927734375,19.681922912597656,133.39337158203125,47.910438537597656,166.57400512695312,348.88623046875,133.66921997070312,236.55667114257812,380.6647644042969
2021-08-03,143.63941955566406,275.548095703125,19.7466983795166,134.91110229492188,48.42631912231445,168.31199645996094,348.182373046875,134.43792724609375,236.5800018310547,386.4631042480469
2021-08-04,143.23980712890625,274.962646484375,20.20411491394043,133.45516967773438,47.294700622558594,167.73599243164062,355.79559326171875,133.93785095214844,236.97332763671875,386.1333923339844
2021-08-05,143.34703063964844,277.8514099121094,20.56586265563965,135.1405487060547,47.59425735473633,168.79949951171875,359.8103332519531,135.05392456054688,238.2100067138672,376.6526794433594
2021-08-06,142.66368103027344,277.7937316894531,20.29579734802246,138.97900390625,48.14341354370117,167.2469940185547,360.3455810546875,134.5454559326172,233.03334045410156,380.2525939941406
2021-08-09,142.6148223876953,276.7093505859375,20.225048065185547,138.82896423339844,47.59425735473633,167.093505859375,358.46209716796875,135.7096405029297,237.9199981689453,376.3595886230469
2021-08-10,142.1365203857422,274.8955383300781,19.86728286743164,140.5320587158203,48.40967559814453,166.03399658203125,357.986328125,135.60458374023438,236.663330078125,377.1931457519531
2021-08-11,142.39031982421875,275.3849182128906,19.631093978881836,142.2086181640625,48.55113220214844,164.60549926757812,356.8264465332031,135.08119201660156,235.94000244140625,373.49249267578125
2021-08-12,145.34828186035156,278.12969970703125,19.836387634277344,142.76449584960938,48.441322326660156,165.1750030517578,359.49310302734375,135.98818969726562,240.75,371.8619384765625
2021-08-13,145.55325317382812,281.0472106933594,20.118412017822266,141.16737365722656,47.951419830322266,164.69850158691406,360.0184631347656,136.51698303222656,239.05667114257812,375.26031494140625
2021-08-16,147.5251922607422,282.7266845703125,19.88123321533203,140.24082946777344,47.25034713745117,164.94949340820312,363.3690490722656,137.09384155273438,228.72332763671875,382.16705322265625
2021-08-17,146.61732482910156,281.2679443359375,19.39093017578125,138.54664611816406,46.92938232421875,162.09800720214844,355.32965087890625,135.46034240722656,221.90333557128906,386.353271484375
2021-08-18,142.87840270996094,279.5467834472656,18.9743709564209,137.28482055664062,45.941131591796875,160.06100463867188,352.3558044433594,134.25851440429688,229.663330078125,382.2678527832031
2021-08-19,143.2103271484375,285.35443115234375,19.729755401611328,136.13766479492188,44.53898620605469,159.3874969482422,352.0285949707031,134.4874725341797,224.49000549316406,391.95001220703125
2021-08-20,144.66490173339844,292.6524658203125,20.744243621826172,136.52590942382812,44.54743194580078,159.99749755859375,356.2416687011719,136.2216033935547,226.75332641601562,393.6171569824219
2021-08-23,146.1488037109375,292.9313659667969,21.882312774658203,138.27308654785156,46.38034439086914,163.2935028076172,360.1870422363281,138.81065368652344,235.43333435058594,389.6324768066406
2021-08-24,146.06089782714844,290.9793701171875,21.717880249023438,139.1290283203125,46.760440826416016,165.28900146484375,362.3282470703125,140.01992797851562,236.163330078125,387.8462829589844
2021-08-25,144.8308563232422,290.3929443359375,22.136436462402344,141.996826171875,46.844913482666016,164.95899963378906,365.18310546875,140.83021545410156,237.06666564941406,384.4845275878906
2021-08-26,144.0303497314453,287.5852355957031,21.991933822631836,142.72923278808594,46.211421966552734,165.8000030517578,361.2080078125,140.1973419189453,233.72000122070312,381.83721923828125
2021-08-27,145.06520080566406,288.1910095214844,22.557971954345703,143.8763427734375,47.10675811767578,167.48150634765625,369.38616943359375,142.7383270263672,237.30667114257812,383.5868835449219
2021-08-30,149.4776611328125,291.912109375,22.609798431396484,141.5732879638672,46.59151840209961,171.07850646972656,377.3463134765625,143.3196563720703,243.6366729736328,383.1654968261719
2021-08-31,148.2183074951172,290.2678527832031,22.3117733001709,141.140869140625,46.05093765258789,173.5395050048828,376.0774841308594,143.4257049560547,245.24000549316406,381.30596923828125
2021-09-01,148.8821563720703,290.21978759765625,22.367584228515625,140.93795776367188,45.41743469238281,173.9499969482422,378.7242431640625,143.9391632080078,244.69667053222656,382.2952575683594
2021-09-02,149.9949951171875,289.56597900390625,22.32273292541504,141.59092712402344,46.523948669433594,173.156005859375,372.0131530761719,142.02761840820312,244.1300048828125,388.1210632324219
2021-09-03,150.62954711914062,289.556396484375,22.76827621459961,140.73497009277344,46.34656524658203,173.90249633789062,372.984619140625,142.4761505126953,244.52333068847656,387.3424987792969
2021-09-07,152.96270751953125,288.6332092285156,22.587867736816406,140.4879150390625,46.076271057128906,175.46449279785156,378.85308837890625,143.01239013671875,250.97332763671875,385.8585205078125
2021-09-08,151.42027282714844,288.6620788574219,22.26592445373535,139.8614501953125,45.653934478759766,176.27499389648438,374.28326416015625,142.42807006835938,251.2899932861328,380.4999084472656
2021-09-09,150.40504455566406,285.81597900390625,22.104454040527344,140.47027587890625,45.68772888183594,174.20799255371094,374.7094421386719,142.27940368652344,251.6199951171875,379.73046875
2021-09-10,145.4263458251953,284.33526611328125,22.404470443725586,138.85546875,45.59481430053711,173.45750427246094,375.3934631347656,139.63780212402344,245.42333984375,371.2828674316406
2021-09-13,145.99258422851562,285.56591796875,22.079538345336914,141.06149291992188,46.768898010253906,172.85850524902344,373.2324523925781,141.0814971923828,247.6666717529297,381.0357971191406
2021-09-14,144.5965576171875,288.25823974609375,22.169240951538086,138.599609375,46.10161590576172,172.5,373.2522277832031,141.2916259765625,248.163330078125,379.2156982421875
2021-09-15,145.4849090576172,293.0947570800781,22.26791763305664,139.56141662597656,47.655792236328125,173.7895050048828,370.6650085449219,143.16006469726562,251.94332885742188,383.7933044433594
2021-09-16,145.25062561035156,293.4793701171875,22.169240951538086,139.49960327148438,47.148990631103516,174.41200256347656,369.81243896484375,142.34779357910156,252.3300018310547,383.16827392578125
2021-09-17,142.58560180664062,288.3351745605469,21.828357696533203,139.13783264160156,46.59151840209961,173.12600708007812,361.5450744628906,139.56246948242188,253.163330078125,386.22021484375
2021-09-20,139.53977966308594,282.9794616699219,21.043933868408203,134.972900390625,45.3498649597168,167.7864990234375,352.6036376953125,137.5002899169922,243.38999938964844,379.3627624511719
2021-09-21,140.0181427001953,283.4601745605469,21.17650032043457,134.99050903320312,45.3076286315918,167.18150329589844,354.36810302734375,137.8109893798828,246.4600067138672,379.0318298339844
2021-09-22,142.38059997558594,287.09490966796875,21.869226455688477,137.5759735107422,46.633750915527344,169.00250244140625,340.2223205566406,139.05052185058594,250.64666748046875,375.6859436035156
2021-09-23,143.33724975585938,288.03717041015625,22.408458709716797,142.22625732421875,48.213260650634766,170.8000030517578,342.9483642578125,139.97482299804688,251.2133331298828,375.0700378417969
2021-09-24,143.42514038085938,287.8351135253906,22.008769989013672,143.86752319335938,48.64405059814453,171.2760009765625,349.8874816894531,140.9650421142578,258.1300048828125,374.1967468261719
2021-09-27,141.9119873046875,282.85443115234375,21.589147567749023,147.34422302246094,50.088417053222656,170.2899932861328,350.50201416015625,139.8320770263672,263.78668212890625,372.5329895019531
2021-09-28,138.5342559814453,272.6141052246094,20.63128662109375,146.55006408691406,50.61210632324219,165.79800415039062,337.6846008300781,134.6361541748047,259.1866760253906,366.42010498046875
2021-09-29,139.43240356445312,273.0757141113281,20.449886322021484,146.43533325195312,50.57831954956055,165.05599975585938,336.6535949707031,133.17262268066406,260.4366760253906,368.0655517578125
2021-09-30,138.134033203125,271.0757141113281,20.64823341369629,144.44110107421875,49.682979583740234,164.2519989013672,336.4355773925781,132.50106811523438,258.49334716796875,359.17669677734375
2021-10-01,139.25668334960938,277.9794921875,20.674150466918945,147.47657775878906,51.4652214050293,164.16299438476562,340.0240783691406,135.3428955078125,258.40667724609375,360.7301940917969
2021-10-04,135.83021545410156,272.21990966796875,19.66745376586914,147.31771850585938,52.13249206542969,159.48899841308594,323.39013671875,132.48472595214844,260.510009765625,355.748046875
2021-10-05,137.75332641601562,277.65252685546875,20.384105682373047,149.7235107421875,52.04802703857422,161.0500030517578,330.0615234375,134.8274383544922,260.1966552734375,361.6493835449219
2021-10-06,138.6221466064453,281.835205078125,20.632286071777344,150.04306030273438,51.093563079833984,163.10049438476562,330.73565673828125,136.3559112548828,260.9166564941406,362.4030456542969
2021-10-07,139.88143920898438,283.5083312988281,21.006059646606445,150.99290466308594,51.237152099609375,165.1215057373047,326.3540954589844,138.00131225585938,264.53668212890625,372.0090637207031
2021-10-08,139.50074768066406,283.5083312988281,20.762861251831055,151.10830688476562,52.521034240722656,164.43099975585938,327.1768798828125,138.55690002441406,261.8299865722656,375.4652404785156
2021-10-11,139.41290283203125,282.9121398925781,20.62730598449707,147.93026733398438,51.99733352661133,162.31500244140625,322.616943359375,137.6930389404297,263.9800109863281,372.27557373046875
2021-10-12,138.14381408691406,281.61407470703125,20.603376388549805,146.7939910888672,51.727054595947266,162.3665008544922,320.9515686035156,135.24972534179688,268.5733337402344,370.6669921875
2021-10-13,137.55812072753906,284.912109375,20.87050437927246,142.9235076904297,51.583465576171875,164.21400451660156,321.71484375,136.3727569580078,270.3599853515625,370.9518737792969
2021-10-14,140.3402862548828,291.1043701171875,21.67486572265625,145.11618041992188,52.368995666503906,164.9929962158203,325.67010498046875,139.91036987304688,272.7733459472656,386.404052734375
2021-10-15,141.3946075439453,292.5082702636719,21.790481567382812,147.9036865234375,52.867347717285156,170.4510040283203,321.9329833984375,140.12547302246094,281.010009765625,393.4912109375
2021-10-18,143.06393432617188,295.4698181152344,22.149303436279297,147.8503875732422,52.84201431274414,172.33700561523438,332.4208068847656,141.52308654785156,290.03668212890625,390.31988525390625
2021-10-19,145.2213592529297,296.3736572265625,22.217086791992188,149.64356994628906,53.635982513427734,172.20750427246094,337.0303039550781,141.97802734375,288.0899963378906,390.09930419921875
2021-10-20,145.7094268798828,295.5851135253906,22.03070068359375,151.65869140625,53.93162155151367,170.7530059814453,337.8135070800781,140.52294921875,288.6000061035156,399.9441223144531
2021-10-21,145.92422485351562,298.806396484375,22.617769241333008,150.4691619873047,52.951820373535156,171.75050354003906,338.9039611816406,140.63893127441406,298.0,406.5534362792969
2021-10-22,145.1529998779297,297.267822265625,22.651660919189453,152.4931640625,53.31501770019531,166.77749633789062,321.7842102050781,136.35739135742188,303.2266540527344,412.8775939941406
2021-10-25,145.1042022705078,296.2774658203125,23.09021759033203,151.7474822998047,54.35395812988281,166.01849365234375,325.8287353515625,136.23895263671875,341.6199951171875,413.18096923828125
2021-10-26,145.76805114746094,298.1812744140625,24.63614273071289,152.1558380126953,55.61249923706055,168.80349731445312,313.0608215332031,138.08407592773438,339.4766540527344,417.9149475097656
2021-10-27,145.30921936035156,310.7389221191406,24.371015548706055,148.9866485595703,54.16811752319336,169.62449645996094,309.5021057128906,144.93235778808594,345.9533386230469,416.84869384765625
2021-10-28,148.940673828125,311.87353515625,24.859411239624023,151.2326202392578,54.32015609741211,172.32850646972656,314.16119384765625,144.56707763671875,359.0133361816406,418.65032958984375
2021-10-29,146.23660278320312,318.86383056640625,25.483362197875977,150.8153839111328,54.45530319213867,168.6215057373047,320.7532958984375,146.7447967529297,371.3333435058594,423.2740173339844
2021-11-01,145.4165802001953,316.7004699707031,25.742511749267578,150.73548889160156,55.43511199951172,165.90550231933594,327.1075134277344,142.2357635498047,402.86334228515625,417.427734375
2021-11-02,146.45138549804688,320.3158264160156,26.314632415771484,151.3302459716797,54.75094985961914,165.6374969482422,325.2239990234375,144.15423583984375,390.6666564941406,415.5249938964844
2021-11-03,147.8864288330078,321.1523132324219,26.510988235473633,151.38352966308594,53.99919509887695,169.1999969482422,328.7332458496094,145.3094940185547,404.6199951171875,420.38763427734375
2021-11-04,147.3690185546875,323.4984436035156,29.70351791381836,149.39505004882812,54.404640197753906,173.85000610351562,332.9263916015625,146.96434020996094,409.9700012207031,419.8636474609375
2021-11-05,147.8969268798828,323.1330871582031,29.654674530029297,149.1819610595703,54.91987228393555,175.94949340820312,338.16046142578125,147.543701171875,407.36334228515625,418.99053955078125
2021-11-08,147.0757293701172,324.02728271484375,30.703231811523438,150.07855224609375,55.511138916015625,174.44900512695312,335.6722717285156,147.7211456298828,387.64666748046875,425.2502746582031
2021-11-09,147.4374542236328,323.0273742675781,30.556711196899414,148.94227600097656,56.05172348022461,178.81149291992188,332.4505310058594,147.609619140625,341.1666564941406,426.8406066894531
2021-11-10,144.612060546875,318.07537841796875,29.362634658813477,148.80023193359375,54.947471618652344,174.1024932861328,324.7878723144531,144.61119079589844,355.98333740234375,422.75
2021-11-11,144.56317138671875,319.6427307128906,30.29058265686035,148.79136657714844,55.05017852783203,173.625,324.886962890625,144.48533630371094,354.5033264160156,420.44281005859375
2021-11-12,146.6357879638672,323.7677307128906,30.29058265686035,148.12559509277344,54.6307373046875,176.25750732421875,337.92254638671875,147.3712158203125,344.47332763671875,421.9134826660156
2021-11-15,146.6455535888672,323.14276123046875,29.926782608032227,147.85926818847656,55.1015510559082,177.28399658203125,344.5344543457031,147.14720153808594,337.7966613769531,414.3851318359375
2021-11-16,147.62319946289062,326.4504089355469,30.104198455810547,146.7939910888672,55.657955169677734,177.03500366210938,339.9744873046875,146.57627868652344,351.57666015625,413.30047607421875
2021-11-17,150.0575408935547,326.6719665527344,29.165279388427734,146.00392150878906,55.05017852783203,177.4499969482422,337.8034973144531,146.7457733154297,363.0033264160156,412.6845703125
2021-11-18,154.33953857421875,328.7430725097656,31.571380615234375,144.74331665039062,54.45097351074219,184.80299377441406,335.74169921875,148.52149963378906,365.4599914550781,413.16253662109375
2021-11-19,156.9596405029297,330.5154113769531,32.877098083496094,142.8524932861328,51.934303283691406,183.82850646972656,342.2940673828125,147.6175537109375,379.0199890136719,404.45751953125
2021-11-22,157.41912841796875,327.3558654785156,31.851463317871094,145.89736938476562,52.653358459472656,178.6284942626953,338.0415344238281,145.01609802246094,385.6233215332031,402.1962890625
2021-11-23,157.80038452148438,325.2848205566406,31.64215087890625,149.38612365722656,54.04010009765625,179.0019989013672,334.3142395019531,144.5006866455078,369.6766662597656,411.0115966796875
2021-11-24,158.31857299804688,325.5063781738281,32.567115783691406,148.21434020996094,54.33970260620117,179.02049255371094,338.0910339355469,144.835693359375,372.0,413.7968444824219
2021-11-26,153.3032684326172,317.5784912109375,31.399944305419922,143.7490997314453,52.43079376220703,175.22799682617188,330.22015380859375,140.9333038330078,360.6400146484375,404.37481689453125
2021-11-29,156.6565704345703,324.2734375,33.266815185546875,143.12767028808594,52.72183609008789,178.07850646972656,335.08740234375,144.25137329101562,378.9966735839844,415.48822021484375
2021-11-30,161.6033935546875,318.455078125,32.56910705566406,140.9971466064453,51.22381591796875,175.35350036621094,321.6355285644531,140.65029907226562,381.586669921875,408.336669921875
2021-12-01,161.08522033691406,317.9638671875,31.33600425720215,140.1626739501953,51.18101119995117,172.18600463867188,307.8961486816406,139.81175231933594,365.0,408.44696044921875
2021-12-02,160.09783935546875,317.39544677734375,32.02482604980469,143.10992431640625,52.45647430419922,171.8679962158203,307.68798828125,141.70944213867188,361.5333251953125,409.9912414550781
2021-12-03,158.22076416015625,311.1533203125,30.596336364746094,140.5177764892578,52.122623443603516,169.489501953125,304.1689147949219,140.75341796875,338.3233337402344,414.37176513671875
2021-12-06,161.62295532226562,314.21661376953125,29.942413330078125,142.17779541015625,52.71327590942383,171.36849975585938,315.1029052734375,141.89678955078125,336.336669921875,424.322509765625
2021-12-07,167.3519287109375,322.6260986328125,32.32487487792969,144.3172607421875,53.30392837524414,176.1645050048828,319.9999084472656,145.97509765625,350.5833435058594,428.5831604003906
2021-12-08,171.1647186279297,322.6742858886719,31.72577476501465,142.6660614013672,53.458003997802734,176.1580047607422,327.6824645996094,146.884033203125,356.32000732421875,432.3919372558594
2021-12-09,170.6563262939453,320.8729553222656,30.393978118896484,142.44415283203125,53.59496307373047,174.17100524902344,326.94891357421875,146.3408660888672,334.6000061035156,436.5050964355469
2021-12-10,175.4369659423828,329.9664306640625,30.1029052734375,141.87600708007812,53.93737030029297,172.21200561523438,326.8794860839844,146.70066833496094,339.010009765625,441.033203125
2021-12-13,171.8099365234375,326.9416809082031,28.072315216064453,140.18930053710938,52.756080627441406,169.5675048828125,331.57818603515625,144.5447998046875,322.13665771484375,440.9502258300781
2021-12-14,170.43145751953125,316.28759765625,28.24776268005371,141.26348876953125,52.67903518676758,169.0915069580078,330.8347473144531,142.64215087890625,319.5033264160156,442.1675109863281
2021-12-15,175.2903289794922,322.36602783203125,30.363079071044922,140.20706176757812,52.447898864746094,173.31500244140625,338.6857604980469,145.15390014648438,325.3299865722656,455.92706298828125
2021-12-16,168.40774536132812,312.973876953125,28.297603607177734,142.39974975585938,52.53350830078125,168.87100219726562,331.98468017578125,143.17543029785156,308.97332763671875,454.525146484375
2021-12-17,167.31280517578125,311.9142150878906,27.71344757080078,139.15956115722656,51.38645553588867,170.0175018310547,330.88433837890625,140.47933959960938,310.8566589355469,449.231689453125
2021-12-20,165.95391845703125,308.1671142578125,27.631702423095703,136.65618896484375,50.641719818115234,167.07899475097656,322.616943359375,140.36236572265625,299.9800109863281,446.1053466796875
2021-12-21,169.12144470214844,315.2761535644531,28.983436584472656,138.56478881835938,51.78877639770508,170.41700744628906,331.290771484375,142.21148681640625,312.84332275390625,449.3146667480469
2021-12-22,171.71218872070312,320.96929931640625,29.307411193847656,139.10629272460938,52.208229064941406,171.03700256347656,327.5733947753906,145.1281280517578,336.2900085449219,455.6964111328125
2021-12-23,172.33786010742188,322.4045715332031,29.54665756225586,139.6034393310547,52.2338981628418,171.06849670410156,332.3216857910156,145.62522888183594,355.6666564941406,456.8492736816406
2021-12-27,176.29727172851562,329.8797607421875,30.847545623779297,140.40240478515625,52.978633880615234,169.66949462890625,343.1664733886719,146.60650634765625,364.64666748046875,460.64874267578125
2021-12-28,175.28053283691406,328.72381591796875,30.226505279541016,140.8284912109375,52.807437896728516,170.66099548339844,343.2061462402344,145.39772033691406,362.8233337402344,463.8212585449219
2021-12-29,175.36851501464844,329.3981018066406,29.906517028808594,140.75746154785156,52.345184326171875,169.2010040283203,339.9546813964844,145.3660125732422,362.0633239746094,466.25579833984375
2021-12-30,174.21493530273438,326.8646240234375,29.492830276489258,140.6864471435547,52.03701400756836,168.64450073242188,341.3623046875,144.91551208496094,356.7799987792969,465.1952819824219
2021-12-31,173.5990447998047,323.9747009277344,29.318382263183594,140.57106018066406,52.379425048828125,166.7169952392578,333.4220275878906,143.57887268066406,352.260009765625,463.0834045410156
2022-01-03,177.939697265625,322.4623718261719,30.026145935058594,143.54493713378906,54.391056060791016,170.4044952392578,335.59295654296875,143.7171173095703,399.9266662597656,463.21258544921875
2022-01-04,175.681396484375,316.9330749511719,29.19776153564453,148.9866485595703,56.436927795410156,167.52200317382812,333.6004638671875,143.13034057617188,383.1966552734375,452.7176513671875
2022-01-05,171.00828552246094,304.7666015625,27.51706886291504,146.26290893554688,57.13885498046875,164.35699462890625,321.34808349609375,136.5640411376953,362.7066650390625,451.601806640625
2022-01-06,168.15357971191406,302.3584899902344,28.089263916015625,147.81680297851562,58.4827995300293,163.25399780273438,329.5658874511719,136.53675842285156,354.8999938964844,433.12054443359375
2022-01-07,168.3197784423828,302.5125732421875,27.16119384765625,149.28135681152344,58.962154388427734,162.5540008544922,328.9017028808594,135.81271362304688,342.32000732421875,422.9300537109375
2022-01-10,168.33934020996094,302.7340393066406,27.3137149810791,149.42428588867188,58.6112060546875,161.48599243164062,325.214111328125,137.45069885253906,352.7066650390625,428.83221435546875
2022-01-11,171.1647186279297,303.4180908203125,27.729398727416992,149.5760498046875,61.07652282714844,165.36199951171875,331.45928955078125,138.5078125,354.79998779296875,432.5210876464844
2022-01-12,171.60459899902344,306.5873107910156,27.910825729370117,150.42446899414062,60.896759033203125,165.20700073242188,330.35894775390625,140.18740844726562,368.739990234375,436.8739929199219
2022-01-13,168.33934020996094,293.6117248535156,26.49130630493164,150.23690795898438,60.4601936340332,161.21400451660156,323.6379699707031,137.36895751953125,343.85333251953125,431.07318115234375
2022-01-14,169.19964599609375,298.8135681152344,26.857152938842773,141.0028076171875,61.52165222167969,162.13800048828125,329.0107727050781,138.2545623779297,349.8699951171875,432.2351379394531
2022-01-18,166.00277709960938,291.5406799316406,25.821426391601562,135.09091186523438,62.55742645263672,158.91749572753906,315.38043212890625,134.8026580810547,343.5033264160156,425.1341552734375
2022-01-19,162.51263427734375,292.1956787109375,24.988056182861328,133.0011444091797,62.583099365234375,156.2989959716797,316.8078918457031,133.9289093017578,331.8833312988281,426.5451354980469
2022-01-20,160.8311004638672,290.5292053222656,24.07395362854004,131.86700439453125,62.72005844116211,151.66749572753906,313.8043518066406,132.1358184814453,332.0899963378906,426.9877624511719
2022-01-21,158.77804565429688,285.1636962890625,23.300392150878906,129.5629425048828,61.77843475341797,142.64300537109375,300.5308837890625,129.20579528808594,314.6333312988281,425.300048828125
2022-01-24,158.0056915283203,285.4912109375,23.298397064208984,129.44686889648438,62.309181213378906,144.54400634765625,306.02264404296875,129.6543426513672,310.0,426.3145446777344
2022-01-25,156.2068328857422,277.90045166015625,22.253698348999023,130.8578338623047,64.14103698730469,139.98599243164062,297.5371398925781,125.81934356689453,306.1333312988281,421.3069152832031
2022-01-26,156.11888122558594,285.8186950683594,22.70028305053711,132.0991973876953,63.4904899597168,138.87249755859375,292.065185546875,128.09713745117188,312.4700012207031,422.7731628417969
2022-01-27,155.65936279296875,288.83380126953125,21.87489128112793,129.7683563232422,64.30369567871094,139.6374969482422,292.0751037597656,127.87113189697266,276.3666687011719,425.6966552734375
2022-01-28,166.52093505859375,296.94476318359375,22.768070220947266,130.92929077148438,64.4406509399414,143.97799682617188,299.08355712890625,132.17893981933594,282.1166687011719,429.8097839355469
2022-01-31,170.8713836669922,299.5649108886719,24.408889770507812,132.70648193359375,65.0227279663086,149.57350158691406,310.5330505371094,134.11427307128906,312.239990234375,435.81341552734375
2022-02-01,170.70521545410156,297.4263916015625,24.56041145324707,134.9837188720703,69.19151306152344,151.19349670410156,316.2230529785156,136.43417358398438,310.4166564941406,431.9769287109375
2022-02-02,171.90768432617188,301.9538879394531,25.16250991821289,133.90316772460938,69.01176452636719,150.6125030517578,320.18829345703125,146.69920349121094,301.88665771484375,442.46258544921875
2022-02-03,169.033447265625,290.19207763671875,23.872587203979492,132.79574584960938,68.20711517333984,138.8455047607422,235.6902618408203,141.8323211669922,297.0466613769531,450.75341796875
2022-02-04,168.7495880126953,294.70989990234375,24.24241828918457,136.24290466308594,69.6880111694336,157.63949584960938,235.02610778808594,142.03353881835938,307.7733459472656,445.5888977050781
2022-02-07,168.03500366210938,289.9030456542969,24.65012550354004,136.69839477539062,70.52689361572266,157.9355010986328,222.9521026611328,137.9775390625,302.4466552734375,446.07769775390625
2022-02-08,171.1380615234375,293.3805236816406,25.028928756713867,139.2703399658203,68.70360565185547,161.4134979248047,218.26329040527344,138.17379760742188,307.3333435058594,455.03240966796875
2022-02-09,172.55743408203125,299.78643798828125,26.620899200439453,139.85081481933594,68.37471008300781,161.1894989013672,229.98037719726562,140.34750366210938,310.6666564941406,459.3576354980469
2022-02-10,168.4852752685547,291.28057861328125,25.742671966552734,139.2703399658203,67.71692657470703,159.0034942626953,226.0846405029297,137.401611328125,301.51666259765625,448.8628234863281
2022-02-11,165.0787811279297,284.2099914550781,23.873579025268555,137.45741271972656,69.42195892333984,153.2935028076172,217.6387939453125,133.10226440429688,286.6666564941406,440.94091796875
2022-02-14,165.31369018554688,284.1714782714844,24.190580368041992,136.180419921875,68.35740661621094,155.16700744628906,215.80487060546875,134.3348388671875,291.9200134277344,437.5010070800781
2022-02-15,169.14112854003906,289.440673828125,26.411561965942383,138.17190551757812,67.50053405761719,156.510498046875,219.07615661621094,135.4078369140625,307.4766540527344,441.033203125
2022-02-16,168.90623474121094,289.10284423828125,26.427509307861328,138.42196655273438,67.81211853027344,158.10049438476562,214.6549835205078,136.5273895263672,307.7966613769531,442.7115783691406
2022-02-17,165.31369018554688,280.6372375488281,24.429821014404297,135.23377990722656,67.7082748413086,154.65249633789062,205.90185546875,131.3740692138672,292.1166687011719,433.7568359375
2022-02-18,163.76707458496094,277.9344787597656,23.567546844482422,135.86781311035156,66.95528411865234,152.60150146484375,204.36532592773438,129.25685119628906,285.6600036621094,431.423583984375
2022-02-22,160.85000610351562,277.7318115234375,23.316341400146484,135.62669372558594,66.17633056640625,150.19749450683594,200.3208770751953,128.6725311279297,273.84332275390625,426.535888671875
2022-02-23,156.6897735595703,270.5404052734375,22.316499710083008,132.78683471679688,66.44461822509766,144.82699584960938,196.72247314453125,126.46659088134766,254.67999267578125,423.87060546875
2022-02-24,159.30337524414062,284.3633117675781,23.673208236694336,129.0896453857422,65.6051025390625,151.35800170898438,205.79281616210938,131.5247344970703,266.92333984375,420.4307861328125
2022-02-25,161.36883544921875,286.9888610839844,24.08092498779297,132.14382934570312,67.37071228027344,153.7884979248047,208.64773559570312,133.27772521972656,269.9566650390625,438.7460632324219
2022-02-28,161.6331329345703,288.41748046875,24.308208465576172,126.63379669189453,67.8727035522461,153.56300354003906,209.19296264648438,133.86996459960938,290.1433410644531,438.8567199707031
2022-03-01,159.7536163330078,284.7108459472656,23.403066635131836,121.8559799194336,68.5218505859375,151.14199829101562,201.7185821533203,132.8831787109375,288.1233215332031,439.2071838378906
2022-03-02,163.04270935058594,289.7689208984375,24.147838592529297,124.38328552246094,69.69892120361328,152.05250549316406,206.29837036132812,133.3887176513672,293.2966613769531,447.6270751953125
2022-03-03,162.71966552734375,285.6470642089844,23.643346786499023,123.4991683959961,70.14034271240234,147.89849853515625,201.203125,132.72262573242188,279.7633361816406,448.7428894042969
2022-03-04,159.7242889404297,279.7974853515625,22.867664337158203,120.02522277832031,72.78012084960938,145.64100646972656,198.31845092773438,130.7471466064453,279.42999267578125,459.8648681640625
2022-03-07,155.93600463867188,269.2276306152344,21.28838348388672,115.39034271240234,75.40258026123047,137.4530029296875,185.83804321289062,125.2677230834961,268.1933288574219,449.00115966796875
2022-03-08,154.1153106689453,266.2738952636719,21.44990348815918,114.5776596069336,75.97381591796875,136.01449584960938,188.63348388671875,125.98735046386719,274.79998779296875,436.6341552734375
2022-03-09,159.50892639160156,278.4846496582031,22.9454345703125,119.16789245605469,71.65496063232422,139.2790069580078,196.7720184326172,132.24732971191406,286.3233337402344,447.8022155761719
2022-03-10,155.1724853515625,275.6756896972656,22.590497970581055,117.75688934326172,73.8792953491211,146.8175048828125,193.5106658935547,131.26556396484375,279.4333190917969,453.21575927734375
2022-03-11,151.46249389648438,270.34735107421875,22.034160614013672,115.10454559326172,73.49848175048828,145.52450561523438,185.9768524169922,128.7290496826172,265.1166687011719,446.6300048828125
2022-03-14,147.43930053710938,266.84344482421875,21.266450881958008,116.2476577758789,70.86735534667969,141.85299682617188,185.00537109375,124.84397888183594,255.4566650390625,451.3010559082031
2022-03-15,151.81494140625,277.18157958984375,22.90455436706543,118.31056213378906,66.8341064453125,147.3665008544922,190.3583526611328,128.0624237060547,267.2966613769531,460.541259765625
2022-03-16,156.2198944091797,284.1702880859375,24.423017501831055,123.59739685058594,66.58312225341797,153.10400390625,201.85740661621094,132.10906982421875,280.07666015625,460.8650207519531
2022-03-17,157.22811889648438,284.9714660644531,24.692214965820312,125.16023254394531,68.35740661621094,157.23899841308594,206.03073120117188,132.6626434326172,290.5333251953125,468.9675598144531
2022-03-18,160.5171661376953,290.00054931640625,26.37418556213379,125.11559295654297,68.08908081054688,161.25050354003906,214.60545349121094,134.92906188964844,301.7966613769531,468.1350402832031
2022-03-21,161.88760375976562,288.7746276855469,26.65435028076172,124.71372985839844,71.1443099975586,161.4915008544922,209.6489715576172,134.90525817871094,307.0533447265625,469.5594787597656
2022-03-22,165.25498962402344,293.5045471191406,26.444976806640625,127.3660659790039,70.83273315429688,164.88900756835938,214.76402282714844,138.63868713378906,331.32666015625,467.3951721191406
2022-03-23,166.6156463623047,289.0931396484375,25.557626724243164,124.82980346679688,71.94921875,163.4080047607422,211.601806640625,137.06015014648438,333.03668212890625,465.46197509765625
2022-03-24,170.3941192626953,293.543212890625,28.06612777709961,125.6424560546875,72.16560363769531,163.64950561523438,217.65859985351562,140.3276824951172,337.97332763671875,474.92425537109375
2022-03-25,171.0303955078125,293.1377258300781,27.609495162963867,126.74092102050781,73.7408218383789,164.77349853515625,219.8890380859375,140.4278106689453,336.8800048828125,474.5264587402344
2022-03-28,171.89175415039062,299.9140625,28.13492202758789,125.80322265625,71.6722640991211,168.99049377441406,221.6436004638672,140.2122039794922,363.9466552734375,474.68377685546875
2022-03-29,175.18087768554688,304.4605407714844,28.570627212524414,126.08007049560547,71.29145050048828,169.31500244140625,227.85903930664062,141.25296020507812,366.5233459472656,472.3990783691406
2022-03-30,174.01597595214844,302.9642639160156,27.607501983642578,125.50851440429688,72.51181030273438,166.30099487304688,225.86654663085938,140.6909637451172,364.663330078125,481.7319030761719
2022-03-31,170.92269897460938,297.60699462890625,27.20470428466797,121.7398910522461,71.48184967041016,162.99749755859375,220.42433166503906,137.84521484375,359.20001220703125,471.6960754394531
2022-04-01,170.6290283203125,298.6784973144531,26.63241195678711,120.83789825439453,71.94059753417969,163.55999755859375,222.89268493652344,138.91867065429688,361.5299987792969,474.11956787109375
2022-04-04,174.6717987060547,304.0358581542969,27.278484344482422,121.37372589111328,71.97520446777344,168.34649658203125,231.85394287109375,141.71487426757812,381.8166809082031,471.7423400878906
2022-04-05,171.36318969726562,300.08770751953125,25.853740692138672,119.96125793457031,71.60303497314453,164.05499267578125,229.82177734375,139.35533142089844,363.7533264160156,478.9015197753906
2022-04-06,168.20140075683594,289.10284423828125,24.33428382873535,118.29689025878906,72.3992919921875,158.75599670410156,221.35614013671875,135.3478240966797,348.586669921875,491.841552734375
2022-04-07,168.5048828125,290.9079284667969,24.135873794555664,117.93700408935547,73.61100006103516,157.7845001220703,221.00918579101562,134.6941375732422,352.4200134277344,496.65130615234375
2022-04-08,166.49813842773438,286.6606750488281,23.050119400024414,120.09618377685547,75.16024780273438,154.4604949951172,220.39459228515625,132.11598205566406,341.8299865722656,504.985107421875
2022-04-11,162.24978637695312,275.357177734375,21.851699829101562,119.65535736083984,72.5723876953125,151.1219940185547,214.57568359375,127.69123840332031,325.30999755859375,497.1045227050781
2022-04-12,164.11947631835938,272.2682800292969,21.439931869506836,118.34185028076172,74.0870132446289,150.78750610351562,212.27587890625,126.59197235107422,328.98333740234375,493.65447998046875
2022-04-13,166.80160522460938,277.63525390625,22.136850357055664,114.52727508544922,75.13429260253906,155.54100036621094,213.1184844970703,128.7523193359375,340.7900085449219,496.6974792480469
2022-04-14,161.7994842529297,270.1156921386719,21.194664001464844,113.46568298339844,76.01708984375,151.7064971923828,208.350341796875,125.61614227294922,328.3333435058594,494.6811828613281
2022-04-18,161.5841827392578,270.78173828125,21.718101501464844,115.57088470458984,76.6402587890625,152.78500366210938,208.9352264404297,126.55430603027344,334.7633361816406,493.9967346191406
2022-04-19,163.86492919921875,275.39581298828125,22.131864547729492,117.9639892578125,75.95651245117188,158.11549377441406,215.41830444335938,128.86631774902344,342.7166748046875,497.3450927734375
2022-04-20,163.69854736328125,276.4189453125,21.41799545288086,118.37783813476562,76.12962341308594,153.9980010986328,198.67532348632812,126.91460418701172,325.73333740234375,505.0313415527344
2022-04-21,162.90565490722656,271.0616149902344,20.122867584228516,117.46016693115234,75.32469177246094,148.29600524902344,186.43284606933594,123.71746826171875,336.260009765625,497.1045227050781
2022-04-22,158.37338256835938,264.51708984375,19.45685577392578,114.0864486694336,73.68022918701172,144.35000610351562,182.50732421875,118.583984375,335.01666259765625,481.84283447265625
2022-04-25,159.4404296875,270.9748229980469,19.84270477294922,114.05045318603516,71.19624328613281,146.07400512695312,185.3622283935547,121.99227905273438,332.67333984375,484.92303466796875
2022-04-26,153.48880004882812,260.8392333984375,18.732023239135742,110.67671203613281,71.22222137451172,139.39100646972656,179.3748016357422,117.6071548461914,292.1400146484375,475.2202453613281
2022-04-27,153.26365661621094,273.3879699707031,18.36013412475586,109.23723602294922,73.25613403320312,138.16700744628906,173.4270477294922,113.28994750976562,293.836669921875,475.2479553222656
2022-04-28,160.18435668945312,279.5754699707031,19.723060607910156,110.964599609375,75.47181701660156,144.59649658203125,203.93907165527344,117.48077392578125,292.5033264160156,485.0616760253906
2022-04-29,154.32083129882812,267.88580322265625,18.491744995117188,107.38394927978516,73.78410339355469,124.28150177001953,198.72488403320312,113.1065673828125,290.2533264160156,470.3827209472656
2022-05-02,154.6243133544922,274.59454345703125,19.474807739257812,108.36457824707031,74.78807830810547,124.5,209.2920684814453,115.55831146240234,300.9800109863281,463.5381164550781
2022-05-03,156.11219787597656,271.9980163574219,19.543603897094727,110.68570709228516,76.32868194580078,124.25350189208984,210.1842498779297,116.30271911621094,303.0833435058594,462.1229248046875
2022-05-04,162.5141143798828,279.9132995605469,20.273418426513672,114.34733581542969,79.36658477783203,125.92849731445312,221.46519470214844,121.18640899658203,317.5400085449219,469.5225524902344
2022-05-05,153.45941162109375,267.7217712402344,18.787857055664062,111.48640441894531,78.16354370117188,116.40699768066406,206.46690368652344,115.48149871826172,291.09332275390625,457.5906677246094
2022-05-06,154.18482971191406,265.19268798828125,18.619361877441406,111.30647277832031,79.35794067382812,114.77249908447266,201.9961700439453,114.72917175292969,288.54998779296875,462.1229248046875
2022-05-09,149.06759643554688,255.3950958251953,16.89950180053711,109.63311004638672,73.100341796875,108.78900146484375,194.5019989013672,111.52210235595703,262.3699951171875,449.9136047363281
2022-05-10,151.46937561035156,260.1443176269531,17.54257583618164,106.96111297607422,73.58501434326172,108.85900115966797,195.92942810058594,113.38954162597656,266.67999267578125,451.3843078613281
2022-05-11,143.61697387695312,251.50498962402344,16.5804500579834,106.28632354736328,75.1169662475586,105.37200164794922,187.0970001220703,112.60401916503906,244.6666717529297,449.66387939453125
2022-05-12,139.75453186035156,246.48548889160156,16.12681007385254,106.19637298583984,75.45797729492188,106.93049621582031,189.5752410888672,111.85218811035156,242.6666717529297,442.86553955078125
2022-05-13,144.21502685546875,252.05520629882812,17.653249740600586,107.14102172851562,77.69636535644531,113.05500030517578,196.8909912109375,115.0304946899414,256.5299987792969,448.9701843261719
2022-05-16,142.6759033203125,252.4219970703125,17.212566375732422,106.39430236816406,79.52379608154297,110.81050109863281,198.29859924316406,113.4391098022461,241.4566650390625,452.50347900390625
2022-05-17,146.30307006835938,257.5573425292969,18.122840881347656,109.92098999023438,80.53805541992188,115.36849975585938,200.85617065429688,115.44928741455078,253.8699951171875,455.5650634765625
2022-05-18,138.04881286621094,245.83084106445312,16.88753890991211,108.04068756103516,79.26148986816406,107.11250305175781,190.56654357910156,110.9159927368164,236.60333251953125,436.0023193359375
2022-05-19,134.64706420898438,244.92135620117188,17.072986602783203,106.43929290771484,79.6899185180664,107.31900024414062,189.6248016357422,109.41380310058594,236.47332763671875,442.63421630859375
2022-05-20,134.88235473632812,244.3601837158203,16.644262313842773,105.56661224365234,80.3194580078125,107.59100341796875,191.85520935058594,107.9507827758789,221.3000030517578,449.2754211425781
2022-05-23,140.29371643066406,252.1875,16.84765625,112.09817504882812,82.09442901611328,107.55699920654297,194.52178955078125,110.50809478759766,224.96665954589844,455.1488037109375
2022-05-24,137.5978546142578,251.1909637451172,16.10586929321289,113.68157958984375,82.54035949707031,104.0999984741211,179.70193481445312,105.03860473632812,209.3866729736328,460.217529296875
2022-05-25,137.754638671875,253.99679565429688,16.924427032470703,114.47329711914062,84.20166015625,106.7750015258789,182.22975158691406,104.87504577636719,219.60000610351562,460.707763671875
2022-05-26,140.95054626464844,257.2670593261719,17.797813415527344,116.45255279541016,84.49893951416016,111.07749938964844,189.9618377685547,106.8450927734375,235.91000366210938,464.53704833984375
2022-05-27,146.6951904296875,264.3687438964844,18.75495719909668,118.09894561767578,85.32957458496094,115.14649963378906,193.43136596679688,111.32930755615234,253.2100067138672,469.05078125
2022-05-31,145.9109649658203,263.04327392578125,18.616369247436523,118.96259307861328,83.93936157226562,120.20950317382812,191.954345703125,112.76211547851562,252.75332641601562,459.4960632324219
2022-06-01,145.78353881835938,263.575439453125,18.265417098999023,116.87540435791016,85.54817962646484,121.68399810791016,186.99786376953125,112.8909683227539,246.7899932861328,455.58349609375
2022-06-02,148.23431396484375,265.665283203125,19.53363037109375,118.7557144165039,85.3995361328125,125.51100158691406,197.12887573242188,116.58868408203125,258.3333435058594,455.3152770996094
2022-06-03,142.51904296875,261.2532958984375,18.664226531982422,117.10032653808594,86.64114379882812,122.3499984741211,189.11924743652344,113.53427124023438,234.51666259765625,449.16436767578125
2022-06-06,143.26409912109375,260.02459716796875,18.730026245117188,116.7134780883789,86.42254638671875,124.79000091552734,192.55906677246094,115.79373931884766,238.27999877929688,453.3913879394531
2022-06-07,145.78353881835938,263.6528015136719,18.869613647460938,117.01936340332031,90.3834457397461,123.0,193.94683837890625,116.11983489990234,238.8866729736328,459.7920837402344
2022-06-08,145.0482940673828,261.63067626953125,18.596370697021484,115.15704345703125,91.45016479492188,121.18000030517578,194.92825317382812,116.16395568847656,241.86666870117188,456.489990234375
2022-06-09,139.83297729492188,256.1932067871094,17.998035430908203,112.73695373535156,89.4740982055664,116.1500015258789,182.3982696533203,113.82618713378906,239.7066650390625,452.69769287109375
2022-06-10,134.43142700195312,244.77621459960938,16.927003860473633,107.55488586425781,87.83901977539062,109.6500015258789,174.04165649414062,110.1844711303711,232.22999572753906,448.2579345703125
2022-06-13,129.28472900390625,234.39459228515625,15.603679656982422,104.3520736694336,83.80818176269531,103.66999816894531,162.830078125,105.4573745727539,215.73666381835938,434.44842529296875
2022-06-14,130.14739990234375,236.55221557617188,15.792158126831055,102.61571502685547,84.02678680419922,102.30999755859375,162.30470275878906,105.77755737304688,220.88999938964844,427.09515380859375
2022-06-15,132.76487731933594,243.58615112304688,16.481246948242188,103.83028411865234,82.96879577636719,107.66999816894531,167.8757781982422,108.79974365234375,233.0,429.4814758300781
2022-06-16,127.50054168701172,237.01661682128906,15.557806968688965,102.04893493652344,79.90850830078125,103.66000366210938,159.46961975097656,105.10154724121094,213.10000610351562,423.3643493652344
2022-06-17,128.97103881835938,239.60958862304688,15.83603572845459,101.68905639648438,75.30058288574219,106.22000122070312,162.31460571289062,106.20178985595703,216.75999450683594,419.62347412109375
2022-06-21,133.1962127685547,245.5019073486328,16.520137786865234,104.20813751220703,79.98722076416016,108.68000030517578,155.68284606933594,110.56360626220703,237.0366668701172,445.8558349609375
2022-06-22,132.68641662597656,244.91168212890625,16.314708709716797,103.62334442138672,76.82198333740234,108.94999694824219,154.49331665039062,110.50759887695312,236.086669921875,454.544189453125
2022-06-23,135.54898071289062,250.45565795898438,16.180084228515625,102.48976135253906,74.5049057006836,112.44000244140625,157.36805725097656,111.2554702758789,235.07000732421875,463.947265625
2022-06-24,138.87225341796875,259.0086364746094,17.078584671020508,105.54862213134766,75.98258209228516,116.45999908447266,168.6787567138672,116.93807983398438,245.7066650390625,460.0765380859375
2022-06-27,138.87225341796875,256.2898864746094,16.822298049926758,104.70293426513672,77.8449935913086,113.22000122070312,168.0145721435547,114.8154067993164,244.9199981689453,469.3775939941406
2022-06-28,134.7353057861328,248.1529083251953,15.937751770019531,104.19912719726562,80.00469207763672,107.4000015258789,159.28126525878906,111.0230484008789,232.663330078125,471.9580993652344
2022-06-29,136.4900665283203,251.81021118164062,15.498970985412598,103.73130798339844,77.04932403564453,108.91999816894531,162.51287841796875,110.71971893310547,228.49000549316406,478.7064208984375
2022-06-30,134.0294647216797,248.49154663085938,15.117030143737793,101.31121063232422,74.88088989257812,106.20999908447266,159.8463134765625,108.00528717041016,224.47332763671875,476.775634765625
2022-07-01,136.1959686279297,251.15225219726562,14.482792854309082,102.60672760009766,76.55094146728516,109.55999755859375,158.6369171142578,107.78177642822266,227.26333618164062,480.2752685546875
2022-07-05,138.77426147460938,254.31605529785156,14.922572135925293,102.2164306640625,74.1551742553711,113.5,166.72589111328125,112.26750946044922,233.06666564941406,468.9877014160156
2022-07-06,140.1074676513672,257.5669860839844,15.088112831115723,101.55389404296875,72.81739044189453,114.33000183105469,168.29214477539062,113.56498718261719,231.73333740234375,478.3164978027344
2022-07-07,143.46998596191406,259.6858825683594,15.814095497131348,104.12245178222656,75.14320373535156,116.33000183105469,170.69105529785156,117.73897552490234,244.5433349609375,477.4718933105469
2022-07-08,144.14637756347656,258.9699401855469,15.79415225982666,103.79570770263672,75.26560974121094,115.54000091552734,169.39248657226562,118.3044662475586,250.76333618164062,481.4169921875
2022-07-11,142.01907348632812,255.9222412109375,15.110051155090332,102.43426513671875,74.88088989257812,111.75,161.46212768554688,114.6597900390625,234.3433380126953,479.8575439453125
2022-07-12,142.98960876464844,245.4341278076172,15.040245056152344,102.53411865234375,73.88410186767578,109.22000122070312,161.84873962402344,113.01834106445312,233.07000732421875,477.5090026855469
2022-07-13,142.62686157226562,244.51498413085938,15.122016906738281,101.57202911376953,74.181396484375,110.4000015258789,162.06678771972656,110.3747787475586,237.0399932861328,465.27471923828125
2022-07-14,145.54824829101562,245.83084106445312,15.329442024230957,98.02323913574219,72.69496154785156,110.62999725341797,156.67416381835938,109.3974609375,238.31333923339844,466.3793029785156
2022-07-15,147.21478271484375,248.38511657714844,15.718361854553223,102.51595306396484,73.91908264160156,113.55000305175781,163.2662811279297,110.7950439453125,240.06666564941406,491.7390441894531
2022-07-18,144.1758270263672,245.9953155517578,16.056425094604492,101.46311950683594,75.2831039428711,113.76000213623047,165.77423095703125,108.07170104980469,240.54666137695312,482.1038818359375
2022-07-19,148.0284423828125,251.10389709472656,16.944957733154297,103.97724151611328,77.18048858642578,118.20999908447266,174.2498016357422,112.80968475341797,245.52999877929688,495.1735534667969
2022-07-20,150.02828979492188,253.7549285888672,17.75769805908203,103.9590835571289,78.02861022949219,122.7699966430664,181.49618530273438,112.89889526367188,247.5,482.1966552734375
2022-07-21,152.29286193847656,256.2414855957031,18.000024795532227,104.66703796386719,76.72579193115234,124.62999725341797,181.5754852294922,113.33502960205078,271.7066650390625,484.97216796875
2022-07-22,151.05764770507812,251.9069366455078,17.27104949951172,104.15876770019531,76.13996887207031,122.41999816894531,167.79647827148438,106.9516372680664,272.24334716796875,483.9974670410156
2022-07-25,149.94007873535156,250.4265594482422,16.976869583129883,104.57625579833984,78.6756362915039,121.13999938964844,165.1992645263672,106.5650634765625,268.4333190917969,491.4791259765625
2022-07-26,148.6166534423828,243.7216339111328,16.487224578857422,102.94253540039062,78.3696060180664,114.80999755859375,157.76458740234375,104.0969467163086,258.8599853515625,493.4471435546875
2022-07-27,153.70449829101562,260.0148620605469,17.740747451782227,104.59441375732422,80.06588745117188,120.97000122070312,168.103759765625,112.06627655029297,274.82000732421875,496.2503662109375
2022-07-28,154.25350952148438,267.435791015625,17.93421173095703,104.20414733886719,81.00145721435547,122.27999877929688,159.3209228515625,113.2160873413086,280.8999938964844,502.6368103027344
2022-07-29,159.3119354248047,271.6252746582031,18.112714767456055,104.70333099365234,84.75251007080078,134.9499969482422,157.71502685546875,115.2976303100586,297.1499938964844,503.4255676269531
2022-08-01,158.3316192626953,268.98388671875,18.38994598388672,103.65956115722656,82.61030578613281,135.38999938964844,158.5377655029297,113.85045623779297,297.27667236328125,496.9651184082031
2022-08-02,156.8611602783203,265.8974914550781,18.47471046447754,102.04400634765625,82.25181579589844,134.16000366210938,158.79550170898438,114.11808776855469,300.586669921875,497.0394592285156
2022-08-03,162.8607177734375,273.2991027832031,18.84069061279297,103.114990234375,79.58496856689453,139.52000427246094,167.33056640625,117.04216003417969,307.39666748046875,501.8570251464844
2022-08-04,162.54701232910156,274.4408264160156,19.16180419921875,101.98046112060547,76.2361831665039,142.57000732421875,169.08517456054688,117.15119171142578,308.6333312988281,495.4520263671875
2022-08-05,162.32122802734375,273.7247619628906,18.936426162719727,105.0663833618164,77.33785247802734,140.8000030517578,165.65530395507812,116.43753051757812,288.1700134277344,496.6679992675781
2022-08-08,161.85000610351562,271.2188720703125,17.74373435974121,103.78662872314453,77.77505493164062,139.41000366210938,168.76795959472656,116.2690200805664,290.42333984375,498.097412109375
2022-08-09,161.89913940429688,273.13458251953125,17.038694381713867,104.72146606445312,79.20902252197266,137.8300018310547,167.0629119873047,115.60489654541016,283.3333435058594,498.710205078125
2022-08-10,166.13998413085938,279.77197265625,18.046897888183594,107.45343017578125,79.96097564697266,142.69000244140625,176.78750610351562,118.6479263305664,294.3566589355469,499.1372375488281
2022-08-11,165.40370178222656,277.7013854980469,17.89232635498047,109.04176330566406,82.27407836914062,140.63999938964844,175.94493103027344,117.79547882080078,286.6300048828125,494.62591552734375
2022-08-12,168.9475860595703,282.4325866699219,18.657203674316406,110.84794616699219,82.98919677734375,143.5500030517578,178.92872619628906,120.61051940917969,300.0299987792969,504.68804931640625
2022-08-15,170.0176239013672,283.9419860839844,18.979307174682617,111.14744567871094,81.50597381591797,143.17999267578125,179.3153076171875,121.00700378417969,309.32000732421875,505.5606994628906
2022-08-16,169.8605194091797,283.2066345214844,18.826732635498047,112.20935821533203,80.74671936035156,144.77999877929688,177.90769958496094,120.63034057617188,306.5633239746094,506.93438720703125
2022-08-17,171.35272216796875,282.4600524902344,18.284236907958984,111.26543426513672,81.40003204345703,142.10000610351562,173.32789611816406,118.4992446899414,303.9966735839844,505.8948974609375
2022-08-18,170.96002197265625,281.34503173828125,18.72102928161621,110.40320587158203,83.32469177246094,142.3000030517578,173.13954162597656,119.11378479003906,302.8699951171875,506.0990295410156
2022-08-19,168.37818908691406,277.44732666015625,17.799585342407227,107.6712646484375,83.05982971191406,138.22999572753906,166.49790954589844,116.17980194091797,296.6666564941406,508.9765930175781
2022-08-22,164.5005645751953,269.302734375,16.986841201782227,105.8923110961914,82.99803161621094,133.22000122070312,161.63063049316406,113.23590087890625,289.913330078125,505.49560546875
2022-08-23,164.1667938232422,268.0326843261719,17.133432388305664,104.84854125976562,86.52063751220703,133.6199951171875,159.70751953125,112.85924530029297,296.4533386230469,497.35479736328125
2022-08-24,164.46128845214844,267.40234375,17.174320220947266,105.10269927978516,87.03272247314453,133.8000030517578,161.8387908935547,112.69075012207031,297.0966796875,497.96759033203125
2022-08-25,166.91551208496094,270.369384765625,17.86341094970703,107.59864807128906,87.48295593261719,137.27999877929688,167.31072998046875,115.62471771240234,296.07000732421875,502.71099853515625
2022-08-26,160.62289428710938,259.9365539550781,16.214982986450195,104.07707977294922,86.40586853027344,130.75,160.37168884277344,109.37018585205078,288.0899963378906,491.27490234375
2022-08-29,158.4239501953125,257.1634826660156,15.75725269317627,103.82292938232422,88.3923110961914,129.7899932861328,157.78439331054688,108.4582748413086,284.82000732421875,491.75762939453125
2022-08-30,155.9991912841797,254.97219848632812,15.425175666809082,103.84111022949219,85.02860260009766,128.72999572753906,155.7919158935547,107.98249816894531,277.70001220703125,485.32489013671875
2022-08-31,154.3401336669922,253.51785278320312,15.052210807800293,103.22392272949219,84.39295196533203,126.7699966430664,161.51168823242188,107.2688217163086,275.6099853515625,482.066650390625
2022-09-01,155.06658935546875,252.48043823242188,13.89841365814209,103.93186950683594,82.8744125366211,127.81999969482422,163.9205322265625,108.77546691894531,277.1600036621094,486.4015808105469
2022-09-02,152.95594787597656,248.27239990234375,13.609217643737793,103.20575714111328,84.39295196533203,127.51000213623047,158.9243927001953,106.9020767211914,270.2099914550781,479.3004455566406
2022-09-06,151.6994171142578,245.54786682128906,13.427721977233887,103.23297119140625,83.82791137695312,126.11000061035156,157.1598663330078,105.87122344970703,274.4200134277344,480.5350646972656
2022-09-07,153.1032257080078,250.24066162109375,13.680096626281738,105.19344329833984,83.11279296875,129.47999572753906,158.9938201904297,108.4880142211914,283.70001220703125,484.2480773925781
2022-09-08,151.63070678710938,250.65760803222656,13.955411911010742,107.64402770996094,83.79261016845703,129.82000732421875,160.64926147460938,107.42742156982422,289.260009765625,489.6597900390625
2022-09-09,154.48739624023438,256.41693115234375,14.351432800292969,108.16136932373047,85.19636535644531,133.27000427246094,167.67752075195312,109.67745971679688,299.67999267578125,488.24444580078125
2022-09-12,160.43638610839844,258.54034423828125,14.469141006469727,109.44111633300781,86.17631530761719,136.4499969482422,167.48916625976562,109.8856201171875,304.4200134277344,494.67877197265625
2022-09-13,151.02203369140625,244.32618713378906,13.098536491394043,105.63818359375,84.16341400146484,126.81999969482422,151.79701232910156,103.4030990600586,292.1300048828125,478.5790100097656
2022-09-14,152.46514892578125,244.54916381835938,13.095545768737793,105.39313507080078,86.22929382324219,128.5500030517578,150.1514129638672,104.07713317871094,302.6099853515625,474.67742919921875
2022-09-15,149.57894897460938,237.917236328125,12.897037506103516,106.9814682006836,83.72196960449219,126.27999877929688,148.24815368652344,102.0054931640625,303.75,486.912841796875
2022-09-16,147.93955993652344,237.2966766357422,13.165369987487793,106.26444244384766,82.2917251586914,123.52999877929688,145.0165252685547,101.89646911621094,303.3500061035156,485.1530456542969
2022-09-19,151.65029907226562,237.08335876464844,13.348915100097656,107.24468994140625,82.28289794921875,124.66000366210938,146.73147583007812,102.16409301757812,309.07000732421875,487.5087585449219
2022-09-20,154.0260009765625,235.07630920410156,13.143424034118652,105.12992095947266,81.61194610595703,122.19000244140625,144.8182830810547,100.25105285644531,308.7300109863281,486.8104248046875
2022-09-21,150.90423583984375,231.6827850341797,13.2282133102417,102.09845733642578,80.29646301269531,118.54000091552734,140.8828125,98.40741729736328,300.79998779296875,476.8284606933594
2022-09-22,149.94219970703125,233.65106201171875,12.529945373535156,100.93669891357422,79.96097564697266,117.30999755859375,141.5767364501953,99.25983428955078,288.5899963378906,481.8381042480469
2022-09-23,147.6744842529297,230.68411254882812,12.485057830810547,99.05792236328125,75.70557403564453,113.77999877929688,139.18771362304688,97.87214660644531,275.3299865722656,478.2530822753906
2022-09-26,148.00830078125,230.22842407226562,12.197770118713379,96.92498779296875,74.14289855957031,115.1500015258789,135.18287658691406,97.30714416503906,276.010009765625,473.3644714355469
2022-09-27,148.9801483154297,229.2200164794922,12.38231086730957,96.07185363769531,75.69673156738281,114.41000366210938,133.2300262451172,96.64305114746094,282.94000244140625,473.373779296875
2022-09-28,147.09532165527344,233.73829650878906,12.704514503479004,98.01415252685547,78.45127868652344,118.01000213623047,140.3772735595703,99.17064666748047,287.80999755859375,478.5603942871094
2022-09-29,139.87013244628906,230.27688598632812,12.189786911010742,96.35320281982422,78.2923355102539,114.80000305175781,135.2225341796875,96.56375122070312,268.2099914550781,473.8020935058594
2022-09-30,135.6685333251953,225.81680297851562,12.108990669250488,94.84656524658203,77.08283233642578,113.0,134.49887084960938,94.80931091308594,265.25,470.27301025390625
2022-10-03,139.84068298339844,233.41835021972656,12.481066703796387,97.77816772460938,81.15283966064453,115.87999725341797,137.4033660888672,97.77302551269531,242.39999389648438,480.02227783203125
2022-10-04,143.423828125,241.310791015625,13.13444709777832,102.35260009765625,84.11042785644531,121.08999633789062,139.05885314941406,100.74666595458984,249.44000244140625,487.1549377441406
2022-10-05,143.7183380126953,241.6210479736328,13.176342964172363,101.0888671875,87.50946044921875,120.94999694824219,137.77015686035156,100.53850555419922,240.80999755859375,490.78643798828125
2022-10-06,142.76611328125,239.2843475341797,13.097539901733398,99.02843475341797,90.1050796508789,120.30000305175781,137.85940551757812,100.5285873413086,238.1300048828125,483.39300537109375
2022-10-07,137.52389526367188,227.1160430908203,12.04614543914795,97.05045318603516,89.19571685791016,114.55999755859375,132.28826904296875,97.81267547607422,223.07000732421875,470.0960693359375
2022-10-10,137.84788513183594,222.27777099609375,11.641148567199707,96.14385223388672,87.26223754882812,113.66999816894531,132.6253204345703,96.99988555908203,222.9600067138672,464.5184326171875
2022-10-11,136.4342498779297,218.5545654296875,11.557354927062988,93.36914825439453,86.52063751220703,112.20999908447266,127.42102813720703,96.32585144042969,216.5,465.4030456542969
2022-10-12,135.8059539794922,218.88427734375,11.471570014953613,94.88013458251953,86.9002685546875,112.9000015258789,126.39009857177734,96.7025146484375,217.24000549316406,465.542724609375
2022-10-13,140.3708038330078,227.1160430908203,11.930431365966797,100.1548080444336,89.93733215332031,112.52999877929688,129.1558074951172,98.1893310546875,221.72000122070312,474.8077392578125
2022-10-14,135.84521484375,221.60877990722656,11.199244499206543,101.82147216796875,87.57125091552734,106.9000015258789,125.65653228759766,95.7113037109375,204.99000549316406,477.80615234375
2022-10-17,139.80142211914062,230.30596923828125,11.858609199523926,106.09796905517578,88.83375549316406,113.79000091552734,132.87315368652344,99.09134674072266,219.35000610351562,485.95367431640625
2022-10-18,141.1168670654297,231.24649047851562,11.93741512298584,108.82688903808594,88.99266052246094,116.36000061035156,131.6439666748047,99.88430786132812,220.19000244140625,486.2610778808594
2022-10-19,141.22483825683594,229.2879180908203,12.021207809448242,106.6932144165039,91.63243865966797,115.06999969482422,132.07020568847656,98.75432586669922,222.0399932861328,484.50115966796875
2022-10-20,140.7634735107422,228.9679412841797,12.163854598999023,106.34522247314453,91.75602722167969,115.25,130.38502502441406,99.09134674072266,207.27999877929688,485.0226135253906
2022-10-21,144.5724334716797,234.75634765625,12.435178756713867,111.93125915527344,93.4599609375,119.31999969482422,128.87823486328125,100.24113464355469,214.44000244140625,496.9879455566406
2022-10-24,146.71246337890625,239.73033142089844,12.567852973937988,112.06863403320312,94.11328125,119.81999969482422,128.5907440185547,101.61892700195312,211.25,504.3161926269531
2022-10-25,149.5495147705078,243.03665161132812,13.2282133102417,112.36165618896484,93.47760772705078,120.5999984741211,136.31295776367188,103.56169128417969,222.4199981689453,503.03118896484375
2022-10-26,146.61431884765625,224.28488159179688,12.864117622375488,113.6528549194336,94.59001159667969,115.66000366210938,128.68991088867188,94.09562683105469,224.63999938964844,505.778076171875
2022-10-27,142.14764404296875,219.8538055419922,13.143424034118652,114.10155487060547,94.95198822021484,110.95999908447266,97.08743286132812,91.40945434570312,225.08999633789062,504.50250244140625
2022-10-28,152.8872528076172,228.69642639160156,13.799798011779785,115.45687103271484,97.73301696777344,103.41000366210938,98.33644104003906,95.44367980957031,228.52000427246094,513.292724609375
2022-10-31,150.53123474121094,225.0701904296875,13.463632583618164,115.27373504638672,97.83013916015625,102.44000244140625,92.34903717041016,93.6793212890625,227.5399932861328,516.9335327148438
2022-11-01,147.8905029296875,221.23062133789062,13.509519577026367,117.35245513916016,98.80128479003906,96.79000091552734,94.37126159667969,89.6748275756836,227.82000732421875,509.63311767578125
2022-11-02,142.37344360351562,213.4060821533203,13.186320304870605,116.2718734741211,96.77069091796875,92.12000274658203,89.75183868408203,86.20559692382812,214.97999572753906,506.02032470703125
2022-11-03,136.33607482910156,207.73399353027344,13.387819290161133,116.48250579833984,98.08615112304688,89.30000305175781,88.13604736328125,82.69670867919922,215.30999755859375,506.18780517578125
2022-11-04,136.07058715820312,214.65682983398438,14.121000289916992,119.6692886352539,99.15442657470703,90.9800033569336,89.99966430664062,85.81902313232422,207.47000122070312,501.12237548828125
2022-11-07,136.60157775878906,220.93975830078125,14.265645027160645,120.3011474609375,100.32862854003906,90.52999877929688,95.87803649902344,87.71222686767578,197.0800018310547,507.5008544921875
2022-11-08,137.171875,221.90933227539062,14.565900802612305,120.37443542480469,100.6464614868164,89.9800033569336,95.63021087646484,88.11862182617188,191.3000030517578,514.9779663085938
2022-11-09,132.61917114257812,217.6819610595703,13.741944313049316,118.80850219726562,96.14388275146484,86.13999938964844,100.5866928100586,86.55252075195312,177.58999633789062,503.4409484863281
2022-11-10,144.41893005371094,235.5902099609375,15.711061477661133,123.69854736328125,97.55644989013672,96.62999725341797,110.89615631103516,93.11433410644531,190.72000122070312,506.70916748046875
2022-11-11,147.20164489746094,239.59458923339844,16.286636352539062,123.90003967285156,100.6023178100586,100.79000091552734,112.03614044189453,95.56262969970703,195.97000122070312,486.14007568359375
2022-11-14,145.8053741455078,234.20372009277344,16.254716873168945,122.62712860107422,100.8960189819336,98.48999786376953,113.22569274902344,94.8588638305664,190.9499969482422,478.3834533691406
2022-11-15,147.53599548339844,234.61093139648438,16.624799728393555,121.7388687133789,101.57239532470703,98.94000244140625,116.06079864501953,97.57478332519531,194.4199981689453,468.3827819824219
2022-11-16,146.30685424804688,235.0387420654297,15.8706693649292,121.90369415283203,100.48664093017578,97.12000274658203,112.24432373046875,97.98117065429688,186.9199981689453,476.3069763183594
2022-11-17,148.20462036132812,234.9901123046875,15.63824462890625,121.37256622314453,100.62012481689453,94.8499984741211,110.47981262207031,97.4954833984375,183.1699981689453,479.8360595703125
2022-11-18,148.76515197753906,234.54287719726562,15.370905876159668,122.56303405761719,99.74795532226562,94.13999938964844,111.07459259033203,96.57365417480469,180.19000244140625,493.5147705078125
2022-11-21,145.5398406982422,235.34991455078125,15.279133796691895,121.839599609375,98.76007843017578,92.45999908447266,108.9036636352539,94.7597427368164,167.8699951171875,481.5866394042969
2022-11-22,147.6736297607422,238.24742126464844,15.998350143432617,123.66191864013672,101.61689758300781,93.19999694824219,110.46990203857422,96.19701385498047,169.91000366210938,487.08050537109375
2022-11-23,148.54881286621094,240.726806640625,16.478158950805664,124.98062133789062,101.10960388183594,94.12999725341797,111.26293182373047,97.59459686279297,183.1999969482422,493.2447814941406
2022-11-25,145.63819885253906,240.63934326171875,16.22977638244629,125.21865844726562,100.75362396240234,93.41000366210938,110.44015502929688,96.60340118408203,182.86000061035156,500.6101989746094
2022-11-28,141.81314086914062,235.06788635253906,15.787872314453125,123.03007507324219,97.72771453857422,93.94999694824219,107.83303833007812,95.20579528808594,182.9199981689453,495.6284484863281
2022-11-29,138.81399536132812,233.67750549316406,15.600335121154785,125.05387115478516,98.37739562988281,92.41999816894531,108.50714111328125,94.35335540771484,180.8300018310547,491.6524963378906
2022-11-30,145.55953979492188,248.07754516601562,16.885482788085938,126.53738403320312,99.0893783569336,96.54000091552734,117.0719223022461,100.10236358642578,194.6999969482422,510.0521545410156
2022-12-01,145.83489990234375,247.63999938964844,17.09701156616211,124.76083374023438,98.6087875366211,95.5,119.39156341552734,100.10236358642578,194.6999969482422,499.94903564453125
2022-12-02,145.34317016601562,247.96084594726562,16.83858299255371,123.77183532714844,97.77222442626953,94.12999725341797,122.41499328613281,99.55719757080078,194.86000061035156,500.7897033691406
2022-12-05,144.18287658691406,243.27432250976562,16.57317352294922,120.3011474609375,95.09339904785156,91.01000213623047,121.3642349243164,98.60563659667969,182.4499969482422,499.7434997558594
2022-12-06,140.52499389648438,238.33489990234375,15.951555252075195,120.50262451171875,92.4501953125,88.25,113.12657165527344,96.12761688232422,179.82000732421875,503.74127197265625
2022-12-07,138.58787536621094,237.6056671142578,16.084259033203125,120.42019653320312,92.24549102783203,88.45999908447266,112.93822479248047,94.10554504394531,174.0399932861328,507.0943603515625
2022-12-08,140.26931762695312,240.55178833007812,17.130937576293945,121.68390655517578,92.9307632446289,90.3499984741211,114.32604217529297,92.88636016845703,173.44000244140625,511.7738037109375
2022-12-09,139.78753662109375,238.6265869140625,16.96331024169922,121.02459716796875,92.14759826660156,89.08999633789062,114.89107513427734,92.01409912109375,179.0500030517578,503.629150390625
2022-12-12,142.07861328125,245.5203399658203,17.496124267578125,122.90187072753906,94.41702270507812,90.55000305175781,113.71143341064453,92.4898681640625,167.82000732421875,509.8497619628906
2022-12-13,143.04226684570312,249.80828857421875,18.031936645507812,122.78279113769531,95.44940185546875,92.48999786376953,119.10408020019531,94.78948211669922,160.9499969482422,502.7137451171875
2022-12-14,140.8199920654297,250.0999755859375,17.63481903076172,122.16926574707031,94.74632263183594,91.58000183105469,120.53154754638672,94.2343978881836,156.8000030517578,502.84466552734375
2022-12-15,134.2219696044922,242.11720275878906,16.91441535949707,119.1381607055664,93.83854675292969,88.44999694824219,115.1388931274414,90.06140899658203,157.6699981689453,492.8691101074219
2022-12-16,132.26516723632812,237.9168243408203,16.53426170349121,118.39640045166016,93.17996215820312,87.86000061035156,118.39034271240234,89.46668243408203,150.22999572753906,489.1517028808594
2022-12-19,130.160888671875,233.794189453125,16.21796417236328,119.10153198242188,93.59825897216797,84.91999816894531,113.48343658447266,87.66267395019531,149.8699951171875,489.058349609375
2022-12-20,130.0920867919922,235.10682678222656,16.049339294433594,119.67845153808594,94.95101165771484,85.19000244140625,116.07071685791016,88.2375717163086,137.8000030517578,485.89190673828125
2022-12-21,133.18948364257812,237.66403198242188,16.46441650390625,121.02459716796875,96.1702651977539,86.7699966430664,118.71748352050781,88.79266357421875,137.57000732421875,492.7383728027344
2022-12-22,130.0232391357422,231.59674072265625,15.304991722106934,119.65098571777344,94.2301254272461,83.79000091552734,116.1004638671875,86.9886474609375,125.3499984741211,492.31805419921875
2022-12-23,129.65939331054688,232.12179565429688,15.172286987304688,120.21874237060547,96.72205352783203,85.25,117.012451171875,88.44573974609375,123.1500015258789,496.25970458984375
2022-12-27,127.85995483398438,230.40078735351562,14.089694023132324,120.63996124267578,98.06591033935547,83.04000091552734,115.86254119873047,86.62190246582031,109.0999984741211,496.8948974609375
2022-12-28,123.93653106689453,228.03805541992188,14.004880905151367,121.2993392944336,96.45506286621094,81.81999969482422,114.61351776123047,85.2639389038086,112.70999908447266,493.58843994140625
2022-12-29,127.44693756103516,234.3386688232422,14.570625305175781,121.99529266357422,97.1848373413086,84.18000030517578,119.21314239501953,87.6725845336914,121.81999969482422,494.924072265625
2022-12-30,127.76161193847656,233.18162536621094,14.581600189208984,122.80115509033203,98.16381072998047,84.0,119.29241943359375,87.45451354980469,123.18000030517578,495.2042541503906
2023-01-03,122.98271942138672,232.94827270507812,14.283262252807617,123.73516845703125,94.79080200195312,85.81999969482422,123.65411376953125,88.3366928100586,108.0999984741211,484.425537109375
2023-01-04,124.25117492675781,222.7583465576172,14.716300010681152,124.8890609741211,95.06670379638672,85.13999938964844,126.26123046875,87.30584716796875,113.63999938964844,471.21832275390625
2023-01-05,122.93354797363281,216.1562957763672,14.233373641967773,124.86137390136719,97.19373321533203,83.12000274658203,125.83497619628906,85.44235229492188,110.33999633789062,457.6375427246094
2023-01-06,127.45675659179688,218.7037811279297,14.826057434082031,127.25061798095703,98.36848449707031,86.08000183105469,128.88815307617188,86.57233428955078,113.05999755859375,457.6749267578125
2023-01-09,127.97794342041016,220.83316040039062,15.593353271484375,126.72481536865234,96.53517150878906,87.36000061035156,128.34295654296875,87.2463607788086,119.7699966430664,457.7309265136719
2023-01-10,128.54824829101562,222.51527404785156,15.873729705810547,127.8594970703125,97.9769058227539,89.87000274658203,131.83233642578125,87.64285278320312,118.8499984741211,453.93878173828125
2023-01-11,131.26219177246094,229.24371337890625,15.965524673461914,128.80966186523438,99.11608123779297,95.08999633789062,131.73318481445312,90.7155990600586,123.22000122070312,460.8505859375
2023-01-12,131.18353271484375,231.90785217285156,16.474397659301758,128.6805419921875,100.76251983642578,95.2699966430664,135.51992797851562,90.32901763916016,123.55999755859375,462.9707946777344
2023-01-13,132.51100158691406,232.60797119140625,16.861536026000977,131.92776489257812,100.70022583007812,98.12000274658203,135.78756713867188,91.31033325195312,122.4000015258789,457.2732238769531
2023-01-17,133.6713104248047,233.6969757080078,17.662757873535156,129.8890380859375,100.50442504882812,96.05000305175781,134.1816864013672,90.48761749267578,131.49000549316406,453.0794677734375
2023-01-18,132.95350646972656,229.28262329101562,17.338472366333008,125.98680877685547,98.43968963623047,95.45999908447266,131.86204528808594,90.31912231445312,128.77999877929688,444.8226318359375
2023-01-19,133.01246643066406,225.510009765625,16.72783088684082,124.3078384399414,99.07158660888672,93.68000030517578,134.9647979736328,92.23216247558594,127.16999816894531,452.4069519042969
2023-01-20,135.56907653808594,233.57052612304688,17.79945182800293,124.61225891113281,100.87822723388672,97.25,138.15676879882812,97.15848541259766,133.4199981689453,454.61126708984375
2023-01-23,138.75503540039062,235.86521911621094,19.150447845458984,126.6325454711914,100.3531265258789,97.5199966430664,142.0228271484375,98.91291809082031,143.75,453.7613220214844
2023-01-24,140.15135192871094,235.3401641845703,19.222288131713867,127.72113800048828,101.28759765625,96.31999969482422,141.89395141601562,96.8412857055664,143.88999938964844,459.1693420410156
2023-01-25,139.4925079345703,233.9497528076172,19.280162811279297,128.33920288085938,100.75362396240234,97.18000030517578,140.26821899414062,94.38308715820312,144.42999267578125,460.0099182128906
2023-01-26,141.55747985839844,241.1351776123047,19.758098602294922,129.13253784179688,104.80298614501953,99.22000122070312,146.01771545410156,96.66287994384766,160.27000427246094,459.9913330078125
2023-01-27,143.49459838867188,241.29075622558594,20.31985092163086,129.44622802734375,102.88954162597656,102.23999786376953,150.41912841796875,98.49661254882812,177.89999389648438,453.9854736328125
2023-01-30,140.6134796142578,235.99160766601562,19.11952018737793,128.3484649658203,101.06510162353516,100.55000305175781,145.7798309326172,96.08796691894531,166.66000366210938,453.74261474609375
2023-01-31,141.88194274902344,240.95045471191406,19.493684768676758,129.11412048339844,103.24553680419922,103.12999725341797,147.6732177734375,97.97126007080078,173.22000122070312,466.25860595703125
2023-02-01,143.00294494628906,245.75369262695312,20.896568298339844,128.7727813720703,102.11527252197266,105.1500015258789,151.7870635986328,99.54730224609375,181.41000366210938,464.2130432128906
2023-02-02,148.30296325683594,257.2756652832031,21.660871505737305,128.17315673828125,98.9202651977539,112.91000366210938,187.12672424316406,106.79302978515625,188.27000427246094,439.76947021484375
2023-02-03,151.9215850830078,251.19873046875,21.053220748901367,130.1565399169922,99.60555267333984,103.38999938964844,184.90621948242188,103.85906219482422,189.97999572753906,440.8809814453125
2023-02-06,149.19778442382812,249.66241455078125,21.04224395751953,130.92222595214844,99.43647003173828,102.18000030517578,184.4403076171875,101.99559783935547,194.75999450683594,443.88861083984375
2023-02-07,152.0690460205078,260.15374755859375,22.123844146728516,132.51815795898438,102.27546691894531,102.11000061035156,189.95193481445312,106.69391632080078,196.80999755859375,445.4205017089844
2023-02-08,149.3845977783203,259.3467712402344,22.15576934814453,131.58641052246094,101.385498046875,100.05000305175781,181.8332061767578,98.49661254882812,201.2899932861328,451.3421630859375
2023-02-09,148.35211181640625,256.32275390625,22.287479400634766,129.53843688964844,101.76818084716797,98.23999786376953,176.37120056152344,94.17491912841797,207.32000732421875,453.6866149902344
2023-02-10,148.71653747558594,255.81723022460938,21.21785545349121,130.1104278564453,106.0578384399414,97.61000061035156,172.63397216796875,93.73880004882812,196.88999938964844,461.64453125
2023-02-13,151.51339721679688,263.8096923828125,21.73969268798828,131.5218505859375,105.64529418945312,99.54000091552734,177.8680419921875,93.7784423828125,194.63999938964844,462.6719970703125
2023-02-14,150.87327575683594,264.63616943359375,22.920074462890625,132.10305786132812,104.4076919555664,99.69999694824219,177.91758728027344,93.84783935546875,209.25,460.31817626953125
2023-02-15,152.97093200683594,262.52093505859375,22.71352767944336,132.6565704345703,104.09381103515625,101.16000366210938,175.61782836914062,96.08796691894531,214.24000549316406,458.8423767089844
2023-02-16,151.37551879882812,255.5319061279297,21.953218460083008,130.8299560546875,103.78890228271484,98.1500015258789,170.93890380859375,94.67052459716797,202.0399932861328,455.1997375488281
2023-02-17,150.23312377929688,251.54515075683594,21.34058380126953,131.21742248535156,99.79804229736328,97.19999694824219,171.3750762939453,93.5207290649414,208.30999755859375,466.15582275390625
2023-02-21,146.22494506835938,246.29124450683594,20.609207153320312,128.80966186523438,99.69938659667969,94.58000183105469,170.58204650878906,90.98323059082031,197.3699951171875,458.89849853515625
2023-02-22,146.64842224121094,245.1605682373047,20.70798683166504,127.82261657714844,98.40797424316406,95.79000091552734,169.63037109375,90.84445190429688,200.86000061035156,456.6381530761719
2023-02-23,147.13095092773438,248.33827209472656,23.61153793334961,128.84657287597656,99.31375885009766,95.81999969482422,170.54237365722656,90.09114074707031,202.07000732421875,459.2533874511719
2023-02-24,144.48182678222656,242.92837524414062,23.234376907348633,130.0089569091797,99.32271575927734,93.5,168.90675354003906,88.34661102294922,196.8800048828125,452.37890625
2023-02-27,145.6734619140625,243.84463500976562,23.44889259338379,131.14361572265625,99.14337158203125,93.76000213623047,168.0641326904297,89.08010864257812,207.6300048828125,451.4355773925781
2023-02-28,145.1711883544922,243.12330627441406,23.164531707763672,132.24143981933594,98.56940460205078,94.2300033569336,173.41709899902344,89.2684326171875,205.7100067138672,444.5424499511719
2023-03-01,143.10308837890625,240.05282592773438,22.647676467895508,131.50340270996094,99.44828033447266,92.16999816894531,171.9103546142578,89.56581115722656,202.77000427246094,443.86993408203125
2023-03-02,143.69400024414062,244.77064514160156,23.262311935424805,130.1381072998047,99.90567016601562,92.12999725341797,173.01068115234375,91.19139099121094,190.89999389648438,446.18634033203125
2023-03-03,148.73623657226562,248.8451385498047,23.8370361328125,132.52737426757812,101.17017364501953,94.9000015258789,183.6373748779297,92.8268814086914,197.7899932861328,446.9895324707031
2023-03-06,151.49371337890625,250.38523864746094,23.50178337097168,131.7524871826172,102.06700897216797,93.75,183.29042053222656,94.29386901855469,193.80999755859375,449.0631408691406
2023-03-07,149.29757690429688,247.73390197753906,23.240318298339844,127.8779525756836,100.093994140625,93.55000305175781,182.90383911132812,93.0350341796875,187.7100067138672,442.6183776855469
2023-03-08,150.54827880859375,247.29527282714844,24.131484985351562,127.12151336669922,98.63219451904297,93.91999816894531,183.3598175048828,93.42160034179688,182.0,439.5547180175781
2023-03-09,148.3029022216797,245.95008850097656,23.388010025024414,120.23958587646484,97.86988067626953,92.25,180.10836791992188,91.5085678100586,172.9199981689453,434.2400817871094
2023-03-10,146.24464416503906,242.31423950195312,22.9179744720459,123.29309844970703,96.65918731689453,90.7300033569336,177.94735717773438,89.83341979980469,173.44000244140625,431.4936218261719
2023-03-13,148.18475341796875,247.50970458984375,22.918973922729492,121.07906341552734,95.54711151123047,92.43000030517578,179.3252410888672,90.3092041015625,174.47999572753906,434.6338195800781
2023-03-14,150.2725372314453,254.206298828125,24.013729095458984,124.18792724609375,95.90585327148438,94.87999725341797,192.3310546875,93.14407348632812,183.25999450683594,435.4773864746094
2023-03-15,150.66647338867188,258.7388610839844,24.17839241027832,118.32077026367188,91.13477325439453,96.19999694824219,196.02854919433594,95.2652587890625,180.4499969482422,436.27410888671875
2023-03-16,153.4829864501953,269.2272644042969,25.48870277404785,120.61780548095703,90.60565948486328,100.04000091552734,203.1460418701172,99.43824768066406,184.1300048828125,442.4512939453125
2023-03-17,152.64593505859375,272.375732421875,25.67232894897461,116.06062316894531,89.5384292602539,98.94999694824219,193.90716552734375,100.7268295288086,180.1300048828125,440.08917236328125
2023-03-20,155.00946044921875,265.35748291015625,25.846965789794922,117.28755950927734,91.87913513183594,97.70999908447266,196.08804321289062,100.3303451538086,183.25,447.0819091796875
2023-03-21,156.86094665527344,266.8683166503906,26.145355224609375,120.43330383300781,95.99553680419922,100.61000061035156,200.40016174316406,103.99783325195312,197.5800018310547,450.0251770019531
2023-03-22,155.43295288085938,265.4159240722656,26.41380500793457,117.32444763183594,93.79832458496094,98.69999694824219,198.07061767578125,102.4614486694336,191.14999389648438,445.7320861816406
2023-03-23,156.51625061035156,270.6504211425781,27.135326385498047,117.01081085205078,92.74007415771484,98.70999908447266,202.50173950195312,104.6718521118164,192.22000122070312,440.4735412597656
2023-03-24,157.8162078857422,273.4869384765625,26.72416877746582,115.23038482666016,92.84769439697266,98.12999725341797,204.21664428710938,104.51325988769531,190.41000366210938,446.1726379394531
2023-03-27,155.87611389160156,269.4027099609375,26.47667694091797,118.53295135498047,94.88349151611328,98.04000091552734,201.07424926757812,101.5594482421875,191.80999755859375,451.7124328613281
2023-03-28,155.2556915283203,268.28179931640625,26.35592269897461,118.89273071289062,96.06729125976562,97.23999786376953,198.9330596923828,100.14202117919922,189.19000244140625,442.97625732421875
2023-03-29,158.3283233642578,273.42840576171875,26.928749084472656,119.13258361816406,97.7174301147461,100.25,203.5624237060547,100.49885559082031,193.8800048828125,437.3614807128906
2023-03-30,159.8941192626953,276.87908935546875,27.326929092407227,118.77281188964844,98.19273376464844,102.0,206.03073120117188,100.00325012207031,195.27999877929688,440.61407470703125
2023-03-31,162.39556884765625,281.021728515625,27.72012710571289,120.21192169189453,98.34522247314453,103.29000091552734,210.09506225585938,102.81829071044922,207.4600067138672,442.985595703125
2023-04-03,163.6462860107422,279.978759765625,27.90774154663086,120.07353973388672,104.14762115478516,102.41000366210938,211.2152099609375,103.4427490234375,194.77000427246094,463.2325134277344
2023-04-04,163.114501953125,279.92999267578125,27.396785736083984,118.46837615966797,103.15216827392578,103.94999694824219,212.850830078125,103.79959106445312,192.5800018310547,462.3514404296875
2023-04-05,161.27288818359375,277.1617431640625,26.825958251953125,118.64502716064453,104.91886901855469,101.0999984741211,209.6390380859375,103.55177307128906,185.52000427246094,477.33038330078125
2023-04-06,162.15924072265625,284.23846435546875,26.981639862060547,118.51485443115234,103.17906951904297,102.05999755859375,214.2188262939453,107.46707153320312,185.05999755859375,480.6861267089844
2023-04-10,159.5691680908203,282.08428955078125,27.52252960205078,118.90534973144531,102.72167205810547,102.16999816894531,212.88058471679688,105.50446319580078,184.50999450683594,482.90765380859375
2023-04-11,158.35781860351562,275.6897888183594,27.11336898803711,119.49109649658203,103.44810485839844,99.91999816894531,211.98841857910156,104.4240493774414,186.7899932861328,488.33489990234375
2023-04-12,157.66847229003906,276.3331604003906,26.440750122070312,119.47249603271484,103.34048461914062,97.83000183105469,212.13710021972656,103.72030639648438,180.5399932861328,488.5411682128906
2023-04-13,163.04556274414062,282.5229187011719,26.408811569213867,119.9280776977539,103.82476806640625,102.4000015258789,218.43182373046875,106.48576354980469,185.89999389648438,493.26544189453125
2023-04-14,162.7008819580078,278.91632080078125,26.70320701599121,128.9838104248047,104.07588195800781,102.51000213623047,219.56190490722656,107.91311645507812,185.0,479.7300720214844
2023-04-17,162.72056579589844,281.5091247558594,26.94671058654785,130.00653076171875,102.86517333984375,102.73999786376953,216.95480346679688,105.03860473632812,187.0399932861328,473.6934509277344
2023-04-18,163.9416961669922,281.0899658203125,27.6103458404541,131.46621704101562,104.8740463256836,102.30000305175781,215.9932403564453,103.58153533935547,184.30999755859375,472.8779602050781
2023-04-19,165.0841064453125,281.1679992675781,27.87380599975586,131.2989044189453,104.5422134399414,104.30000305175781,213.8223114013672,103.26432800292969,180.58999633789062,455.7430114746094
2023-04-20,164.1190185546875,278.8870544433594,27.04850196838379,130.91769409179688,103.70817565917969,103.80999755859375,211.2152099609375,104.36457061767578,162.99000549316406,456.92413330078125
2023-04-21,162.5137481689453,278.5459289550781,27.0634708404541,130.6666259765625,104.04000854492188,106.95999908447266,211.03675842285156,104.48352813720703,165.0800018310547,453.51214599609375
2023-04-24,162.81906127929688,274.6566162109375,26.986631393432617,130.84329223632812,106.0040512084961,106.20999908447266,210.93763732910156,105.03860473632812,162.5500030517578,458.3114013671875
2023-04-25,161.28274536132812,268.4669494628906,26.187267303466797,127.99825286865234,104.49736785888672,102.56999969482422,205.74325561523438,102.9372329711914,160.6699981689453,461.1047668457031
2023-04-26,161.27288818359375,287.91326904296875,26.90080451965332,125.72970581054688,103.53778076171875,104.9800033569336,207.5771484375,102.7984619140625,153.75,452.69671630859375
2023-04-27,165.8522491455078,297.13446044921875,27.17025375366211,127.42185974121094,104.77539825439453,109.81999969482422,236.48330688476562,106.64435577392578,160.19000244140625,459.7455749511719
2023-04-28,167.1029510498047,299.5031433105469,27.692182540893555,128.52821350097656,106.12959289550781,105.44999694824219,238.2279815673828,106.39655303955078,164.30999755859375,461.2641296386719
2023-05-01,167.01437377929688,297.8460693359375,28.850805282592773,131.28030395507812,102.8382568359375,102.05000305175781,241.06309509277344,106.25777435302734,161.8300018310547,464.6479187011719
2023-05-02,165.9803009033203,297.6998596191406,28.15223503112793,129.16046142578125,98.73979187011719,103.62999725341797,237.1573944091797,104.39430236816406,160.30999755859375,462.4826965332031
2023-05-03,164.9068603515625,296.7153015136719,27.745073318481445,126.42699432373047,96.79369354248047,103.6500015258789,234.96664428710938,104.48352813720703,160.61000061035156,458.7800598144531
2023-05-04,163.27203369140625,297.6998596191406,27.505565643310547,124.69767761230469,95.09871673583984,104.0,231.48719787597656,103.76985168457031,161.1999969482422,456.75543212890625
2023-05-05,170.9339141845703,302.8075256347656,28.621278762817383,127.13358306884766,97.46630096435547,105.66000366210938,230.7536163330078,104.6421127319336,170.05999755859375,463.3169250488281
2023-05-08,170.86495971679688,300.8580322265625,29.091306686401367,127.4404296875,97.8519515991211,105.83000183105469,231.23936462402344,106.82278442382812,171.7899932861328,461.7608947753906
2023-05-09,169.16123962402344,299.2496337890625,28.51249885559082,126.82681274414062,97.87884521484375,106.62000274658203,231.33847045898438,106.40647888183594,169.14999389648438,459.6612243652344
2023-05-10,170.92404174804688,304.4256286621094,28.825857162475586,126.89189910888672,96.623291015625,110.19000244140625,231.05101013183594,110.76780700683594,168.5399932861328,459.3706970214844
2023-05-11,171.11117553710938,302.2811584472656,28.519485473632812,126.49210357666016,94.87450408935547,112.18000030517578,233.7374267578125,115.54541778564453,172.0800018310547,458.1427001953125
2023-05-12,170.1841583251953,301.1699523925781,28.281965255737305,124.67910766601562,94.86553955078125,110.26000213623047,231.77468872070312,116.47718048095703,167.97999572753906,460.4579162597656
2023-05-15,169.6910858154297,301.6475524902344,28.893714904785156,125.72970581054688,95.04645538330078,111.19999694824219,236.7806854248047,115.4859619140625,166.35000610351562,456.36175537109375
2023-05-16,169.6910858154297,303.8700256347656,29.153186798095703,124.88363647460938,92.73971557617188,113.4000015258789,236.7410430908203,118.45960235595703,166.52000427246094,449.6689758300781
2023-05-17,170.30247497558594,306.7420654296875,30.116207122802734,128.72349548339844,94.8203125,115.5,240.3790740966797,119.77790069580078,173.86000061035156,454.44012451171875
2023-05-18,172.62989807128906,311.1575927734375,31.61313819885254,129.69973754882812,95.6796646118164,118.1500015258789,244.70114135742188,121.75040435791016,176.88999938964844,449.20965576171875
2023-05-19,172.7383575439453,310.9817199707031,31.199983596801758,129.4022216796875,96.12294006347656,116.25,243.50167846679688,121.6810302734375,180.13999938964844,448.8253479003906
2023-05-22,171.79159545898438,313.756103515625,31.112167358398438,128.33297729492188,94.95600128173828,115.01000213623047,246.15835571289062,123.95089721679688,188.8699951171875,450.5126037597656
2023-05-23,169.1881103515625,307.9729309082031,30.625164031982422,126.99414825439453,96.24957275390625,114.98999786376953,244.59210205078125,121.48278045654297,185.77000427246094,449.4064636230469
2023-05-24,169.46424865722656,306.5955505371094,30.4754695892334,125.83194732666016,97.3260498046875,116.75,247.04061889648438,119.83737182617188,182.89999389648438,450.70941162109375
2023-05-25,170.59835815429688,318.38653564453125,37.90223693847656,126.1387710571289,95.58016967773438,115.0,250.4903106689453,122.39470672607422,184.47000122070312,447.7755126953125
2023-05-26,173.00460815429688,325.19549560546875,38.86625289916992,127.31956481933594,94.95600128173828,120.11000061035156,259.7589111328125,123.5147705078125,193.1699981689453,451.35626220703125
2023-05-30,174.84877014160156,323.5542297363281,40.02886962890625,127.80304718017578,94.11471557617188,121.66000366210938,260.2347717285156,122.58302307128906,201.16000366210938,449.79083251953125
2023-05-31,174.7994842529297,320.7994689941406,37.75653839111328,126.17596435546875,92.43216705322266,120.58000183105469,262.4156188964844,121.7900619506836,203.92999267578125,456.7178955078125
2023-06-01,177.60018920898438,324.8926086425781,39.68856430053711,127.91461181640625,93.49958801269531,122.7699966430664,270.23687744140625,122.6325912475586,207.52000427246094,462.7076416015625
2023-06-02,178.44830322265625,327.6474304199219,39.2464714050293,130.6015625,95.6706314086914,124.25,270.23687744140625,123.57423400878906,213.97000122070312,468.2848815917969
2023-06-05,177.0972442626953,328.17498779296875,39.09079360961914,129.31851196289062,95.24546813964844,125.30000305175781,269.0274658203125,124.90247344970703,217.61000061035156,466.9819641113281
2023-06-06,176.73236083984375,325.9671630859375,38.574851989746094,129.55093383789062,96.0234375,126.61000061035156,268.75982666015625,126.1910400390625,221.30999755859375,457.0272216796875
2023-06-07,175.361572265625,315.90521240234375,37.402137756347656,130.80612182617188,98.17638397216797,121.2300033569336,261.3053283691406,121.4233169555664,224.57000732421875,451.927978515625
2023-06-08,178.07351684570312,317.7418518066406,38.43511962890625,130.84329223632812,97.86881256103516,124.25,262.2767639160156,121.06648254394531,234.86000061035156,459.5206604003906
2023-06-09,178.45816040039062,319.23638916015625,38.694618225097656,131.10360717773438,97.14513397216797,123.43000030517578,262.64361572265625,121.15569305419922,244.39999389648438,462.6982116699219
2023-06-12,181.24900817871094,324.17950439453125,39.40523147583008,131.09434509277344,96.2676773071289,126.56999969482422,268.6904602050781,122.55328369140625,249.8300018310547,461.73272705078125
2023-06-13,180.7756805419922,326.5631103515625,40.942237854003906,132.04269409179688,96.2857666015625,126.66000366210938,268.9581298828125,122.74162292480469,258.7099914550781,460.532958984375
2023-06-14,181.40682983398438,329.5425720214844,42.91339874267578,131.5499267578125,95.12786865234375,126.41999816894531,270.97039794921875,122.58302307128906,256.7900085449219,431.0530700683594
2023-06-15,183.4383544921875,340.0538635253906,42.570072174072266,133.03750610351562,95.78823852539062,127.11000061035156,279.3766174316406,123.99054718017578,255.89999389648438,438.4980163574219
2023-06-16,182.36341857910156,334.417236328125,42.60899353027344,133.19557189941406,95.10072326660156,125.48999786376953,278.5538330078125,122.44424438476562,260.5400085449219,431.5331115722656
2023-06-20,182.45216369628906,330.23614501953125,43.72282791137695,132.51687622070312,92.92063903808594,125.77999877929688,281.8548583984375,122.01803588867188,274.45001220703125,441.7922668457031
2023-06-21,181.4167022705078,325.84991455078125,42.961307525634766,132.3216094970703,93.96094512939453,124.83000183105469,279.18829345703125,119.4904556274414,259.4599914550781,448.7195129394531
2023-06-22,184.41465759277344,331.8577575683594,42.94134521484375,129.77410888671875,93.44529724121094,130.14999389648438,282.4000549316406,122.06758880615234,264.6099853515625,450.8843078613281
2023-06-23,184.0990447998047,327.2761535644531,42.12693405151367,129.09539794921875,92.63115692138672,129.3300018310547,286.2165832519531,121.26471710205078,256.6000061035156,448.954833984375
2023-06-26,182.70855712890625,321.00457763671875,40.55299758911133,129.41148376464844,94.34086608886719,127.33000183105469,276.0458679199219,117.29987335205078,241.0500030517578,450.8936767578125
2023-06-27,185.45999145507812,326.83660888671875,41.794578552246094,129.42079162597656,94.57606506347656,129.17999267578125,284.5511779785156,117.28996276855469,250.2100067138672,454.1878662109375
2023-06-28,186.63352966308594,328.0870056152344,41.03704833984375,128.8536834716797,95.344970703125,129.0399932861328,282.8064880371094,119.12370300292969,256.239990234375,446.55474853515625
2023-06-29,186.96885681152344,327.3055114746094,40.74263381958008,133.3536376953125,96.52095794677734,127.9000015258789,279.0792236328125,118.05319213867188,257.5,448.4277038574219
2023-06-30,191.2882843017578,332.6685791015625,42.21975326538086,135.22242736816406,97.01848602294922,130.36000061035156,284.4818115234375,118.6479263305664,261.7699890136719,452.3807678222656
2023-07-03,189.7991943359375,330.1775207519531,42.330528259277344,136.3102264404297,97.20845794677734,130.22000122070312,283.5301513671875,118.8461685180664,279.82000732421875,449.7830505371094
2023-07-05,188.68478393554688,330.3338623046875,42.23472595214844,135.4021759033203,96.71092987060547,130.3800048828125,291.8074645996094,120.67990112304688,282.4800109863281,443.5146179199219
2023-07-06,189.1581573486328,333.3817138671875,42.02114486694336,134.0635223388672,93.10157775878906,128.36000061035156,289.44818115234375,119.05431365966797,276.5400085449219,441.76397705078125
2023-07-07,188.0437774658203,329.4253234863281,42.420352935791016,135.121337890625,93.31866455078125,129.77999877929688,288.0008544921875,118.42985534667969,274.42999267578125,434.4414367675781
2023-07-10,186.00241088867188,324.159912109375,42.097984313964844,135.87957763671875,94.70272064208984,127.12999725341797,291.5398254394531,115.42646789550781,269.6099853515625,435.8249206542969
2023-07-11,185.479736328125,324.78509521484375,42.322547912597656,138.00460815429688,95.86060333251953,128.77999877929688,295.6933288574219,116.11042022705078,269.7900085449219,435.6744384765625
2023-07-12,187.14634704589844,329.40582275390625,43.8166389465332,138.68797302246094,96.33099365234375,130.8000030517578,306.6471862792969,117.88468933105469,271.989990234375,425.142333984375
2023-07-13,187.9056854248047,334.7396545410156,45.887611389160156,139.3620147705078,94.5670166015625,134.3000030517578,310.6817321777344,123.44538879394531,277.8999938964844,421.424560546875
2023-07-14,188.05364990234375,337.25994873046875,45.38059997558594,140.2045440673828,91.31045532226562,134.67999267578125,306.1812744140625,124.31763458251953,281.3800048828125,451.93841552734375
2023-07-17,191.30804443359375,337.7386474609375,46.370662689208984,143.58396911621094,91.70846557617188,133.55999755859375,307.9160461425781,123.55441284179688,290.3800048828125,455.6184387207031
2023-07-18,191.05157470703125,351.1805725097656,47.40165710449219,143.8460693359375,91.2923583984375,132.8300018310547,309.33355712890625,122.67223358154297,293.3399963378906,470.6025085449219
2023-07-19,192.4026641845703,346.8725891113281,46.98546600341797,144.3983917236328,91.92558288574219,135.36000061035156,313.2591247558594,120.95744323730469,291.260009765625,474.08502197265625
2023-07-20,190.45989990234375,338.8522644042969,45.43149185180664,146.1770477294922,93.54481506347656,129.9600067138672,299.88653564453125,118.15232849121094,262.8999938964844,474.5931701660156
2023-07-21,189.28636169433594,335.823974609375,44.22285079956055,145.05368041992188,93.9790267944336,130.0,291.6983947753906,118.96510314941406,260.0199890136719,476.7485656738281
2023-07-24,190.08514404296875,337.13299560546875,44.52525329589844,147.9088897705078,95.45352935791016,128.8000030517578,289.0715026855469,120.46183013916016,269.05999755859375,478.7721862792969
2023-07-25,190.943115234375,342.8672790527344,45.59019088745117,146.80426025390625,95.5982666015625,129.1300048828125,291.9066467285156,121.1358642578125,265.2799987792969,480.889892578125
2023-07-26,191.81094360351562,329.9626159667969,45.363624572753906,147.6842041015625,95.0645523071289,128.14999389648438,295.97088623046875,128.13381958007812,264.3500061035156,478.1322021484375
2023-07-27,190.5486602783203,323.07562255859375,45.810760498046875,146.0553436279297,95.36306762695312,128.25,308.9964904785156,128.26266479492188,255.7100067138672,475.5250549316406
2023-07-28,193.12255859375,330.5487060546875,46.65910339355469,146.88851928710938,94.22328186035156,132.2100067138672,322.6466979980469,131.4147186279297,266.44000244140625,473.3414306640625
2023-07-31,193.73399353027344,328.1554260253906,46.63813018798828,147.8714599609375,97.00944519042969,133.67999267578125,315.8265075683594,131.55349731445312,267.42999267578125,476.5979309082031
2023-08-01,192.90562438964844,328.565673828125,46.41657638549805,147.1412811279297,96.44859313964844,131.69000244140625,319.9007263183594,130.39376831054688,261.07000732421875,475.06378173828125
2023-08-02,189.91749572753906,319.9300537109375,44.182926177978516,145.47494506835938,95.24546813964844,128.2100067138672,311.5738525390625,127.25161743164062,254.11000061035156,475.12030029296875
2023-08-03,188.5269775390625,319.10943603515625,44.42845153808594,146.36427307128906,96.9009017944336,128.91000366210938,310.4636535644531,127.32100677490234,259.32000732421875,475.17669677734375
2023-08-04,179.47389221191406,320.20355224609375,44.59313201904297,146.0553436279297,97.17227935791016,139.57000732421875,308.02508544921875,126.9840087890625,253.86000061035156,473.1719665527344
2023-08-07,176.37730407714844,322.4797058105469,45.32870101928711,146.74806213378906,96.97325897216797,142.22000122070312,313.8043518066406,130.3739471435547,251.4499969482422,480.7110290527344
2023-08-08,177.31419372558594,318.51348876953125,44.57716369628906,145.9242706298828,97.45269775390625,139.94000244140625,309.9184875488281,130.24508666992188,249.6999969482422,476.1178894042969
2023-08-09,175.72645568847656,314.7818603515625,42.47126007080078,143.9677734375,99.10812377929688,137.85000610351562,302.5531005859375,128.52037048339844,242.19000244140625,472.5885009765625
2023-08-10,175.50949096679688,315.4656677246094,42.30558776855469,143.75245666503906,99.61470031738281,138.55999755859375,303.0784912109375,128.5501251220703,245.33999633789062,473.8778991699219
2023-08-11,175.5687255859375,313.59002685546875,40.77556610107422,144.5856170654297,101.16157531738281,138.41000366210938,299.01422119140625,128.4212646484375,242.64999389648438,478.14154052734375
2023-08-14,177.21788024902344,316.5500183105469,43.66792678833008,144.88516235351562,101.24298858642578,140.57000732421875,303.52459716796875,130.17568969726562,239.75999450683594,480.889892578125
2023-08-15,175.2329864501953,314.42041015625,43.85456466674805,141.19683837890625,98.64373016357422,137.6699981689453,299.3214416503906,128.6393280029297,232.9600067138672,476.8991394042969
2023-08-16,174.36399841308594,313.6567687988281,43.40144348144531,140.59771728515625,96.98385620117188,135.07000732421875,291.7281494140625,127.56880950927734,225.60000610351562,473.9531555175781
2023-08-17,171.8260955810547,310.2109069824219,43.25971984863281,139.13735961914062,98.86260986328125,133.97999572753906,282.6082763671875,128.77809143066406,219.22000122070312,464.9176025390625
2023-08-18,172.3099822998047,309.8193054199219,43.214813232421875,139.4556121826172,100.35832214355469,133.22000122070312,280.7843017578125,126.3397216796875,215.49000549316406,469.1342468261719
2023-08-21,173.64309692382812,315.1056213378906,46.87568283081055,139.9330291748047,99.14533233642578,134.67999267578125,287.3763732910156,127.24170684814453,231.27999877929688,468.4189147949219
2023-08-22,175.0157470703125,315.6734313964844,45.579200744628906,137.03103637695312,98.58899688720703,134.25,285.0964050292969,127.94548797607422,233.19000244140625,463.392822265625
2023-08-23,178.85714721679688,320.11798095703125,47.02439880371094,137.95777893066406,97.72259521484375,135.52000427246094,291.6786193847656,131.20655822753906,236.86000061035156,460.66339111328125
2023-08-24,174.1763458251953,313.23583984375,47.07129669189453,137.82672119140625,96.99298095703125,131.83999633789062,284.2538146972656,128.6393280029297,230.0399932861328,459.40216064453125
2023-08-25,176.3784942626953,316.18255615234375,45.928531646728516,137.6582489013672,98.7258071899414,133.25999450683594,283.01470947265625,128.7384490966797,238.58999633789062,460.3621520996094
2023-08-28,177.93878173828125,316.88739013671875,46.74393844604492,138.1356658935547,99.55574798583984,133.13999938964844,287.73333740234375,129.85850524902344,238.82000732421875,462.395263671875
2023-08-29,181.81967163085938,321.4982604980469,48.689144134521484,139.25904846191406,100.14855194091797,134.91000366210938,295.39593505859375,133.38722229003906,257.17999267578125,463.85400390625
2023-08-30,185.30555725097656,321.8702392578125,49.168212890625,138.69735717773438,101.12442016601562,135.07000732421875,292.5310974121094,134.6857147216797,256.8999938964844,462.63055419921875
2023-08-31,185.52281188964844,320.86187744140625,49.2590446472168,136.98422241210938,101.40713500976562,138.00999450683594,293.31427001953125,134.97315979003906,258.0799865722656,448.5594787597656
2023-09-01,187.09295654296875,321.7429504394531,48.41468048095703,137.44293212890625,103.53213500976562,138.1199951171875,293.7999267578125,134.46763610839844,245.00999450683594,448.23944091796875
2023-09-05,187.32997131347656,326.53009033203125,48.45361328125,135.9263916015625,103.541259765625,137.27000427246094,297.5371398925781,134.57667541503906,256.489990234375,452.540771484375
2023-09-06,180.62478637695312,325.8741760253906,46.973365783691406,135.70175170898438,104.43504333496094,135.36000061035156,296.5657043457031,133.27818298339844,251.9199981689453,448.8983154296875
2023-09-07,175.34161376953125,322.9666748046875,46.15489196777344,134.54092407226562,103.92430877685547,137.85000610351562,296.0700378417969,134.0711669921875,251.49000549316406,456.3055725097656
2023-09-08,175.95387268066406,327.2348937988281,45.48714065551758,134.64389038085938,105.4382553100586,138.22999572753906,295.29681396484375,135.1813201904297,248.5,454.2646789550781
2023-09-11,177.11912536621094,330.8276672363281,45.093875885009766,135.23367309570312,104.11582946777344,143.10000610351562,304.88262939453125,135.716552734375,273.5799865722656,452.9512939453125
2023-09-12,174.09735107421875,324.7875061035156,44.78644561767578,136.9936065673828,107.15283966064453,141.22999572753906,299.0340576171875,134.1504669189453,267.4800109863281,453.4426574707031
2023-09-13,172.0334930419922,328.9872131347656,45.400299072265625,137.0591278076172,106.19524383544922,144.85000610351562,302.4043884277344,135.5084228515625,271.29998779296875,453.3859558105469
2023-09-14,173.5443572998047,331.5716857910156,45.49612808227539,139.7177276611328,108.09222412109375,144.72000122070312,309.0064392089844,136.88619995117188,276.0400085449219,456.93865966796875
2023-09-15,172.823486328125,323.2701110839844,43.81825256347656,139.30584716796875,106.43234252929688,140.38999938964844,297.6957702636719,136.1923370361328,274.3900146484375,459.8677673339844
2023-09-18,175.74647521972656,322.1344909667969,43.88412857055664,139.59603881835938,107.2896499633789,139.97999572753906,299.9162902832031,136.9952392578125,265.2799987792969,459.2630615234375
2023-09-19,176.832763671875,321.7331848144531,43.438961029052734,139.41818237304688,107.00692749023438,137.6300048828125,302.41436767578125,136.82672119140625,266.5,454.1607360839844
2023-09-20,173.29747009277344,314.0190734863281,42.16034698486328,138.82843017578125,106.15874481201172,135.2899932861328,297.0613708496094,132.56454467773438,262.5899963378906,464.9984436035156
2023-09-21,171.7569580078125,312.8050842285156,40.94062042236328,137.7424774169922,104.66305541992188,129.3300018310547,293.1556091308594,129.29351806640625,255.6999969482422,473.51165771484375
2023-09-22,172.60623168945312,310.338134765625,41.53252029418945,136.42254638671875,104.82720184326172,129.1199951171875,296.4764404296875,129.1051788330078,244.8800048828125,478.1982116699219
2023-09-25,173.88009643554688,310.8569641113281,42.14337158203125,137.0965576171875,106.00370788574219,131.27000427246094,298.21124267578125,129.95762634277344,246.99000549316406,482.14776611328125
2023-09-26,169.8115997314453,305.5706787109375,41.83295822143555,135.6736297607422,106.1678695678711,125.9800033569336,296.35748291015625,127.4399642944336,244.1199951171875,477.5840759277344
2023-09-27,168.30067443847656,306.20697021484375,42.388919830322266,136.4693603515625,109.6244125366211,125.9800033569336,295.1481018066406,129.3926544189453,240.5,475.9588928222656
2023-09-28,168.55747985839844,307.0390930175781,43.008766174316406,138.1637420654297,108.95863342285156,125.9800033569336,301.31396484375,131.14706420898438,246.3800048828125,481.9776916503906
2023-09-29,169.07095336914062,309.1046447753906,43.417999267578125,135.75790405273438,107.23493194580078,127.12000274658203,297.5965881347656,129.70982360839844,250.22000122070312,476.3935546875
2023-10-02,171.5792236328125,315.02728271484375,44.6986083984375,134.58775329589844,105.45650482177734,129.4600067138672,304.1490783691406,132.99073791503906,251.60000610351562,486.2012634277344
2023-10-03,170.24609375,306.79437255859375,43.43596267700195,133.5954132080078,105.63888549804688,124.72000122070312,298.3203430175781,131.26605224609375,246.52999877929688,481.3824462890625
2023-10-04,171.4903564453125,312.24713134765625,43.958984375,134.19456481933594,101.68985748291016,127.0,302.9198303222656,134.05136108398438,261.1600036621094,482.46905517578125
2023-10-05,172.72474670410156,312.6386413574219,44.60478210449219,134.76036071777344,99.40070343017578,125.95999908447266,302.1367492675781,133.88282775878906,260.04998779296875,487.769775390625
2023-10-06,175.27252197265625,320.3724670410156,45.676788330078125,136.83506774902344,97.74083709716797,127.95999908447266,312.68414306640625,136.37075805664062,260.5299987792969,495.876708984375
2023-10-09,176.75376892089844,322.8785095214844,45.18869400024414,136.5238800048828,101.16088104248047,128.25999450683594,315.588623046875,137.203369140625,259.6700134277344,497.4831237792969
2023-10-10,176.16127014160156,321.4786682128906,45.71272277832031,137.35374450683594,100.73223114013672,129.47999572753906,319.0383605957031,136.8465576171875,263.6199951171875,495.3381652832031
2023-10-11,177.5536346435547,325.4237976074219,46.718841552734375,137.82525634765625,97.12065887451172,131.8300018310547,324.96630859375,139.31468200683594,262.989990234375,495.2342834472656
2023-10-12,178.45230102539062,324.1903381347656,46.85758590698242,137.50462341308594,97.10242462158203,132.3300018310547,321.338134765625,137.74856567382812,258.8699951171875,496.5664367675781
2023-10-13,176.61550903320312,320.8325500488281,45.37635040283203,139.56988525390625,100.20327758789062,129.7899932861328,311.9505920410156,136.15269470214844,251.1199951171875,509.66229248046875
2023-10-16,176.4871368408203,325.63916015625,46.0091667175293,139.4284210205078,100.2762451171875,132.5500030517578,318.3543701171875,137.8773956298828,253.9199981689453,508.36798095703125
2023-10-17,174.93673706054688,325.0714111328125,43.85618591308594,139.12664794921875,101.58953857421875,131.47000122070312,321.1795959472656,138.49197387695312,254.85000610351562,507.0640563964844
2023-10-18,173.64309692382812,323.1624450683594,42.11742401123047,137.5989532470703,103.01227569580078,128.1300048828125,314.21075439453125,136.74742126464844,242.67999267578125,506.50653076171875
2023-10-19,173.26785278320312,324.3470458984375,42.02260971069336,137.01422119140625,103.07612609863281,128.39999389648438,310.08697509765625,136.5392608642578,220.11000061035156,502.3207092285156
2023-10-20,170.72010803222656,319.79486083984375,41.30992889404297,134.80755615234375,101.30682373046875,125.16999816894531,305.96319580078125,134.40818786621094,211.99000549316406,497.9743347167969
2023-10-23,170.8385772705078,322.3890686035156,42.89498519897461,132.96861267089844,99.82022857666016,126.55999755859375,311.2765197753906,135.30027770996094,212.0800018310547,492.81536865234375
2023-10-24,171.2731170654297,323.5735778808594,43.58169174194336,133.12892150878906,98.85350036621094,128.55999755859375,309.8292236328125,137.5899658203125,216.52000427246094,496.0562744140625
2023-10-25,168.96234130859375,333.500244140625,41.70119857788086,132.40277099609375,99.03589630126953,121.38999938964844,296.92254638671875,124.5059814453125,212.4199981689453,500.9789123535156
2023-10-26,164.804931640625,320.9891662597656,40.250911712646484,132.74227905273438,98.13299560546875,119.56999969482422,285.83984375,121.20525360107422,205.75999450683594,499.2310485839844
2023-10-27,166.11830139160156,322.8687438964844,40.42457962036133,127.96104431152344,96.26336669921875,127.73999786376953,294.14697265625,121.0962142944336,207.3000030517578,495.7349548339844
2023-10-30,168.16244506835938,330.2109375,41.084354400634766,129.59251403808594,96.56432342529297,132.7100067138672,300.0252685546875,123.3660888671875,197.36000061035156,500.7712097167969
2023-10-31,168.63645935058594,330.99407958984375,40.70405960083008,131.13909912109375,96.5369644165039,133.08999633789062,298.6473693847656,122.98943328857422,200.83999633789062,506.0340270996094
2023-11-01,171.7964630126953,338.7865295410156,42.24618911743164,131.0259552001953,96.3454360961914,137.0,309.13531494140625,125.33858489990234,205.66000366210938,502.2923278808594
2023-11-02,175.35153198242188,340.9892578125,43.424991607666016,133.36468505859375,99.5101547241211,138.07000732421875,308.1638488769531,126.36946105957031,218.50999450683594,506.5726623535156
2023-11-03,174.44297790527344,345.37493896484375,44.92119598388672,134.85467529296875,98.29716491699219,138.60000610351562,311.8614196777344,127.96530151367188,219.9600067138672,501.63104248046875
2023-11-06,176.99075317382812,349.02642822265625,45.66580581665039,135.87319946289062,96.55522155761719,139.74000549316406,313.0509338378906,129.1051788330078,219.27000427246094,504.0498046875
2023-11-07,179.5484161376953,352.9422607421875,45.86943435668945,135.80715942382812,95.041259765625,142.7100067138672,316.044677734375,129.8188934326172,222.17999267578125,508.178955078125
2023-11-08,180.6050262451172,355.5559997558594,46.487281799316406,136.47671508789062,93.8738784790039,142.0800018310547,316.99627685546875,130.68124389648438,222.11000061035156,507.1394348144531
2023-11-09,180.13101196289062,353.098876953125,46.862571716308594,136.07118225097656,93.90125274658203,140.60000610351562,317.75958251953125,129.0952911376953,209.97999572753906,509.2844543457031
2023-11-10,184.31369018554688,361.889892578125,48.244998931884766,138.0893096923828,94.62173461914062,143.55999755859375,325.90802001953125,131.42462158203125,214.64999389648438,511.3726501464844
2023-11-13,182.73159790039062,358.9627380371094,48.52946472167969,137.47634887695312,95.61582946777344,142.58999633789062,326.3243408203125,130.9290008544922,223.7100067138672,512.6575927734375
2023-11-14,185.34205627441406,362.4772644042969,49.563533782958984,139.98486328125,95.98397827148438,145.8000030517578,333.38238525390625,132.445556640625,237.41000366210938,510.6640319824219
2023-11-15,185.90567016601562,362.6244201660156,48.79697036743164,141.21075439453125,95.40414428710938,143.1999969482422,329.813720703125,133.43679809570312,242.83999633789062,508.7270202636719
2023-11-16,187.58663940429688,369.00048828125,49.38786315917969,142.8233642578125,94.29972076416016,142.8300018310547,331.2808532714844,135.7264862060547,233.58999633789062,510.0592346191406
2023-11-17,187.56686401367188,362.8009338378906,49.206207275390625,144.11534118652344,96.60061645507812,145.17999267578125,332.1234436035156,134.1207275390625,234.3000030517578,506.7237548828125
2023-11-20,189.30715942382812,370.24627685546875,50.31513214111328,144.55856323242188,96.17724609375,146.1300048828125,337.01055908203125,135.0524444580078,235.60000610351562,505.59942626953125
2023-11-21,188.5062255859375,365.9595642089844,49.85099792480469,144.2567901611328,96.14042663574219,143.89999389648438,334.04656982421875,135.76614379882812,241.1999969482422,509.8418884277344
2023-11-22,189.1687469482422,370.64849853515625,48.62528991699219,144.59628295898438,95.72628021240234,146.7100067138672,338.51727294921875,137.2727813720703,234.2100067138672,513.7820434570312
2023-11-24,187.84371948242188,370.2364501953125,47.687034606933594,144.7943115234375,96.24166870117188,146.74000549316406,335.2856750488281,135.4886016845703,235.4499969482422,516.9378051757812
2023-11-27,187.6657257080078,371.3940124511719,48.15217208862305,144.46426391601562,95.68025207519531,147.72999572753906,331.786376953125,135.2110595703125,236.0800018310547,513.6214599609375
2023-11-28,188.26889038085938,375.4060363769531,47.73195266723633,144.7943115234375,95.62503814697266,147.02999877929688,336.03900146484375,135.99407958984375,246.72000122070312,510.73004150390625
2023-11-29,187.25042724609375,371.6293640136719,48.050357818603516,145.52989196777344,94.18927001953125,146.32000732421875,329.3081970214844,133.8035125732422,244.13999938964844,505.48602294921875
2023-11-30,187.82394409179688,371.68829345703125,46.68290710449219,147.1896514892578,94.55742645263672,146.08999633789062,324.3021545410156,131.36514282226562,240.0800018310547,522.4841918945312
2023-12-01,189.09950256347656,367.3721618652344,46.67792510986328,147.90634155273438,94.78751373291016,147.02999877929688,321.9924011230469,130.7010498046875,238.8300018310547,518.7582397460938
2023-12-04,187.30975341796875,362.1044921875,45.425254821777344,148.99085998535156,94.27210998535156,144.83999633789062,317.23419189453125,128.13381958007812,235.5800018310547,519.8201293945312
2023-12-05,191.255126953125,365.4200744628906,46.48337936401367,148.9720001220703,92.44061279296875,146.8800048828125,315.519287109375,129.8386993408203,238.72000122070312,521.6973876953125
2023-12-06,190.1674346923828,361.77093505859375,45.422264099121094,147.40655517578125,91.2165298461914,144.52000427246094,314.6865539550781,128.87722778320312,239.3699951171875,521.0052490234375
2023-12-07,192.09559631347656,363.8799743652344,46.5133171081543,147.85919189453125,90.58147430419922,146.8800048828125,323.7469482421875,135.7264862060547,242.63999938964844,519.8107299804688
2023-12-08,193.5194854736328,367.0975036621094,47.42171096801758,149.49066162109375,91.62149047851562,147.4199981689453,329.85333251953125,133.8035125732422,243.83999633789062,521.2327880859375
2023-12-11,191.01779174804688,364.2232666015625,46.54426956176758,150.0376434326172,91.6859130859375,145.88999938964844,322.44842529296875,132.11843872070312,239.74000549316406,515.4588012695312
2023-12-12,192.53067016601562,367.2445983886719,47.572444915771484,151.37677001953125,90.24095153808594,147.47999572753906,331.31060791015625,131.35525512695312,237.00999450683594,517.3930053710938
2023-12-13,195.7443084716797,367.23480224609375,48.00267791748047,151.88597106933594,91.0416488647461,148.83999633789062,331.8260192871094,131.40480041503906,239.2899932861328,520.51220703125
2023-12-14,195.89260864257812,358.9556579589844,48.26420593261719,154.64910888671875,93.48981475830078,147.4199981689453,330.2697448730469,130.78033447265625,251.0500030517578,506.5089416503906
2023-12-15,195.35867309570312,363.6642150878906,48.80325698852539,155.81846618652344,92.86396789550781,149.97000122070312,332.0044860839844,131.43455505371094,253.5,503.55084228515625
2023-12-18,193.69747924804688,365.54754638671875,49.98814392089844,156.761474609375,93.55422973632812,154.07000732421875,341.6199951171875,134.60641479492188,252.0800018310547,499.2180480957031
2023-12-19,194.73573303222656,366.14599609375,49.5159797668457,158.8550262451172,94.78751373291016,153.7899932861328,347.3100891113281,135.44894409179688,257.2200012207031,496.83831787109375
2023-12-20,192.64932250976562,363.5562438964844,48.025634765625,157.06326293945312,93.2044906616211,152.1199951171875,346.239501953125,137.1240692138672,247.13999938964844,489.1492919921875
2023-12-21,192.5010223388672,366.4206237792969,48.903079986572266,157.9591522216797,93.62786865234375,153.83999633789062,351.0075988769531,139.18580627441406,254.5,492.8943176269531
2023-12-22,191.43309020996094,367.4407653808594,48.74335861206055,157.86485290527344,93.79353332519531,153.4199981689453,350.313720703125,140.2464141845703,252.5399932861328,493.3018798828125
2023-12-26,190.8892364501953,367.5192565917969,49.19156265258789,158.79844665527344,94.00521850585938,153.41000366210938,351.7411804199219,140.27613830566406,256.6099853515625,493.03656005859375
2023-12-27,190.98812866210938,366.9405212402344,49.329315185546875,159.7509307861328,93.56343841552734,153.33999633789062,354.7150573730469,139.13626098632812,261.44000244140625,495.6531982421875
2023-12-28,191.41334533691406,368.1274108886719,49.43413162231445,160.59967041015625,92.21052551269531,153.3800048828125,355.20074462890625,138.99746704101562,253.17999267578125,497.6536560058594
2023-12-29,190.37506103515625,368.8729553222656,49.43413162231445,160.41110229492188,92.01725769042969,151.94000244140625,350.87872314453125,138.46221923828125,248.47999572753906,499.14215087890625
2024-01-02,183.5621795654297,363.801513671875,48.0825309753418,162.27828979492188,94.20770263671875,149.92999267578125,343.2755126953125,136.95559692382812,248.4199981689453,511.34423828125
2024-01-03,182.18777465820312,363.53668212890625,47.484596252441406,161.5709991455078,94.99920654296875,148.47000122070312,341.47137451171875,137.69900512695312,238.4499969482422,513.8946533203125
2024-01-04,179.87393188476562,360.9273376464844,47.912837982177734,162.64321899414062,94.17088317871094,144.57000732421875,344.0982360839844,135.1912384033203,237.92999267578125,517.1085815429688
2024-01-05,179.152099609375,360.740966796875,49.00988006591797,163.45919799804688,94.45618438720703,145.24000549316406,348.88623046875,134.5370330810547,237.49000549316406,509.4858703613281
2024-01-08,183.4830780029297,367.5487060546875,52.16028594970703,163.22203063964844,92.88236999511719,149.10000610351562,355.5378112792969,137.6197052001953,240.4499969482422,508.6706237792969
2024-01-09,183.06777954101562,368.6277160644531,53.04571533203125,161.93161010742188,91.73192596435547,151.3699951171875,354.3185729980469,139.71115112304688,234.9600067138672,510.42449951171875
2024-01-10,184.1060333251953,375.4747009277344,54.25356674194336,162.27317810058594,90.82999420166016,153.72999572753906,367.2449951171875,141.02944946289062,233.94000244140625,509.73236083984375
2024-01-11,183.51275634765625,377.2992858886719,54.72472381591797,161.58999633789062,90.81156921386719,155.17999267578125,366.45196533203125,140.8312225341797,227.22000122070312,511.66650390625
2024-01-12,183.8390350341797,381.0660705566406,54.612918853759766,160.4039306640625,91.98963165283203,154.6199951171875,371.2300109863281,141.3961944580078,218.88999938964844,494.4396667480469
2024-01-16,181.57470703125,382.83172607421875,56.281959533691406,159.3981475830078,89.90962219238281,153.16000366210938,364.2611999511719,141.23760986328125,219.91000366210938,492.2021789550781
2024-01-17,180.6352996826172,382.0469970703125,55.953548431396484,158.54415893554688,89.25617218017578,151.7100067138672,365.1632995605469,140.2265625,215.5500030517578,497.6916809082031
2024-01-18,186.5187225341797,386.36309814453125,57.00567626953125,158.85726928710938,89.09051513671875,153.5,372.8557434082031,142.21890258789062,211.8800048828125,489.5380554199219
2024-01-19,189.4159393310547,391.0716857910156,59.38544464111328,161.59947204589844,89.22856140136719,155.33999633789062,380.1120300292969,145.09341430664062,212.19000244140625,477.42138671875
2024-01-22,191.7198486328125,388.95281982421875,59.548152923583984,161.40969848632812,89.10891723632812,154.77999877929688,378.4565734863281,144.7068634033203,208.8000030517578,486.3619384765625
2024-01-23,192.99537658691406,391.29730224609375,59.76676559448242,160.34698486328125,90.11210632324219,156.02000427246094,381.84686279296875,145.74761962890625,209.13999938964844,488.76068115234375
2024-01-24,192.32301330566406,394.8875427246094,61.25312423706055,161.77975463867188,91.6675033569336,156.8699951171875,387.2989196777344,147.39303588867188,207.8300018310547,486.5894775390625
2024-01-25,191.99673461914062,397.15350341796875,61.50767135620117,164.094970703125,93.99600982666016,157.75,389.75726318359375,150.53515625,182.6300048828125,467.7887878417969
2024-01-26,190.2663116455078,396.23138427734375,60.92271041870117,163.4687042236328,94.79670715332031,159.1199951171875,390.7090148925781,150.85235595703125,183.25,477.08013916015625
2024-01-29,189.5840301513672,401.91107177734375,62.35416793823242,163.8957061767578,94.91636657714844,161.25999450683594,397.529052734375,152.1607208251953,190.92999267578125,478.3505554199219
2024-01-30,185.93531799316406,400.8025817871094,62.66261291503906,167.25465393066406,96.49938201904297,159.0,396.5774230957031,150.1287841796875,191.58999633789062,477.4688415527344
2024-01-31,182.3360595703125,390.0024719238281,61.4178352355957,165.44235229492188,94.6218490600586,155.1999969482422,386.7437744140625,138.86862182617188,187.2899932861328,485.1767883300781
2024-02-01,184.7685546875,396.084228515625,62.91516876220703,164.8445587158203,94.23531341552734,159.27999877929688,391.3433837890625,139.91932678222656,188.86000061035156,480.8155517578125
2024-02-02,183.76983642578125,403.3824462890625,66.04261016845703,165.79339599609375,93.84874725341797,171.80999755859375,470.8551330566406,141.1285858154297,187.91000366210938,483.7452392578125
2024-02-05,185.579345703125,397.91864013671875,69.208984375,165.57518005371094,93.46220397949219,170.30999755859375,455.41082763671875,142.41714477539062,181.05999755859375,476.8525695800781
2024-02-06,187.18121337890625,397.76165771484375,68.10194396972656,166.14450073242188,94.1064453125,169.14999389648438,450.7615966796875,142.8334503173828,185.10000610351562,484.162353515625
2024-02-07,187.29000854492188,406.15850830078125,69.97462463378906,166.45761108398438,94.07884216308594,170.52999877929688,465.502197265625,144.26080322265625,187.5800018310547,492.42974853515625
2024-02-08,186.21218872070312,406.21734619140625,69.5174331665039,165.85984802246094,95.68946838378906,169.83999633789062,465.9085998535156,144.6275634765625,189.55999755859375,493.09344482421875
2024-02-09,186.97457885742188,412.53460693359375,72.00502014160156,166.05908203125,93.6646728515625,174.4499969482422,464.0350341796875,147.6903839111328,193.57000732421875,491.3204650878906
2024-02-12,185.29139709472656,407.3454284667969,72.11981201171875,166.7991943359375,94.95318603515625,172.33999633789062,464.818115234375,146.23329162597656,188.1300048828125,490.7705993652344
2024-02-13,183.20237731933594,398.57586669921875,72.0000228881836,165.34742736816406,94.1357421875,168.63999938964844,456.1145935058594,143.86431884765625,184.02000427246094,490.02154541015625
2024-02-14,182.32119750976562,402.42822265625,73.76888275146484,167.0269012451172,93.67127990722656,170.97999572753906,469.1600341796875,144.6573028564453,188.7100067138672,490.10687255859375
2024-02-15,182.0341033935547,399.5487976074219,72.52909088134766,170.67050170898438,96.3558349609375,169.8000030517578,479.8164978027344,141.51513671875,200.4499969482422,493.8424377441406
2024-02-16,180.49948120117188,397.09185791015625,72.4841537475586,169.8734893798828,96.3558349609375,169.50999450683594,469.19970703125,139.28494262695312,199.9499969482422,494.4776306152344
2024-02-20,179.75694274902344,395.8438415527344,69.32877349853516,170.53765869140625,95.44549560546875,167.0800018310547,467.643310546875,139.87965393066406,193.75999450683594,494.0130310058594
2024-02-21,180.50938415527344,395.2442932128906,67.352294921875,171.64784240722656,97.39620208740234,168.58999633789062,464.4480285644531,141.29708862304688,194.77000427246094,494.87579345703125
2024-02-22,182.53904724121094,404.5509948730469,78.3986587524414,173.70689392089844,97.3125991821289,174.5800018310547,482.4095153808594,142.8235626220703,197.41000366210938,499.1706237792969
2024-02-23,180.7073974609375,403.26361083984375,78.67715454101562,174.579833984375,96.4580078125,174.99000549316406,480.3255615234375,142.69467163085938,191.97000122070312,499.8722229003906
2024-02-26,179.3609161376953,400.5118713378906,78.95166778564453,173.98204040527344,96.8388671875,174.72999572753906,478.0530090332031,136.36087036132812,199.39999389648438,498.0519714355469
2024-02-27,180.8163299560547,400.4529724121094,78.56135559082031,174.0674285888672,96.63451385498047,173.5399932861328,483.3224792480469,137.65936279296875,199.72999572753906,486.76959228515625
2024-02-28,179.6183319091797,400.68878173828125,77.52518463134766,174.94984436035156,96.90387725830078,173.16000366210938,480.31561279296875,135.1813201904297,202.0399932861328,472.41552734375
2024-02-29,178.95498657226562,406.5066833496094,78.97162628173828,176.54396057128906,97.08966827392578,176.75999450683594,486.37884521484375,137.24305725097656,201.8800048828125,467.9783630371094
2024-03-01,177.8758087158203,408.3346252441406,82.13301849365234,175.81332397460938,98.31583404541016,178.22000122070312,498.4557189941406,135.9346466064453,202.63999938964844,464.11968994140625
2024-03-04,173.36106872558594,407.7646484375,85.08576202392578,177.13221740722656,96.9410400390625,177.5800018310547,494.377197265625,132.177978515625,188.13999938964844,456.8572998046875
2024-03-05,168.43052673339844,395.7061767578125,85.81549072265625,178.90658569335938,98.13005065917969,174.1199951171875,486.4681396484375,131.50392150878906,180.74000549316406,448.58990478515625
2024-03-06,167.4404754638672,395.1559143066406,88.54676818847656,179.8364715576172,99.1797103881836,173.50999450683594,492.2932434082031,130.24508666992188,176.5399932861328,448.0684814453125
2024-03-07,167.32168579101562,402.0842590332031,92.50891876220703,178.26136779785156,99.73706817626953,176.82000732421875,508.2700500488281,133.19888305664062,178.64999389648438,453.92767333984375
2024-03-08,169.03448486328125,399.21466064453125,87.37679290771484,178.5934600830078,100.67525482177734,175.35000610351562,502.0777893066406,134.21986389160156,175.33999633789062,453.61358642578125
2024-03-11,171.034423828125,397.5439758300781,85.62582397460938,178.65989685058594,101.26976776123047,171.9600067138672,479.8889465332031,136.4599609375,177.77000427246094,465.5876159667969
2024-03-12,171.50967407226562,408.1183776855469,91.75423431396484,180.13058471679688,100.61952209472656,175.38999938964844,495.9252624511719,137.28269958496094,177.5399932861328,465.7779846191406
2024-03-13,169.43052673339844,407.9414978027344,90.7309799194336,181.59185791015625,101.7435073852539,176.55999755859375,491.77728271484375,138.5613250732422,169.47999572753906,464.49298095703125
2024-03-14,171.28192138671875,417.8869934082031,87.79207611083984,178.3562469482422,103.54560089111328,178.75,488.06585693359375,141.84225463867188,162.5,465.4448547363281
2024-03-15,170.90574645996094,409.2388000488281,87.68526458740234,180.5670928955078,103.35980987548828,174.4199981689453,480.3949890136719,139.93910217285156,163.57000732421875,467.1771545410156
2024-03-18,171.99481201171875,410.12322998046875,88.30218505859375,182.80638122558594,104.31658172607422,174.47999572753906,493.17645263671875,146.3820037841797,173.8000030517578,463.5887756347656
2024-03-19,174.3313446044922,414.1427307128906,89.24356842041016,183.8785858154297,105.05040740966797,175.89999389648438,492.4421081542969,145.73770141601562,171.32000732421875,469.55670166015625
2024-03-20,176.89564514160156,417.8968200683594,90.21588134765625,186.2886962890625,104.95753479003906,178.14999389648438,501.65106201171875,147.43270874023438,175.66000366210938,470.42291259765625
2024-03-21,169.66812133789062,421.9654541015625,91.27704620361328,188.87905883789062,105.42198944091797,178.14999389648438,503.8739318847656,146.30270385742188,172.82000732421875,468.00518798828125
2024-03-22,170.56910705566406,421.3462829589844,94.12610626220703,186.56385803222656,105.42198944091797,178.8699951171875,505.6799621582031,149.44485473632812,170.8300018310547,466.4632873535156
2024-03-25,169.1533203125,415.56768798828125,94.83788299560547,184.85589599609375,106.49952697753906,179.7100067138672,499.17022705078125,148.75100708007812,172.6300048828125,462.4751281738281
2024-03-26,168.02462768554688,414.3785095214844,92.4011001586914,185.71939086914062,105.7006607055664,178.3000030517578,492.09478759765625,149.345703125,177.6699981689453,468.5953369140625
2024-03-27,171.5888671875,414.1623229980469,90.09410095214844,189.3155517578125,106.7967758178711,179.8300018310547,490.080322265625,149.5439453125,179.8300018310547,469.34735107421875
2024-03-28,169.7770233154297,413.4645690917969,90.19991302490234,190.05564880371094,107.97649383544922,180.3800048828125,481.8636779785156,149.6034393310547,175.7899932861328,470.87030029296875
2024-04-01,168.34146118164062,417.2481994628906,90.20689392089844,188.7651824951172,108.67317199707031,180.97000122070312,487.5895080566406,154.12335205078125,175.22000122070312,466.1111145019531
2024-04-02,167.1632537841797,414.17218017578125,89.2974624633789,188.68927001953125,110.80037689208984,180.69000244140625,493.56341552734375,153.2015380859375,166.6300048828125,436.0714111328125
2024-04-03,167.96519470214844,413.1992492675781,88.81031799316406,188.1579132080078,110.81896209716797,182.41000366210938,502.8617248535156,153.55838012695312,168.3800048828125,437.5942687988281
2024-04-04,167.14344787597656,410.6735534667969,85.756591796875,186.72634887695312,111.20909881591797,180.0,507.0097961425781,149.20693969726562,171.11000061035156,433.4443359375
2024-04-05,167.89588928222656,418.1817932128906,87.85597229003906,188.44424438476562,112.74180603027344,185.07000732421875,523.30419921875,151.15963745117188,164.89999389648438,433.7869567871094
2024-04-08,166.77713012695312,417.26788330078125,86.98246765136719,189.42726135253906,111.9801025390625,185.19000244140625,515.2760009765625,153.48898315429688,172.97999572753906,434.034423828125
2024-04-09,167.98501586914062,418.92877197265625,85.20653533935547,188.1579132080078,112.56529998779297,185.6699981689453,512.9439697265625,155.22360229492188,176.8800048828125,437.57525634765625
2024-04-10,166.11376953125,415.9608154296875,86.88863372802734,186.55455017089844,113.51280212402344,185.9499969482422,515.8516235351562,154.76763916015625,171.75999450683594,428.37103271484375
2024-04-11,173.3016815185547,420.5502624511719,90.4594497680664,186.516357421875,113.1319580078125,189.0500030517578,519.1560668945312,158.0089111328125,174.60000610351562,420.44232177734375
2024-04-12,174.79669189453125,414.624267578125,88.03365325927734,174.45289611816406,111.81289672851562,186.1300048828125,507.98223876953125,156.34365844726562,171.0500030517578,418.0436706542969
2024-04-15,170.9750213623047,406.5066833496094,85.8524398803711,174.54832458496094,111.17195129394531,183.6199951171875,496.4015808105469,153.49887084960938,161.47999572753906,424.16400146484375
2024-04-16,167.69789123535156,407.4305114746094,87.26398468017578,172.55364990234375,110.25233459472656,183.32000732421875,495.9351806640625,153.04293823242188,157.11000061035156,446.30352783203125
2024-04-17,166.3315887451172,404.73773193359375,83.88983154296875,171.8665008544922,110.19658660888672,181.27999877929688,490.3879699707031,154.10354614257812,155.4499969482422,455.9169921875
2024-04-18,165.381103515625,397.2983093261719,84.52471923828125,172.98313903808594,110.09440612792969,179.22000122070312,497.9595031738281,154.63877868652344,149.92999267578125,469.42340087890625
2024-04-19,163.3614044189453,392.237060546875,76.06836700439453,177.32562255859375,111.35772705078125,174.6300048828125,477.38824462890625,152.7356719970703,147.0500030517578,476.9905090332031
2024-04-22,164.1930389404297,394.0453186035156,79.38062286376953,180.7709503173828,111.98938751220703,177.22999572753906,478.043212890625,154.90638732910156,142.0500030517578,467.5674133300781
2024-04-23,165.24253845214844,400.5413818359375,82.2806167602539,183.37644958496094,112.42596435546875,179.5399932861328,492.30316162109375,156.86898803710938,144.67999267578125,462.7607116699219
2024-04-24,167.34146118164062,402.0056457519531,79.53936004638672,184.27357482910156,112.44454956054688,176.58999633789062,489.7230529785156,157.7313690185547,162.1300048828125,463.8266906738281
2024-04-25,168.2028350830078,392.1584777832031,82.4892578125,184.55032348632812,112.70465087890625,173.6699981689453,438.001953125,154.6288604736328,170.17999267578125,470.0707092285156
2024-04-26,167.61866760253906,399.3128967285156,87.58345031738281,184.66485595703125,109.57421875,179.6199951171875,439.8973388671875,170.4386749267578,168.2899932861328,471.489013671875
2024-04-29,171.77699279785156,395.3130798339844,87.60540771484375,184.4644317626953,111.1347885131836,180.9600067138672,429.30902099609375,164.68963623046875,194.0500030517578,465.47332763671875
2024-04-30,168.6384735107422,382.61590576171875,86.25273895263672,182.9946746826172,109.8621826171875,175.0,426.8777770996094,161.34927368164062,183.27999877929688,460.400146484375
2024-05-01,167.61866760253906,388.1291809082031,82.89753723144531,183.1091766357422,107.78142547607422,179.0,435.8287353515625,162.41978454589844,179.99000549316406,460.7903747558594
2024-05-02,171.31163024902344,390.97918701171875,85.66874694824219,182.9183349609375,107.97649383544922,184.72000122070312,438.2996826171875,165.15553283691406,180.00999450683594,469.22357177734375
2024-05-03,181.55886840820312,399.6470642089844,88.63561248779297,181.82077026367188,107.75355529785156,186.2100067138672,448.5010070800781,165.77011108398438,181.19000244140625,468.7286071777344
2024-05-06,179.9054412841797,406.408447265625,91.98081970214844,183.24282836914062,108.45024871826172,188.6999969482422,462.1159973144531,166.62254333496094,184.75999450683594,470.5656433105469
2024-05-07,180.5885772705078,402.2808532714844,90.39756774902344,183.0042266845703,107.91146850585938,188.75999450683594,464.6563720703125,169.74481201171875,177.80999755859375,476.8287048339844
2024-05-08,180.9252471923828,403.4601745605469,90.25581359863281,186.72634887695312,107.89288330078125,188.0,468.9830627441406,167.8912811279297,174.72000122070312,478.9703674316406
2024-05-09,182.73704528808594,405.2094421386719,88.59369659423828,188.49197387695312,110.02010345458984,189.5,471.7814636230469,168.46617126464844,171.97000122070312,482.6063232421875
2024-05-10,181.4779510498047,407.58770751953125,89.72273254394531,189.7040557861328,109.57421875,187.47999572753906,472.5554504394531,167.16766357421875,168.47000122070312,488.10791015625
2024-05-13,184.68020629882812,406.5853271484375,90.24284362792969,189.6658477783203,109.52777862548828,186.57000732421875,464.4281005859375,167.6533660888672,171.88999938964844,487.08941650390625
2024-05-14,185.82034301757812,409.3763427734375,91.19819641113281,192.31906127929688,110.19265747070312,187.07000732421875,468.2387390136719,168.8428192138672,177.5500030517578,489.12640380859375
2024-05-15,188.09066772460938,416.53387451171875,94.4665298461914,192.8916778564453,111.04483032226562,185.99000549316406,477.8546447753906,170.9937744140625,173.99000549316406,492.6195983886719
2024-05-16,188.2096405029297,414.47613525390625,94.19599914550781,193.2352752685547,110.37994384765625,183.6300048828125,469.6082458496094,172.64906311035156,174.83999633789062,496.160400390625
2024-05-17,188.23939514160156,413.7082214355469,92.3192367553711,195.44947814941406,112.03746795654297,184.6999969482422,468.29833984375,174.51255798339844,177.4600067138672,499.3585510253906
2024-05-20,189.39932250976562,418.7588806152344,94.61627197265625,186.65953063964844,111.12909698486328,183.5399932861328,465.2517395019531,175.364990234375,174.9499969482422,492.3149719238281
2024-05-21,190.6981201171875,422.4016418457031,95.22122955322266,190.4198455810547,110.36122131347656,183.14999389648438,461.073974609375,176.28680419921875,186.60000610351562,498.33050537109375
2024-05-22,189.26052856445312,423.8587341308594,94.78596496582031,189.2650146484375,108.14183044433594,183.1300048828125,464.19989013671875,174.8297576904297,180.11000061035156,496.2364501953125
2024-05-23,185.27505493164062,420.3932189941406,103.61968994140625,187.93841552734375,106.29701232910156,181.0500030517578,462.2152099609375,172.02462768554688,173.74000549316406,491.9342346191406
2024-05-24,188.34844970703125,423.5043029785156,106.28507232666016,191.55555725097656,106.21272277832031,180.75,474.55999755859375,173.45196533203125,179.24000549316406,483.69140625
2024-05-28,188.35836791992188,423.6618347167969,113.7042236328125,190.4007568359375,107.56123352050781,182.14999389648438,476.2469787597656,174.84957885742188,176.75,479.4176940917969
2024-05-29,188.65576171875,422.5296630859375,114.62664031982422,189.07412719726562,106.40937042236328,182.02000427246094,470.72955322265625,174.35394287109375,176.19000244140625,461.3709716796875
2024-05-30,189.6471710205078,408.2540283203125,110.3091049194336,190.23849487304688,106.74649047851562,179.32000732421875,463.4754943847656,170.5972900390625,178.7899932861328,458.4488830566406
2024-05-31,190.5989532470703,408.70684814453125,109.44361114501953,193.3879852294922,109.8087158203125,176.44000244140625,463.2571716308594,170.98385620117188,178.0800018310547,471.5079650878906
2024-06-03,192.3636474609375,407.12176513671875,114.80132293701172,192.61492919921875,107.1772689819336,178.33999633789062,473.8355712890625,171.64794921875,176.2899932861328,473.478271484375
2024-06-04,192.68092346191406,409.63232421875,116.23585510253906,190.0762481689453,105.51036834716797,179.33999633789062,473.3394470214844,172.26251220703125,174.77000427246094,481.1404724121094
2024-06-05,194.18785095214844,417.449462890625,122.22848510742188,188.2628936767578,105.9317855834961,181.27999877929688,491.2711181640625,173.86827087402344,175.0,478.8846435546875
2024-06-06,192.809814453125,417.9515686035156,120.78897857666016,187.92886352539062,106.72777557373047,185.0,489.9810485839844,175.1766815185547,177.94000244140625,477.74249267578125
2024-06-07,195.19908142089844,417.2919616699219,120.67916870117188,190.83023071289062,105.58529663085938,184.3000030517578,489.1872253417969,172.92665100097656,177.47999572753906,467.0534362792969
2024-06-10,191.46148681640625,421.2497253417969,121.57960510253906,190.50570678710938,105.89434051513672,187.05999755859375,498.75341796875,173.6708984375,173.7899932861328,471.1557922363281
2024-06-11,205.3709716796875,425.9853515625,120.7110595703125,185.4951629638672,105.04215240478516,187.22999572753906,503.5861511230469,175.2685546875,170.66000366210938,472.3170166015625
2024-06-12,211.24012756347656,434.23565673828125,124.99398803710938,182.7942657470703,103.8809585571289,186.88999938964844,504.9456481933594,176.4296112060547,177.2899932861328,469.31878662109375
2024-06-13,212.4001007080078,434.7475891113281,129.396728515625,184.8271026611328,103.0475082397461,183.8300018310547,500.241943359375,173.8197479248047,182.47000122070312,473.3450012207031
2024-06-14,210.66513061523438,435.7223205566406,131.66297912597656,184.94158935546875,102.17660522460938,183.66000366210938,500.7981872558594,175.437255859375,178.00999450683594,473.17364501953125
2024-06-17,214.80921936035156,441.43255615234375,130.7644805908203,186.08689880371094,101.47427368164062,184.05999755859375,503.2517395019531,175.88381958007812,187.44000244140625,467.63922119140625
2024-06-18,212.4496612548828,439.4339599609375,135.3568878173828,188.01478576660156,102.429443359375,182.80999755859375,496.1593017578125,173.75027465820312,184.86000061035156,459.8202209472656
2024-06-20,207.87924194335938,438.8038635253906,130.56478881835938,189.6085968017578,104.63947296142578,186.10000610351562,498.3546447753906,174.95101928710938,181.57000732421875,463.1370849609375
2024-06-21,205.7080535888672,442.8207092285156,126.36173248291016,187.34671020507812,103.72174835205078,189.0800018310547,491.4808044433594,178.25552368164062,183.00999450683594,461.2922668457031
2024-06-24,206.35247802734375,440.7433776855469,117.91563415527344,189.8090057373047,106.80268859863281,185.57000732421875,495.5832214355469,177.84864807128906,182.5800018310547,468.35614013671875
2024-06-25,207.27450561523438,443.97259521484375,125.88250732421875,189.0359649658203,107.10235595703125,186.33999633789062,507.1953125,182.62185668945312,187.35000610351562,463.1179504394531
2024-06-26,211.41860961914062,445.1639099121094,126.1920166015625,188.42514038085938,107.13982391357422,193.61000061035156,509.6984558105469,182.47300720214844,196.3699951171875,462.6782531738281
2024-06-27,212.26132202148438,445.84326171875,123.78598022460938,190.0857696533203,107.59867858886719,197.85000610351562,516.0955200195312,183.99130249023438,197.4199981689453,464.9723205566406
2024-06-28,208.81117248535156,440.0345458984375,123.33671569824219,193.03485107421875,107.8047103881836,193.25,500.85784912109375,180.75625610351562,197.8800048828125,486.7852478027344
2024-07-01,214.88853454589844,449.6632080078125,124.09547424316406,196.07936096191406,107.65486907958984,197.1999969482422,501.31475830078125,181.58984375,209.86000061035156,472.82000732421875
2024-07-02,218.37831115722656,452.17376708984375,122.46815490722656,199.3052215576172,106.92443084716797,200.0,506.1026306152344,183.8225860595703,231.25999450683594,476.2516174316406
2024-07-03,219.64732360839844,453.640625,128.06890869140625,199.1715850830078,107.46758270263672,197.58999633789062,506.5595397949219,184.398193359375,246.38999938964844,468.2701110839844
2024-07-05,224.3961944580078,460.3256530761719,125.62296295166016,196.53248596191406,106.16590881347656,200.0,536.309814453125,189.1416015625,251.52000427246094,466.4731140136719
2024-07-08,225.8634796142578,459.02606201171875,127.98902130126953,196.89715576171875,105.051513671875,199.2899932861328,525.7904052734375,187.58358764648438,252.94000244140625,467.7443542480469
2024-07-09,226.71607971191406,452.4297790527344,131.16383361816406,199.25794982910156,103.89032745361328,199.33999633789062,526.4658813476562,187.5339813232422,262.3299865722656,470.39208984375
2024-07-10,230.97915649414062,459.035888671875,134.68801879882812,199.4210968017578,104.80803680419922,199.7899932861328,531.1246948242188,189.71714782714844,263.260009765625,478.8229064941406
2024-07-11,225.6156463623047,447.6646423339844,127.19037628173828,199.08522033691406,106.05352020263672,195.0500030517578,509.2812194824219,184.1501007080078,241.02999877929688,482.1014709472656
2024-07-12,228.56008911132812,446.53240966796875,129.02735900878906,196.67640686035156,106.07225799560547,194.49000549316406,495.5434875488281,183.65390014648438,248.22999572753906,488.955078125
2024-07-15,232.386962890625,446.9360656738281,128.22866821289062,201.5803985595703,107.88896942138672,192.72000122070312,492.8515625,185.10272216796875,252.63999938964844,492.6256103515625
2024-07-16,232.8033447265625,442.56475830078125,126.1520767211914,205.0064239501953,108.66622924804688,193.02000427246094,486.5240478515625,182.5126953125,256.55999755859375,524.647216796875
2024-07-17,226.9143829345703,436.6575927734375,117.79582977294922,208.12538146972656,110.16456604003906,187.92999267578125,458.909423828125,179.6348876953125,248.5,547.9799194335938
2024-07-18,222.25473022460938,433.55633544921875,120.8907470703125,201.51319885253906,111.25084686279297,183.75,472.6769714355469,176.33038330078125,249.22999572753906,539.4344482421875
2024-07-19,222.3835906982422,430.3467102050781,117.7359619140625,201.32125854492188,108.69432830810547,183.1300048828125,473.6107482910156,176.30059814453125,239.1999969482422,540.3807983398438
2024-07-22,222.03660583496094,436.0865478515625,123.33671569824219,201.80108642578125,107.9451675415039,182.5500030517578,484.14996337890625,180.27992248535156,251.50999450683594,533.880859375
2024-07-23,223.07760620117188,437.967041015625,122.3882827758789,201.8490753173828,106.20335388183594,186.41000366210938,485.4314270019531,180.3990020751953,246.3800048828125,530.2199096679688
2024-07-24,216.66314697265625,422.2638244628906,114.06200408935547,200.1792449951172,107.7016830444336,180.8300018310547,458.1942443847656,171.30908203125,215.99000549316406,535.0469970703125
2024-07-25,215.6221923828125,411.92626953125,112.0952377319336,200.25601196289062,109.96791076660156,179.85000610351562,450.3866271972656,166.00001525878906,220.25,534.9801635742188
2024-07-26,216.08816528320312,418.6899719238281,112.87395477294922,203.68206787109375,109.8742446899414,182.5,462.59466552734375,165.72216796875,219.8000030517578,544.5769653320312
2024-07-29,216.36575317382812,420.1274108886719,111.4063720703125,202.34811401367188,108.72241973876953,183.1999969482422,462.6046142578125,168.2328338623047,232.10000610351562,541.7381591796875
2024-07-30,216.9209442138672,416.37628173828125,103.55931091308594,206.51312255859375,110.660888671875,181.7100067138672,460.1014099121094,168.98699951171875,222.6199951171875,550.8953247070312
2024-07-31,220.17276000976562,411.8770751953125,116.82743072509766,204.21949768066406,111.05419158935547,186.97999572753906,471.6637878417969,170.22743225097656,232.07000732421875,550.7327880859375
2024-08-01,216.4846954345703,410.6562194824219,109.03030395507812,199.57467651367188,109.51840209960938,184.07000732421875,494.4210205078125,169.45339965820312,216.86000061035156,547.4924926757812
2024-08-02,217.97183227539062,402.1695861816406,107.09347534179688,191.11029052734375,109.45285034179688,167.89999389648438,484.88507080078125,165.38478088378906,207.6699981689453,563.7994995117188
2024-08-05,207.47279357910156,389.0359802246094,100.28471374511719,187.04124450683594,107.47693634033203,161.02000427246094,472.55780029296875,158.03147888183594,198.8800048828125,544.8064575195312
2024-08-06,205.45030212402344,393.427001953125,104.07845306396484,192.2618865966797,106.90570068359375,161.92999267578125,490.79534912109375,157.07882690429688,200.63999938964844,543.2674560546875
2024-08-07,208.01806640625,392.2652282714844,98.74725341796875,192.31947326660156,108.32910919189453,162.77000427246094,485.65985107421875,157.72384643554688,191.75999450683594,541.09765625
2024-08-08,211.47808837890625,396.4593811035156,104.79727172851562,195.8319091796875,110.398681640625,165.8000030517578,506.23175048828125,160.7902069091797,198.83999633789062,541.2506103515625
2024-08-09,214.3829345703125,399.73779296875,104.57763671875,197.50173950195312,111.29766845703125,166.94000244140625,514.3175048828125,162.4176483154297,200.0,534.1007080078125
2024-08-12,215.9114532470703,400.5155944824219,108.84060668945312,197.8760223388672,111.43814086914062,166.8000030517578,512.5096435546875,161.04820251464844,197.49000549316406,540.342529296875
2024-08-13,219.62364196777344,407.60418701171875,115.94889068603516,199.55545043945312,110.3705825805664,170.22999572753906,525.0156860351562,162.9038848876953,207.8300018310547,548.8975830078125
2024-08-14,220.07029724121094,410.4100646972656,117.88571166992188,201.7627410888672,111.39132690429688,170.10000610351562,523.24755859375,159.1428680419922,201.3800048828125,554.0878295898438
2024-08-15,223.04794311523438,415.2626953125,122.6578369140625,203.0198974609375,112.08043670654297,177.58999633789062,533.7471313476562,160.06576538085938,214.13999938964844,554.0305786132812
2024-08-16,224.3680877685547,412.7377624511719,124.37500762939453,205.34230041503906,111.55179595947266,177.05999755859375,523.9031982421875,161.7130889892578,216.1199951171875,552.185791015625
2024-08-19,224.20924377441406,415.7558898925781,129.7860870361328,206.7626190185547,111.89164733886719,178.22000122070312,525.7507934570312,165.39468383789062,222.72000122070312,553.2371826171875
2024-08-20,224.82464599609375,418.98101806640625,127.04061889648438,205.87013244628906,108.16285705566406,178.8800048828125,523.2177124023438,165.90078735351562,221.10000610351562,555.0247192382812
2024-08-21,224.71546936035156,418.3301086425781,128.28854370117188,205.94692993164062,107.47373962402344,180.11000061035156,531.5914916992188,164.58096313476562,223.27000427246094,552.5584716796875
2024-08-22,222.85939025878906,409.8577575683594,123.53638458251953,207.89505004882812,108.30445098876953,176.1300048828125,528.383056640625,162.546630859375,210.66000366210938,553.1798095703125
2024-08-23,225.1521759033203,411.080810546875,129.1571044921875,209.50730895996094,109.80540466308594,177.0399932861328,524.4791870117188,164.3527374267578,220.32000732421875,558.7142944335938
2024-08-26,225.4896697998047,407.8259582519531,126.25190734863281,210.3326416015625,112.15594482421875,175.5,517.6452026367188,164.88861083984375,213.2100067138672,561.2185668945312
2024-08-27,226.33334350585938,408.17120361328125,128.08888244628906,211.30191040039062,111.08924865722656,173.1199951171875,515.6385498046875,163.419921875,209.2100067138672,561.428955078125
2024-08-28,224.80477905273438,404.9755859375,125.40331268310547,212.36715698242188,109.99420928955078,170.8000030517578,513.3340454101562,161.6039276123047,205.75,562.5664672851562
2024-08-29,228.0802459716797,407.4610290527344,117.39649963378906,213.2500457763672,111.51403045654297,172.1199951171875,514.7645263671875,160.5421142578125,206.27999877929688,565.4627685546875
2024-08-30,227.29611206054688,411.4259948730469,119.173583984375,215.73561096191406,111.33467864990234,178.5,517.8339233398438,162.12989807128906,214.11000061035156,564.1531372070312
2024-09-03,221.1124725341797,403.83148193359375,107.82228088378906,211.4170684814453,109.00302124023438,176.25,508.3475341796875,156.1559295654297,210.60000610351562,572.2589111328125
2024-09-04,219.2067413330078,403.2988586425781,106.03522491455078,210.48617553710938,107.67198944091797,173.3300018310547,509.3210144042969,155.25289916992188,219.41000366210938,577.5162353515625
2024-09-05,220.7253875732422,402.79583740234375,107.0335922241211,208.85472106933594,106.83182525634766,177.88999938964844,513.41357421875,156.03684997558594,230.1699981689453,569.2096557617188
2024-09-06,219.177001953125,396.197509765625,102.6607894897461,203.89321899414062,106.33151245117188,171.38999938964844,496.9342041015625,149.7652130126953,210.72999572753906,570.5384521484375
2024-09-09,219.26632690429688,400.16241455078125,106.29480743408203,208.0677947998047,108.56877899169922,175.39999389648438,501.42401123046875,147.7679443359375,216.27000427246094,567.8809814453125
2024-09-10,218.4722900390625,408.5263366699219,107.92211151123047,197.27142333984375,104.61344909667969,179.5500030517578,501.42401123046875,147.71827697753906,226.1699981689453,572.593505859375
2024-09-11,221.0032958984375,417.2451477050781,116.7176284790039,198.87408447265625,103.57504272460938,184.52000427246094,508.41705322265625,150.20240783691406,228.1300048828125,563.7229614257812
2024-09-12,221.1124725341797,421.15093994140625,118.95413208007812,198.2694854736328,105.00048828125,187.0,522.0952758789062,153.71006774902344,229.80999755859375,562.4517822265625
2024-09-13,220.844482421875,424.6917419433594,118.9141845703125,196.0814208984375,104.92495727539062,186.49000549316406,521.1217651367188,156.4625244140625,230.2899932861328,568.0914306640625
2024-09-16,214.7104949951172,425.43145751953125,116.5978012084961,199.4786834716797,106.39759063720703,184.88999938964844,530.2294311523438,157.0587158203125,226.77999877929688,565.1368408203125
2024-09-17,215.17697143554688,429.1893005371094,115.40966796875,200.8126220703125,107.7852554321289,186.8800048828125,533.2520141601562,158.31072998046875,227.8699951171875,554.4122924804688
2024-09-18,219.04795837402344,424.9087219238281,113.19313049316406,199.16197204589844,108.16285705566406,186.42999267578125,534.8727416992188,158.79763793945312,227.1999969482422,556.9927368164062
2024-09-19,227.16708374023438,432.6807556152344,117.68610382080078,201.9930419921875,109.50332641601562,189.8699951171875,555.9017333984375,161.11285400390625,243.9199981689453,553.5586547851562
2024-09-20,226.5020751953125,429.3076171875,115.81902313232422,202.57843017578125,108.81421661376953,191.60000610351562,558.1387939453125,162.55368041992188,238.25,551.572998046875
2024-09-23,224.78497314453125,427.5717468261719,116.07862854003906,202.91433715820312,110.78716278076172,193.8800048828125,561.1812133789062,160.82470703125,250.0,550.0476684570312
2024-09-24,225.67825317382812,423.2912292480469,120.68143463134766,203.0582733154297,110.49452209472656,193.9600067138672,560.1075439453125,161.26190185546875,254.27000427246094,551.7552490234375
2024-09-25,224.68569946289062,426.1908874511719,123.31731414794922,201.71475219726562,108.34221649169922,192.52999877929688,565.0589599609375,160.4669952392578,257.0199890136719,552.8295288085938
2024-09-26,225.8271484375,425.4018859863281,123.84648132324219,201.32125854492188,106.48255920410156,191.16000366210938,564.5917358398438,161.6990966796875,254.22000122070312,551.3907470703125
2024-09-27,226.09512329101562,422.1569519042969,121.21060943603516,202.01222229003906,109.33341217041016,187.97000122070312,564.1143798828125,162.91139221191406,260.4599914550781,558.1439208984375
2024-09-30,231.26637268066406,424.40570068359375,121.25054931640625,202.3577117919922,110.6550064086914,186.3300018310547,569.1653442382812,164.7993621826172,261.6300048828125,560.8585815429688
2024-10-01,224.52688598632812,414.9273986816406,116.81745910644531,198.6917266845703,113.21322631835938,185.1300048828125,573.17236328125,165.93214416503906,258.0199890136719,559.5347900390625
2024-10-02,225.09263610839844,411.4161376953125,118.66458129882812,198.93165588378906,114.71417999267578,184.75999450683594,569.5333251953125,164.80929565429688,249.02000427246094,568.1776733398438
2024-10-03,223.99087524414062,410.8341979980469,122.6583480834961,196.9547119140625,115.7148208618164,181.9600067138672,579.436279296875,164.80929565429688,240.66000366210938,568.5997924804688
2024-10-04,225.1125030517578,410.36077880859375,124.72511291503906,203.94537353515625,117.83880615234375,186.50999450683594,592.5309448242188,166.00167846679688,250.0800018310547,567.1129150390625
2024-10-07,220.04052734375,403.9300842285156,127.520751953125,203.6653289794922,118.34854888916016,180.8000030517578,581.4347534179688,161.9475555419922,240.8300018310547,559.7842407226562
2024-10-08,224.0901641845703,409.0292663574219,132.68267822265625,203.49156188964844,115.20504760742188,182.72000122070312,589.4984130859375,163.3386688232422,244.5,557.8848876953125
2024-10-09,227.8321075439453,411.7416076660156,132.44305419921875,206.06959533691406,115.25225830078125,185.1699981689453,587.1319580078125,160.8346405029297,241.0500030517578,567.132080078125
2024-10-10,227.33583068847656,410.1438293457031,134.5996856689453,205.5095672607422,116.24344635009766,186.64999389648438,580.490234375,161.05323791503906,238.77000427246094,573.34814453125
2024-10-11,225.85691833496094,410.6172180175781,134.58970642089844,214.63409423828125,116.68712615966797,188.82000732421875,586.5753173828125,162.2058868408203,217.8000030517578,573.6837768554688
2024-10-14,229.57899475097656,413.3985900878906,137.85459899902344,213.8520050048828,117.13079833984375,187.5399932861328,587.0424194335938,163.91500854492188,219.16000366210938,580.734375
2024-10-15,232.1100616455078,413.0040283203125,131.3946990966797,214.7306671142578,113.60970306396484,187.69000244140625,582.9163208007812,164.41184997558594,219.57000732421875,533.625244140625
2024-10-16,230.055419921875,410.4199523925781,135.50827026367188,215.93760681152344,113.90234375,186.88999938964844,573.4905395507812,164.11373901367188,221.3300018310547,548.0621337890625
2024-10-17,230.4226837158203,411.0117492675781,136.71636962890625,216.69073486328125,113.60970306396484,187.52999877929688,573.6296997070312,161.89785766601562,220.88999938964844,542.9684448242188
2024-10-18,233.25146484375,412.4319763183594,137.7847137451172,217.60800170898438,113.28874969482422,188.99000549316406,573.17236328125,162.384765625,220.6999969482422,546.4025268554688
2024-10-21,234.720458984375,413.04351806640625,143.4857940673828,215.31964111328125,113.35482788085938,189.07000732421875,571.8697509765625,163.03065490722656,218.85000610351562,548.1868286132812
2024-10-22,234.10507202148438,421.6539306640625,143.36598205566406,216.4010772705078,113.94009399414062,189.6999969482422,578.6806640625,164.0938720703125,217.97000122070312,546.642333984375
2024-10-23,229.04302978515625,418.7837829589844,139.34226989746094,215.71554565429688,113.53419494628906,184.7100067138672,560.4654541015625,161.74879455566406,213.64999389648438,541.6350708007812
2024-10-24,228.85446166992188,418.9119873046875,140.19094848632812,217.23146057128906,112.89225769042969,186.3800048828125,564.531982421875,161.689208984375,260.4800109863281,537.9610595703125
2024-10-25,229.6881866455078,422.28515625,141.31918334960938,214.65341186523438,112.7978744506836,187.8300018310547,569.970703125,164.22305297851562,269.19000244140625,541.5582275390625
2024-10-28,231.6633758544922,420.7464904785156,140.30078125,217.73353576660156,112.24090576171875,188.38999938964844,574.8526611328125,165.66384887695312,262.510009765625,542.2105712890625
2024-10-29,231.931396484375,426.03314208984375,141.02963256835938,215.22308349609375,110.71162414550781,190.8300018310547,589.8861694335938,168.60508728027344,259.5199890136719,539.227294921875
2024-10-30,228.38792419433594,426.6051940917969,139.12261962890625,216.6810760498047,110.15469360351562,192.72999572753906,588.4146118164062,173.3548126220703,257.54998779296875,540.0235595703125
2024-10-31,224.2291259765625,400.7837829589844,132.55287170410156,214.27684020996094,110.23963928222656,186.39999389648438,564.3331909179688,170.0260467529297,249.85000610351562,541.5007934570312
2024-11-01,221.2514190673828,404.74871826171875,135.1887664794922,215.26173400878906,108.51213073730469,197.92999267578125,563.9155883789062,170.2048797607422,248.97999572753906,544.43603515625
2024-11-04,220.35812377929688,402.8648986816406,135.8377685546875,212.21055603027344,111.9671630859375,195.77999877929688,557.47265625,168.1678924560547,242.83999633789062,535.0449829101562
2024-11-05,221.7874298095703,405.82379150390625,139.6917266845703,213.86166381835938,112.29754638671875,199.5,569.1554565429688,168.66473388671875,251.44000244140625,543.927734375
2024-11-06,221.0628204345703,414.4243469238281,145.38282775878906,238.55099487304688,114.22330474853516,207.08999633789062,568.7775268554688,175.39183044433594,288.5299987792969,572.3792724609375
2024-11-07,225.78741455078125,419.6024169921875,148.6477508544922,228.2388458251953,114.36491394042969,210.0500030517578,588.315185546875,179.60496520996094,296.9100036621094,580.7823486328125
2024-11-08,225.51914978027344,416.7520446777344,147.39967346191406,228.8181610107422,114.32713317871094,208.17999267578125,585.9686889648438,177.22018432617188,321.2200012207031,590.7201538085938
2024-11-11,222.8064727783203,412.2840576171875,145.0333709716797,231.04859924316406,113.72299194335938,206.83999633789062,579.8340454101562,179.20751953125,350.0,599.7755737304688
2024-11-12,222.8064727783203,417.23529052734375,148.0586395263672,231.30929565429688,113.60970306396484,208.91000366210938,581.474609375,180.46945190429688,328.489990234375,589.626708984375
2024-11-13,223.69082641601562,419.3755798339844,146.0417938232422,232.85418701171875,114.66698455810547,214.10000610351562,576.68212890625,177.74681091308594,330.239990234375,581.1851806640625
2024-11-14,226.7711639404297,421.04241943359375,146.5310516357422,233.5397491455078,114.74311828613281,211.47999572753906,573.8583984375,174.4677276611328,311.17999267578125,568.9834594726562
2024-11-15,223.5715789794922,409.31524658203125,141.75848388671875,236.8612823486328,113.55342864990234,202.61000061035156,550.9104614257812,171.39730834960938,320.7200012207031,568.10107421875
2024-11-18,226.57241821289062,410.06494140625,139.9313507080078,236.59092712402344,114.50518035888672,201.6999969482422,551.2285766601562,174.1894989013672,338.739990234375,565.6261596679688
2024-11-19,226.8307647705078,412.0671081542969,146.78065490722656,234.71774291992188,112.90624237060547,204.61000061035156,557.88037109375,176.9916229248047,346.0,553.4913330078125
2024-11-20,227.5461883544922,409.7985534667969,145.6623992919922,232.48727416992188,114.51470184326172,202.8800048828125,562.284912109375,174.8651885986328,342.0299987792969,576.0339965820312
2024-11-21,227.0692596435547,408.029541015625,146.44119262695312,236.33021545410156,116.0470199584961,198.3800048828125,559.868896484375,166.56808471679688,339.6400146484375,573.1466064453125
2024-11-22,228.41067504882812,412.1111755371094,141.7285614013672,239.98968505859375,115.91377258300781,197.1199951171875,555.94140625,163.7162628173828,352.55999755859375,566.79638671875
2024-11-25,231.39161682128906,413.8801574707031,135.80780029296875,241.6697540283203,114.18158721923828,201.4499969482422,561.8773803710938,166.58795166015625,338.5899963378906,581.1469116210938
2024-11-26,233.56773376464844,422.9722900390625,136.70639038085938,241.3607635498047,112.278076171875,207.86000061035156,570.2591552734375,168.04864501953125,338.2300109863281,582.0677490234375
2024-11-27,233.43853759765625,418.03094482421875,135.12884521484375,241.1869659423828,111.98304748535156,205.74000549316406,565.94384765625,168.157958984375,332.8900146484375,583.5928955078125
2024-11-29,235.8233184814453,418.49542236328125,138.03433227539062,241.11940002441406,112.2685546875,207.88999938964844,571.0346069335938,167.8797149658203,345.1600036621094,585.3387451171875
2024-12-02,238.06893920898438,425.92730712890625,138.41372680664062,237.76889038085938,112.16387939453125,210.7100067138672,589.438720703125,170.4036407470703,357.0899963378906,583.7272338867188
2024-12-03,241.1095428466797,426.1446838378906,140.0411834716797,236.38816833496094,111.99254608154297,213.44000244140625,610.1397094726562,170.25457763671875,351.4200134277344,580.5713500976562
2024-12-04,241.46725463867188,432.291748046875,144.91357421875,235.01705932617188,108.76612091064453,218.16000366210938,610.2689208984375,173.265380859375,357.92999267578125,585.9047241210938
2024-12-05,241.49705505371094,437.4308166503906,144.84368896484375,237.025390625,109.24198913574219,220.5500030517578,605.4466552734375,171.5463409423828,369.489990234375,555.3812255859375
2024-12-06,241.29832458496094,438.36968994140625,142.2275848388672,238.84068298339844,108.09037780761719,227.02999877929688,620.2017822265625,173.60324096679688,389.2200012207031,527.2269897460938
2024-12-09,245.1835174560547,440.79095458984375,138.60299682617188,235.41293334960938,107.45271301269531,226.08999633789062,610.0601196289062,174.45875549316406,389.7900085449219,539.8414916992188
2024-12-10,246.19703674316406,438.1324462890625,134.8685760498047,234.4956512451172,107.23380279541016,225.0399932861328,615.77734375,184.2078399658203,400.989990234375,544.2421264648438
2024-12-11,244.9251708984375,443.7261047363281,139.1022491455078,235.142578125,106.51998138427734,230.25999450683594,629.060791015625,194.38470458984375,424.7699890136719,513.755615234375
2024-12-12,246.3858184814453,444.2893981933594,137.1351776123047,233.21145629882812,106.42481231689453,228.97000122070312,627.1815795898438,190.9625701904297,418.1000061035156,496.6441650390625
2024-12-13,246.5547637939453,442.0262451171875,134.04978942871094,231.67623901367188,105.4920883178711,227.4600067138672,616.8013305664062,188.8336944580078,436.2300109863281,501.189208984375
2024-12-16,249.44625854492188,446.295654296875,131.8031463623047,231.32861328125,103.2364501953125,232.92999267578125,621.169677734375,195.63815307617188,463.0199890136719,480.02386474609375
2024-12-17,251.8707733154297,449.1319580078125,130.195556640625,230.150634765625,102.79864501953125,231.14999389648438,616.3933715820312,194.4045867919922,479.8599853515625,467.5249328613281
2024-12-18,246.47525024414062,432.2621154785156,128.71775817871094,222.43580627441406,101.28535461425781,220.52000427246094,594.2528076171875,187.42105102539062,440.1300048828125,481.1986083984375
2024-12-19,248.20419311523438,431.9062805175781,130.48509216308594,224.93661499023438,100.41926574707031,223.2899932861328,592.6406860351562,187.5304718017578,436.1700134277344,471.11669921875
2024-12-20,252.87435913085938,431.48138427734375,134.49911499023438,229.4168243408203,100.76190185546875,224.9199981689453,582.37158203125,190.41542053222656,421.05999755859375,481.5934753417969
2024-12-23,253.64942932128906,430.147216796875,139.46170043945312,230.17962646484375,101.17115783691406,225.05999755859375,596.899658203125,193.61868286132812,430.6000061035156,487.5732421875
2024-12-24,256.560791015625,434.1793518066406,140.01089477539062,233.96458435058594,101.26631927490234,229.0500030517578,604.7608032226562,195.0909881591797,462.2799987792969,487.3421936035156
2024-12-26,257.3755798339844,432.97369384765625,139.72132873535156,234.76597595214844,101.35197448730469,227.0500030517578,600.3824462890625,194.5836639404297,454.1300048828125,492.20501708984375
2024-12-27,253.96737670898438,425.4825134277344,136.8056640625,232.86386108398438,101.34246063232422,223.75,596.8599243164062,191.75839233398438,431.6600036621094,491.0879821777344
2024-12-30,250.59889221191406,419.849365234375,137.28494262695312,231.0775909423828,100.6572036743164,221.3000030517578,588.3319702148438,190.24630737304688,417.4100036621094,488.9791259765625
2024-12-31,248.83021545410156,416.55841064453125,134.08973693847656,231.45413208007812,102.37986755371094,219.38999938964844,582.6301879882812,188.31637573242188,403.8399963378906,487.1110534667969
2025-01-02,242.30194091796875,413.672607421875,138.10374450683594,231.73416137695312,102.1324234008789,220.22000122070312,596.292724609375,188.44570922851562,379.2799987792969,485.8110656738281
2025-01-03,241.81504821777344,418.38671875,144.2545623779297,234.90118408203125,102.6558837890625,224.19000244140625,601.6561279296875,190.79344177246094,410.44000244140625,493.9864501953125
2025-01-06,243.4446258544922,422.83392333984375,149.2071533203125,233.75595092773438,102.54166412353516,227.61000061035156,627.100341796875,195.84706115722656,411.04998779296875,494.631591796875
2025-01-07,240.67233276367188,417.4181823730469,139.93101501464844,236.00759887695312,103.5029296875,222.11000061035156,614.8510131835938,194.4742431640625,394.3599853515625,495.1900939941406
2025-01-08,241.1592254638672,419.5825500488281,139.9010467529297,235.96878051757812,101.77075958251953,222.1300048828125,607.7161865234375,192.94224548339844,394.94000244140625,505.0794982910156
2025-01-10,235.34637451171875,414.0382995605469,135.7073211669922,232.80479431152344,101.39956665039062,218.94000244140625,612.8309326171875,191.04214477539062,394.739990234375,501.3913879394531
2025-01-13,232.9119110107422,412.2989196777344,133.0313262939453,237.01699829101562,104.01688385009766,218.4600067138672,605.3379516601562,190.01748657226562,403.30999755859375,521.0834350585938
2025-01-14,231.7990264892578,410.7967224121094,131.56349182128906,240.1809539794922,104.42613220214844,217.75999450683594,591.3272094726562,188.67449951171875,396.3599853515625,523.587158203125
2025-01-15,236.35987854003906,421.3120422363281,136.03683471679688,244.91720581054688,106.12977600097656,223.35000610351562,614.084716796875,194.53390502929688,428.2200012207031,523.2789916992188
2025-01-16,226.81088256835938,419.6022644042969,133.3708038330078,246.7806854248047,105.94894409179688,220.66000366210938,608.2932739257812,191.9076385498047,413.82000732421875,491.6657409667969
2025-01-17,228.5199737548828,424.0001220703125,137.504638671875,251.52664184570312,106.90068817138672,225.94000244140625,609.7561645507812,194.9815673828125,426.5,490.8665466308594
2025-01-21,221.22654724121094,423.4763488769531,140.61997985839844,255.28265380859375,106.09170532226562,230.7100067138672,613.4280395507812,197.0209197998047,424.07000732421875,505.5320129394531
2025-01-22,222.40902709960938,440.9688415527344,146.85067749023438,255.09825134277344,104.24530029296875,235.00999450683594,620.4334106445312,197.33924865722656,415.1099853515625,500.4573059082031
2025-01-23,222.2401123046875,441.4728088378906,147.00045776367188,258.11663818359375,104.83538818359375,235.4199981689453,633.3197631835938,196.95127868652344,412.3800048828125,510.13494873046875
2025-01-24,221.3656768798828,438.85394287109375,142.40731811523438,257.0393371582031,103.41728973388672,234.85000610351562,644.3053588867188,199.16970825195312,406.5799865722656,512.7733764648438
2025-01-27,228.40074157714844,429.4653015136719,118.24339294433594,258.01959228515625,104.85443115234375,235.4199981689453,656.6344604492188,190.81333923339844,397.1499938964844,523.375244140625
2025-01-28,236.74740600585938,441.95709228515625,128.79763793945312,259.2716369628906,102.82718658447266,238.14999389648438,671.0133056640625,194.28521728515625,398.0899963378906,522.373779296875
2025-01-29,237.8404083251953,437.1441955566406,123.5155258178711,258.7280578613281,103.42679595947266,237.07000732421875,673.1627197265625,194.39463806152344,389.1000061035156,518.1561889648438
2025-01-30,236.08164978027344,410.1247253417969,124.464111328125,260.3294677734375,104.28337097167969,234.63999938964844,683.6210327148438,199.82627868652344,400.2799987792969,525.3492431640625
2025-01-31,234.50173950195312,410.19390869140625,119.89093780517578,259.4268493652344,101.67558288574219,237.67999267578125,685.790283203125,202.9598846435547,404.6000061035156,522.3834838867188
2025-02-03,226.56246948242188,406.10247802734375,116.48603820800781,258.9513244628906,101.92302703857422,237.4199981689453,694.0296020507812,200.1844024658203,383.67999267578125,527.862548828125
2025-02-04,231.32208251953125,407.5354309082031,118.47305297851562,260.0480651855469,104.65455627441406,242.05999755859375,700.7265014648438,205.30764770507812,392.2099914550781,525.2337646484375
2025-02-05,230.99417114257812,408.4446716308594,124.64383697509766,262.4646911621094,104.57840728759766,236.1699981689453,701.4031372070312,190.3358154296875,378.1700134277344,519.8027954101562
2025-02-06,231.73941040039062,410.94500732421875,128.48809814453125,268.74407958984375,103.19837951660156,238.8300018310547,708.4880981445312,190.6044464111328,374.32000732421875,510.39483642578125
2025-02-07,226.1848907470703,404.9461364746094,129.6463623046875,267.676513671875,103.63618469238281,229.14999389648438,711.0056762695312,184.37696838378906,361.6199951171875,507.4964599609375
2025-02-10,226.45346069335938,407.38720703125,133.3708038330078,263.0567321777344,105.61581420898438,233.13999938964844,713.8715209960938,185.50108337402344,350.7300109863281,513.6014404296875
2025-02-11,231.39735412597656,406.6163635253906,132.6019744873047,266.89031982421875,106.28205108642578,232.75999450683594,716.2597045898438,184.3570556640625,328.5,514.1309814453125
2025-02-12,235.625,404.24444580078125,130.94442749023438,267.3368225097656,103.0843734741211,228.92999267578125,721.812255859375,182.65594482421875,336.510009765625,507.8527526855469
2025-02-13,240.26051330566406,405.72686767578125,135.08822631835938,268.1812438964844,103.83338165283203,230.3699951171875,724.9766845703125,185.1728057861328,355.94000244140625,511.49261474609375
2025-02-14,243.31439208984375,403.6416320800781,138.64292907714844,268.4432678222656,103.93900299072266,228.67999267578125,733.0467529296875,184.2675323486328,355.8399963378906,504.1069030761719
2025-02-18,243.18507385253906,404.8374328613281,139.19210815429688,271.70428466796875,105.76351165771484,226.64999389648438,712.8465576171875,182.81512451171875,354.1099853515625,482.17120361328125
2025-02-19,243.5829620361328,409.9072570800781,139.02235412597656,271.02490234375,105.91715240478516,226.6300048828125,700.30859375,184.3073272705078,360.55999755859375,492.0990905761719
2025-02-20,244.5379180908203,412.0759582519531,139.9010467529297,258.94158935546875,107.54960632324219,222.8800048828125,691.4225463867188,183.6009979248047,354.3999938964844,483.7985534667969
2025-02-21,244.25938415527344,404.2331237792969,134.22950744628906,256.4570007324219,106.29166412353516,216.5800018310547,680.18798828125,178.72647094726562,337.79998779296875,449.13287353515625
2025-02-24,245.80125427246094,400.0641174316406,130.08572387695312,253.64244079589844,106.84860229492188,212.7100067138672,664.8438110351562,178.318603515625,330.5299987792969,444.4144592285156
2025-02-25,245.74156188964844,394.0235595703125,126.44115447998047,249.8184814453125,105.36979675292969,212.8000030517578,654.26611328125,174.50851440429688,302.79998779296875,452.94610595703125
2025-02-26,239.09666442871094,395.83575439453125,131.084228515625,251.16754150390625,105.11053466796875,214.35000610351562,670.386474609375,171.83248901367188,290.79998779296875,446.4077453613281
2025-02-27,236.05274963378906,388.70587158203125,119.97081756591797,251.4198455810547,105.77310943603516,208.74000549316406,655.0025634765625,167.6244659423828,281.95001220703125,451.19354248046875
2025-02-28,240.56887817382812,393.1224060058594,124.73370361328125,256.8549499511719,106.90621948242188,212.27999877929688,664.9135131835938,169.3952178955078,292.9800109863281,457.3562927246094
2025-03-03,236.77891540527344,384.7052307128906,113.88990020751953,252.94366455078125,103.47808837890625,205.02000427246094,651.828125,166.14219665527344,284.6499938964844,449.739501953125
2025-03-04,234.68994140625,384.8240051269531,115.81702423095703,242.87908935546875,103.26683044433594,203.8000030517578,636.8521728515625,170.03187561035156,272.0400085449219,457.019287109375
2025-03-05,234.50094604492188,397.1131286621094,117.12506866455078,244.1213836669922,101.2502670288086,208.36000061035156,653.2411499023438,172.12098693847656,279.1000061035156,458.33856201171875
2025-03-06,234.09312438964844,393.0234375,110.40511322021484,239.2783203125,103.34364318847656,200.6999969482422,624.841552734375,171.45445251464844,263.45001220703125,469.64337158203125
2025-03-07,237.81346130371094,389.4783020019531,112.52194213867188,235.14382934570312,104.6880111694336,199.25,622.5827026367188,172.95663452148438,262.6700134277344,475.1899108886719
2025-03-10,226.28436279296875,376.4563903808594,106.82044982910156,225.38014221191406,107.35755157470703,194.5399932861328,595.0487670898438,165.19815063476562,222.14999389648438,464.3976135253906
2025-03-11,219.67926025390625,376.7435607910156,108.59780883789062,222.390869140625,104.82245635986328,196.58999633789062,602.7308959960938,163.3755645751953,230.5800018310547,470.0258483886719
2025-03-12,215.8395538330078,379.53607177734375,115.57803344726562,221.18734741210938,104.79364776611328,198.88999938964844,616.5126342773438,166.43313598632812,248.08999633789062,465.25823974609375
2025-03-13,208.57791137695312,375.0799255371094,115.41825103759766,218.55718994140625,104.35192108154297,193.88999938964844,587.7349853515625,162.1007843017578,240.67999267578125,465.6547546386719
2025-03-14,212.36788940429688,384.7745361328125,121.49972534179688,225.5936737060547,107.45358276367188,197.9499969482422,605.1494140625,164.8197021484375,249.97999572753906,472.54986572265625
2025-03-17,212.87521362304688,384.9132080078125,119.36272430419922,227.0397491455078,109.23966979980469,195.74000549316406,602.4603881835938,163.6245574951172,238.00999450683594,482.57818603515625
2025-03-18,211.57211303710938,379.78363037109375,115.2684555053711,228.04913330078125,109.12443542480469,192.82000732421875,580.0111694335938,160.01922607421875,225.30999755859375,487.2006530761719
2025-03-19,214.1086883544922,384.0417785644531,117.35552978515625,232.0671844482422,110.82410430908203,195.5399932861328,581.7044067382812,163.2261962890625,235.86000061035156,486.6204833984375
2025-03-20,212.97471618652344,383.0713195800781,118.3641128540039,231.97015380859375,111.29463195800781,194.9499969482422,583.6365966796875,162.14059448242188,236.25999450683594,494.45355224609375
2025-03-21,217.12277221679688,387.4482727050781,117.5352783203125,234.51296997070312,110.9105224609375,196.2100067138672,593.84521484375,163.32579040527344,248.7100067138672,499.8207092285156
2025-03-24,219.56982421875,389.2505187988281,121.24009704589844,240.75357055664062,111.19860076904297,203.25999450683594,616.35400390625,167.00083923339844,278.3900146484375,499.48223876953125
2025-03-25,222.573974609375,391.3102722167969,120.52110290527344,243.733154296875,111.95720672607422,205.7100067138672,623.7839965820312,169.8691864013672,288.1400146484375,496.5133972167969
2025-03-26,220.36563110351562,386.17083740234375,113.60079956054688,243.6361083984375,113.5704574584961,201.1300048828125,608.5158081054688,164.3914337158203,272.05999755859375,501.126220703125
2025-03-27,222.6734619140625,386.77484130859375,111.27406311035156,240.8118133544922,113.20555877685547,201.36000061035156,600.149658203125,161.58287048339844,273.1300048828125,498.7279052734375
2025-03-28,216.7547149658203,375.1096496582031,109.51652526855469,235.69705200195312,113.05191802978516,192.72000122070312,574.4139404296875,153.70489501953125,263.54998779296875,499.037353515625
2025-03-31,220.9624786376953,371.7328796386719,108.22832489013672,238.07489013671875,114.20423126220703,190.25999450683594,574.035400390625,154.01365661621094,259.1600036621094,506.493408203125
2025-04-01,222.0169219970703,378.46661376953125,109.995849609375,236.48316955566406,114.30986022949219,192.1699981689453,583.6365966796875,156.43380737304688,268.4599914550781,505.88409423828125
2025-04-02,222.71324157714844,378.4171142578125,110.26546478271484,238.57957458496094,113.95455169677734,196.00999450683594,581.574951171875,156.4039306640625,282.760009765625,505.96148681640625
2025-04-03,202.1220245361328,369.4750671386719,101.65753173828125,221.95411682128906,107.96250915527344,178.41000366210938,529.4758911132812,150.10952758789062,267.2799987792969,522.6334838867188
2025-04-04,187.38987731933594,356.3343505859375,94.17801666259766,205.34341430664062,100.1939697265625,171.0,502.6943359375,145.01028442382812,239.42999267578125,507.7505187988281
2025-04-07,180.50625610351562,354.3736572265625,97.50334930419922,209.40577697753906,98.849609375,175.25999450683594,514.1679077148438,146.15560913085938,233.2899932861328,507.4120788574219
2025-04-08,171.51376342773438,351.10577392578125,96.16522979736328,211.77871704101562,96.76583099365234,170.66000366210938,508.3912658691406,144.11390686035156,221.86000061035156,534.8570556640625
2025-04-09,197.80487060546875,386.68572998046875,114.16999816894531,228.83859252929688,101.59596252441406,191.10000610351562,583.4075927734375,158.06716918945312,272.20001220703125,559.4395141601562
2025-04-10,189.41915893554688,377.63482666015625,107.4194564819336,221.77833557128906,95.9592056274414,181.22000122070312,544.086669921875,152.2010498046875,252.39999389648438,574.8155517578125
2025-04-11,197.10853576660156,384.6656494140625,110.7747573852539,230.65492248535156,99.04166412353516,184.8699951171875,541.3777465820312,156.5035400390625,252.30999755859375,579.7184448242188
2025-04-14,201.45556640625,384.0318603515625,110.55506134033203,229.20965576171875,99.28172302246094,182.1199951171875,529.33642578125,158.4257354736328,252.35000610351562,567.7174072265625
2025-04-15,201.07754516601562,381.9721374511719,112.04297637939453,227.65701293945312,99.00324249267578,179.58999633789062,519.4166870117188,155.6768798828125,254.11000061035156,564.3617553710938
2025-04-16,193.24891662597656,367.9896545410156,104.3437728881836,224.2196502685547,100.04994201660156,174.3300018310547,500.28411865234375,152.70895385742188,241.5500030517578,565.763916015625
2025-04-17,195.94467163085938,364.197021484375,101.34796905517578,226.5144805908203,102.67145538330078,172.61000061035156,499.4574890136719,150.54774475097656,241.3699951171875,439.14788818359375
2025-04-21,192.14474487304688,355.621337890625,96.77438354492188,223.61419677734375,101.16384887695312,167.32000732421875,482.70526123046875,147.0718994140625,227.5,411.31610107421875
2025-04-22,198.690185546875,363.246337890625,98.7516098022461,230.0592498779297,103.99662780761719,173.17999267578125,498.2622985839844,150.8564910888672,237.97000122070312,413.10516357421875
2025-04-23,203.52462768554688,370.74261474609375,102.56626892089844,235.22506713867188,103.10358428955078,180.60000610351562,518.1716918945312,154.7207794189453,250.74000549316406,413.8594665527344
2025-04-24,207.2748260498047,383.5268249511719,106.28104400634766,238.89678955078125,104.31350708007812,186.5399932861328,530.9998168945312,158.63485717773438,259.510009765625,410.271728515625
2025-04-25,208.18002319335938,388.0325012207031,110.85465240478516,237.83238220214844,104.25588989257812,188.99000549316406,545.0628662109375,161.3040008544922,284.95001220703125,404.8465881347656
2025-04-28,209.03550720214844,387.3492431640625,108.57783508300781,237.5101318359375,104.31350708007812,187.6999969482422,547.5227661132812,159.95947265625,285.8800048828125,406.1617431640625
2025-04-29,210.09988403320312,390.201171875,108.867431640625,238.87725830078125,104.05425262451172,187.38999938964844,552.203857421875,159.51129150390625,292.0299987792969,395.74658203125
2025-04-30,211.3831024169922,391.4093017578125,108.76756286621094,238.87725830078125,101.43270874023438,184.4199981689453,546.7858276367188,158.15679931640625,282.1600036621094,397.8837890625
2025-05-01,212.19879150390625,421.2556457519531,111.45380401611328,241.09396362304688,101.57675170898438,190.1999969482422,569.9022216796875,160.6466827392578,280.5199890136719,387.4783020019531
2025-05-02,204.2706756591797,431.0393981933594,114.33976745605469,246.58203125,101.98966979980469,189.97999572753906,594.6121215820312,163.36561584472656,287.2099914550781,386.743408203125
2025-05-05,197.84463500976562,431.9207458496094,113.66072082519531,246.630859375,99.16649627685547,186.35000610351562,596.8530883789062,163.54490661621094,280.260009765625,391.47222900390625
2025-05-06,197.4666290283203,429.0885925292969,113.38111114501953,243.3985595703125,100.54927062988281,185.00999450683594,584.9412231445312,162.56884765625,275.3500061035156,381.5116271972656
2025-05-07,195.21852111816406,429.1282043457031,116.89617919921875,243.5352783203125,100.45325469970703,188.7100067138672,594.4030151367188,150.76686096191406,276.2200012207031,378.17523193359375
2025-05-08,196.45199584960938,433.9012756347656,117.20575714111328,247.51950073242188,101.85523223876953,192.0800018310547,595.5982055664062,153.65509033203125,284.82000732421875,372.8468017578125
2025-05-09,197.4865264892578,434.4557800292969,116.48675537109375,247.138671875,103.04596710205078,193.05999755859375,590.1004028320312,152.13131713867188,298.260009765625,368.0986022949219
2025-05-12,209.95706176757812,444.88323974609375,122.82787322998047,253.94503784179688,104.82245635986328,208.63999938964844,636.85107421875,157.8181915283203,318.3800048828125,366.2708435058594
2025-05-13,212.08859252929688,444.764404296875,129.7481689453125,256.8355712890625,105.11053466796875,211.3699951171875,653.3841552734375,158.8838348388672,334.07000732421875,301.1205749511719
2025-05-14,211.490966796875,448.52734375,135.1505889892578,259.40380859375,104.16947174072266,210.25,656.70068359375,164.70018005371094,347.67999267578125,297.8616027832031
2025-05-15,210.6144561767578,449.5392761230469,134.6413116455078,261.2103576660156,105.22579956054688,205.1699981689453,641.283203125,163.29591369628906,342.82000732421875,265.3106384277344
2025-05-16,210.42520141601562,450.67022705078125,135.21051025390625,261.27874755859375,104.84785461425781,205.58999633789062,637.7574462890625,165.51686096191406,349.9800109863281,282.2920837402344
2025-05-19,207.9550018310547,455.2337951660156,135.38026428222656,258.6616516113281,103.18099212646484,206.16000366210938,637.8471069335938,165.8654327392578,342.0899963378906,305.48199462890625
2025-05-20,206.04258728027344,454.53936767578125,134.19192504882812,259.4428405761719,101.70793151855469,204.07000732421875,634.5304565429688,163.31581115722656,343.82000732421875,310.9844970703125
2025-05-21,201.2914276123047,448.98370361328125,131.6155548095703,254.91177368164062,100.4577865600586,201.1199951171875,632.93701171875,167.8772735595703,334.6199951171875,292.9973449707031
2025-05-22,200.56430053710938,451.25555419921875,132.64410400390625,254.5504913330078,99.78910064697266,203.10000610351562,634.0025634765625,170.1779022216797,341.0400085449219,286.895263671875
2025-05-23,194.49839782714844,446.6126403808594,131.10626220703125,254.58953857421875,99.84724426269531,200.99000549316406,624.5309448242188,167.78762817382812,339.3399963378906,285.8315124511719
2025-05-27,199.4188690185547,457.03936767578125,135.31036376953125,259.06201171875,100.32210540771484,206.02000427246094,639.7294311523438,172.19969177246094,362.8900146484375,285.2802429199219
2025-05-28,199.62803649902344,453.7357482910156,134.621337890625,257.30426025390625,98.95567321777344,204.72000122070312,640.984375,171.661865234375,356.8999938964844,288.2878112792969
2025-05-29,199.15989685058594,455.0453186035156,138.99520874023438,258.1636047363281,99.51775360107422,205.6999969482422,642.4484252929688,171.16390991210938,358.42999267578125,288.3458557128906
2025-05-30,200.0563507080078,456.7119445800781,134.94090270996094,257.80230712890625,99.13980865478516,205.00999450683594,644.8786010742188,171.04441833496094,346.4599914550781,291.9626159667969
2025-06-02,200.90298461914062,458.3092346191406,137.187744140625,258.4468078613281,99.86663055419922,206.64999389648438,668.1941528320312,168.34535217285156,342.69000244140625,294.6800231933594
2025-06-03,202.46676635742188,459.3013000488281,141.02235412597656,260.01898193359375,100.59346771240234,205.7100067138672,664.1605224609375,165.5069122314453,344.2699890136719,291.29534912109375
2025-06-04,202.0185546875,460.1941833496094,141.7213897705078,258.01715087890625,99.13980865478516,207.22999572753906,685.1754150390625,167.3693389892578,332.04998779296875,290.4830017089844
2025-06-05,199.83721923828125,463.9739685058594,139.79409790039062,255.80043029785156,98.684326171875,207.91000366210938,681.85888671875,167.5286865234375,284.70001220703125,286.09259033203125
2025-06-06,203.11419677734375,466.6525573730469,141.5216522216797,259.49169921875,101.04894256591797,213.57000732421875,694.8960571289062,172.9765167236328,295.1400146484375,293.22943115234375
2025-06-09,200.6539764404297,469.0038146972656,142.43040466308594,260.4779357910156,101.7273178100586,216.97999572753906,691.2608032226562,175.58908081054688,308.5799865722656,293.2004089355469
2025-06-10,201.86912536621094,467.18829345703125,143.75852966308594,262.2943115234375,103.90782165527344,217.61000061035156,699.567138671875,178.09194946289062,326.0899963378906,293.7806701660156
2025-06-11,197.9945068359375,468.8748474121094,142.6400146484375,261.8548889160156,105.9332504272461,213.1999969482422,691.3404541015625,176.84548950195312,326.42999267578125,300.3276062011719
2025-06-12,198.41285705566406,475.0753173828125,144.80712890625,261.9427795410156,106.34027862548828,213.24000549316406,690.5635375976562,175.2001953125,319.1099853515625,308.0059814453125
2025-06-13,195.67372131347656,471.1962890625,141.78115844726562,258.72998046875,108.65644836425781,212.10000610351562,680.1158447265625,174.17311096191406,325.30999755859375,303.19970703125
2025-06-16,197.6359405517578,475.3431701660156,144.49754333496094,264.0129699707031,109.00531768798828,216.10000610351562,699.8262329101562,176.26715087890625,329.1300048828125,299.6352233886719
2025-06-17,194.86691284179688,474.2518615722656,143.92828369140625,263.1926574707031,110.4783706665039,214.82000732421875,694.9522094726562,175.449462890625,316.3500061035156,300.8136291503906
2025-06-18,195.80319213867188,476.4344482421875,145.28648376464844,267.5284729003906,109.69338989257812,212.52000427246094,693.4970703125,172.8269805908203,322.04998779296875,299.1872253417969
2025-06-20,200.2057342529297,473.616943359375,143.65866088867188,268.5440673828125,111.15674591064453,209.69000244140625,680.120849609375,166.16598510742188,322.1600036621094,294.132568359375
2025-06-23,200.7037811279297,482.1488037109375,143.97824096679688,271.7373046875,108.2881851196289,208.47000122070312,696.2481079101562,164.7200927734375,348.67999267578125,292.8372802734375
2025-06-24,199.50851440429688,486.2261962890625,147.7032470703125,274.6571044921875,104.99320983886719,212.77000427246094,709.8734130859375,166.29559326171875,340.4700012207031,297.6484375
2025-06-25,200.76353454589844,488.3691101074219,154.10475158691406,277.3913269042969,105.02229309082031,211.99000549316406,706.3648681640625,170.19447326660156,327.54998779296875,294.1423034667969
2025-06-26,200.2057342529297,493.5080871582031,154.8137969970703,281.9712219238281,106.59223937988281,217.1199951171875,723.718017578125,173.04632568359375,325.7799987792969,294.7266540527344
2025-06-27,200.28543090820312,492.0100402832031,157.54017639160156,280.3697509765625,106.00108337402344,223.3000030517578,731.2333984375,178.02212524414062,323.6300048828125,301.0473937988281
2025-06-30,204.35926818847656,493.4683837890625,157.7798614501953,283.1040344238281,104.46990203857422,219.38999938964844,735.6788330078125,175.7286834716797,317.6600036621094,303.83282470703125
2025-07-01,206.99879455566406,488.1508483886719,153.09609985351562,283.59228515625,105.86540985107422,220.4600067138672,716.8704223632812,175.3397979736328,300.7099914550781,317.6332092285156
2025-07-02,211.6005401611328,487.1984558105469,157.04083251953125,285.14495849609375,107.6195068359375,219.9199981689453,711.2389526367188,178.13182067871094,315.6499938964844,299.5378112792969
2025-07-03,212.70616149902344,494.8870544433594,159.1280517578125,290.443603515625,108.73397064208984,223.41000366210938,716.6611328125,179.019287109375,315.3500061035156,300.5019836425781
2025-07-07,209.120361328125,493.77593994140625,158.02952575683594,286.4892578125,107.67764282226562,223.47000122070312,716.0032348632812,176.28707885742188,293.94000244140625,295.7882385253906
2025-07-08,209.18014526367188,492.6846618652344,159.7871856689453,277.47174072265625,110.6624984741211,219.36000061035156,718.315673828125,173.86399841308594,297.80999755859375,299.6741638183594
2025-07-09,210.30567932128906,499.52008056640625,162.66334533691406,277.8446350097656,110.28455352783203,222.5399932861328,730.38623046875,176.11758422851562,295.8800048828125,295.0091247558594
2025-07-10,211.57064819335938,497.5061340332031,163.88172912597656,282.7802429199219,111.379638671875,222.25999450683594,724.8641967773438,177.11471557617188,309.8699951171875,291.6977844238281
2025-07-11,210.32559204101562,499.3315734863281,164.7006378173828,281.4751281738281,111.86419677734375,225.02000427246094,715.1660766601562,179.67742919921875,313.510009765625,296.1680603027344
2025-07-14,207.79562377929688,499.0339050292969,163.85177612304688,283.2806396484375,110.40084075927734,225.69000244140625,718.5648803710938,181.04351806640625,316.8999938964844,292.7398681640625
2025-07-15,208.28370666503906,501.811767578125,170.4729461669922,281.1710205078125,109.42204284667969,226.35000610351562,708.0692749023438,181.48228454589844,310.7799987792969,284.10125732421875
2025-07-16,209.32955932617188,501.6133117675781,171.14205932617188,280.4546813964844,108.76304626464844,223.19000244140625,700.6136474609375,182.4495086669922,321.6700134277344,284.86090087890625
2025-07-17,209.19009399414062,507.6451416015625,172.7698974609375,284.4581298828125,108.21065521240234,223.8800048828125,699.1185913085938,183.0577850341797,319.4100036621094,280.55621337890625
2025-07-18,210.3455047607422,506.0082092285156,172.18069458007812,285.8023376464844,104.4408187866211,226.1300048828125,701.9793090820312,184.5335693359375,329.6499938964844,275.2775573730469
2025-07-21,211.64036560058594,506.0181579589844,171.1520538330078,285.5080261230469,104.71217346191406,229.3000030517578,710.640869140625,189.55923461914062,328.489990234375,274.7808837890625
2025-07-22,213.55279541015625,501.2660827636719,166.80784606933594,285.9593811035156,105.1870346069336,227.47000122070312,702.507568359375,190.7957000732422,332.1099853515625,277.6928405761719
2025-07-23,213.3037872314453,501.861328125,170.55284118652344,291.1893615722656,106.53409576416016,228.2899932861328,711.2489624023438,189.68885803222656,332.55999755859375,284.8804016113281
2025-07-24,212.91529846191406,506.8316650390625,173.5089111328125,290.9832458496094,107.3675308227539,232.22999572753906,712.46484375,191.62335205078125,305.29998779296875,271.3136901855469
2025-07-25,213.03485107421875,509.6392517089844,173.26922607421875,293.0144348144531,106.98957824707031,231.44000244140625,710.351806640625,192.63046264648438,316.05999755859375,273.72906494140625
2025-07-28,213.20419311523438,508.4388427734375,176.514892578125,292.6807861328125,107.99745178222656,232.7899932861328,715.28564453125,192.0321807861328,325.5899963378906,274.7613525390625
2025-07-29,210.43516540527344,508.5082702636719,175.27655029296875,291.464111328125,109.39295959472656,231.00999450683594,697.7132568359375,195.19314575195312,321.20001220703125,254.2604522705078
2025-07-30,208.2239227294922,509.1729736328125,179.03155517578125,294.0054931640625,108.44324493408203,230.19000244140625,692.9388427734375,195.970947265625,319.0400085449219,259.1007995605469
2025-07-31,206.74978637695312,529.2723999023438,177.63340759277344,290.6790771484375,108.19126892089844,234.11000061035156,770.913330078125,191.35411071777344,308.2699890136719,243.05064392089844
2025-08-01,201.58030700683594,519.9568481445312,173.4889373779297,283.93804931640625,106.25305938720703,214.75,747.559814453125,188.59201049804688,302.6300048828125,231.5681915283203
2025-08-04,202.5464630126953,531.3954467773438,179.76058959960938,288.7362365722656,104.05318450927734,211.64999389648438,773.8338012695312,194.48516845703125,309.260009765625,234.6944580078125
2025-08-05,202.11814880371094,523.5679321289062,178.02288818359375,285.9005126953125,103.92720031738281,213.75,760.9660034179688,194.11622619628906,308.7200012207031,244.45309448242188
2025-08-06,212.4073486328125,520.7802124023438,179.1813507080078,285.8808898925781,103.2197494506836,222.30999755859375,769.468017578125,195.53219604492188,319.9100036621094,239.3692626953125
2025-08-07,219.16053771972656,516.7127685546875,180.52957153320312,281.5536804199219,102.67704772949219,223.1300048828125,759.3411865234375,195.96096801757812,322.2699890136719,238.2882080078125
2025-08-08,228.4437255859375,517.9031982421875,182.4569854736328,283.3395080566406,103.50079345703125,222.69000244140625,766.786865234375,200.84703063964844,329.6499938964844,244.34597778320312
2025-08-11,226.53909301757812,517.6353149414062,181.8178253173828,284.1244812011719,102.56075286865234,221.3000030517578,763.3680419921875,200.42822265625,339.0299987792969,245.787353515625
2025-08-12,229.0021209716797,525.046142578125,182.9163818359375,287.35272216796875,102.85147857666016,221.47000122070312,787.4192504882812,202.76156616210938,340.8399963378906,254.7473907470703
2025-08-13,232.6717529296875,516.454833984375,181.3484649658203,285.0762939453125,104.27606964111328,224.55999755859375,777.5316772460938,201.385498046875,339.3800048828125,264.7203063964844
2025-08-14,232.123291015625,518.3397216796875,181.7778778076172,288.6381530761719,104.0628662109375,230.97999572753906,779.574951171875,202.3627166748047,335.5799865722656,264.40863037109375
2025-08-15,230.9366455078125,516.0479736328125,180.20997619628906,285.0370178222656,104.16068267822266,231.02999877929688,782.6648559570312,203.31997680664062,330.55999755859375,296.0804443359375
2025-08-18,230.23863220214844,513.0023803710938,181.7678985595703,286.0574645996094,104.38565826416016,231.49000549316406,764.8631591796875,202.92111206054688,335.1600036621094,300.44354248046875
2025-08-19,229.90956115722656,505.73040771484375,175.4063720703125,285.203857421875,105.07034301757812,228.00999450683594,749.0250244140625,200.99661254882812,329.30999755859375,296.3044128417969
2025-08-20,225.3723907470703,501.7125549316406,175.16668701171875,286.7541809082031,106.15605926513672,223.80999755859375,745.27734375,198.75302124023438,323.8999938964844,292.01922607421875
2025-08-21,224.26553344726562,501.06658935546875,174.7472381591797,285.9986267089844,106.84075164794922,221.9499969482422,736.6854858398438,199.1817626953125,320.1099853515625,295.43768310546875
2025-08-22,227.11746215820312,504.037841796875,177.75326538085938,290.6790771484375,108.84590148925781,228.83999633789062,752.32421875,205.5037384033203,340.010009765625,299.4014892578125
2025-08-25,226.51914978027344,501.0865173339844,179.57083129882812,289.3642578125,109.29583740234375,227.94000244140625,750.839111328125,207.8969268798828,346.6000061035156,296.9082336425781
2025-08-26,228.6630859375,498.8804931640625,181.52822875976562,292.9653625488281,109.05130767822266,228.7100067138672,751.636474609375,206.55076599121094,351.6700134277344,292.5937805175781
2025-08-27,229.8397674560547,503.5509033203125,181.3584442138672,293.6619873046875,110.28376007080078,229.1199951171875,744.9384155273438,206.88978576660156,349.6000061035156,295.95379638671875
2025-08-28,231.9039306640625,506.43267822265625,179.93035888671875,295.41845703125,110.87063598632812,231.60000610351562,748.65625,211.0379638671875,345.9800109863281,294.4053039550781
2025-08-29,231.485107421875,503.501220703125,173.94830322265625,295.7618713378906,111.7900619506836,229.0,736.286865234375,212.30435180664062,333.8699951171875,301.7875671386719
2025-09-02,229.0719451904297,501.9410705566406,170.55284118652344,294.07415771484375,112.18132019042969,225.33999633789062,732.7085571289062,210.748779296875,329.3599853515625,300.7454528808594
2025-09-03,237.79725646972656,502.1696472167969,170.39306640625,293.8876953125,109.46212768554688,225.99000549316406,734.6422119140625,230.00384521484375,334.0899963378906,299.8494873046875
2025-09-04,239.10354614257812,504.7731628417969,171.4316864013672,298.1168212890625,109.94140625,235.67999267578125,746.2042846679688,231.6392059326172,338.5299987792969,302.2842712402344
2025-09-05,239.0137939453125,491.8847961425781,166.79786682128906,288.85400390625,106.84075164794922,232.3300018310547,749.9918823242188,234.3314971923828,350.8399963378906,307.1636047363281
2025-09-08,237.2089080810547,495.06463623046875,168.08612060546875,287.4115905761719,107.44718170166016,235.83999633789062,749.8424072265625,233.5829620361328,346.3999938964844,311.8968505859375
2025-09-09,233.68887329101562,495.2733154296875,170.53285217285156,292.2588806152344,108.22969055175781,238.24000549316406,763.1986083984375,239.1620635986328,346.9700012207031,338.8451232910156
2025-09-10,226.1501922607422,497.2209777832031,177.09413146972656,294.8984069824219,110.03923034667969,230.3300018310547,749.5234985351562,238.70294189453125,347.7900085449219,337.7348327636719
2025-09-11,229.3810577392578,497.8569641113281,176.9443359375,299.82415771484375,109.68710327148438,229.9499969482422,748.4469604492188,239.90060424804688,368.80999755859375,344.3866882324219
2025-09-12,233.40966796875,506.6910095214844,177.59349060058594,301.1488037109375,109.70665740966797,228.14999389648438,753.1217041015625,240.3297576904297,395.94000244140625,343.31536865234375
2025-09-15,236.0322265625,512.1166381835938,177.52357482910156,303.1014099121094,109.89250183105469,231.42999267578125,762.2018432617188,251.11865234375,410.0400085449219,340.9534606933594
2025-09-16,237.4781494140625,505.83642578125,174.65724182128906,303.385986328125,112.17153930664062,234.0500030517578,776.4552001953125,250.66954040527344,421.6199951171875,333.005126953125
2025-09-17,238.3157958984375,506.81024169921875,170.0730743408203,305.8979187011719,112.76820373535156,231.6199951171875,773.1858520507812,249.04270935058594,425.8599853515625,334.79864501953125
2025-09-18,237.2089080810547,505.2501525878906,176.01551818847656,307.3501892089844,111.43794250488281,231.22999572753906,777.7010498046875,251.537841796875,416.8500061035156,328.14404296875
2025-09-19,244.8074188232422,514.6704711914062,176.4449462890625,308.87103271484375,110.35221862792969,231.47999572753906,775.8372192382812,254.22259521484375,426.07000732421875,329.97674560546875
2025-09-22,255.35755920410156,511.21240234375,183.37611389160156,306.57501220703125,109.56971740722656,227.6300048828125,763.1751098632812,252.03684997558594,434.2099914550781,334.4948425292969
2025-09-23,253.71221923828125,506.0252685546875,178.2027130126953,306.8693542480469,111.45750427246094,220.7100067138672,753.4404907226562,251.16856384277344,425.8500061035156,340.7574157714844
2025-09-24,251.59820556640625,506.9394226074219,176.74456787109375,307.53662109375,112.05416107177734,220.2100067138672,758.686767578125,246.65737915039062,442.7900085449219,344.7952880859375
2025-09-25,256.14532470703125,503.8390808105469,177.4636688232422,307.5660400390625,113.06163024902344,218.14999389648438,746.96728515625,245.3100128173828,423.3900146484375,338.6698913574219
2025-09-26,254.73931884765625,508.24114990234375,177.96302795410156,310.1270446777344,114.65597534179688,219.77999877929688,741.8206176757812,246.0585479736328,440.3999938964844,337.2193908691406
2025-09-29,253.71221923828125,511.36138916015625,181.61837768554688,309.76397705078125,111.72160339355469,222.1699981689453,741.4716186523438,243.5734100341797,443.2099914550781,338.2974853515625
2025-09-30,253.9116668701172,514.6903686523438,186.3423309326172,309.50885009765625,110.28376007080078,219.57000732421875,732.4749145507812,242.6252899169922,444.7200012207031,338.4150390625
2025-10-01,254.72933959960938,516.4392700195312,187.00149536132812,304.8774719238281,109.54037475585938,220.6300048828125,715.4791870117188,244.4217529296875,459.4599914550781,341.3552551269531
2025-10-02,256.40460205078125,512.4942016601562,188.64939880371094,301.7767639160156,108.8556900024414,222.41000366210938,725.1639404296875,245.210205078125,436.0,346.66717529296875
2025-10-03,257.2920837402344,514.0940551757812,187.38099670410156,304.2102355957031,110.78260040283203,219.50999450683594,708.7167358398438,244.8708953857422,429.8299865722656,353.0179748535156
2025-10-06,255.96583557128906,525.2435302734375,185.30364990234375,304.8511047363281,111.70203399658203,220.89999389648438,713.8035278320312,249.94094848632812,453.25,351.6164855957031
2025-10-07,255.75645446777344,520.682373046875,184.80429077148438,303.3819885253906,111.76072692871094,221.77999877929688,711.230224609375,245.2800750732422,433.0899963378906,356.40899658203125
2025-10-08,257.3320007324219,521.546875,188.86911010742188,299.7732238769531,111.52597045898438,225.22000122070312,715.9779052734375,244.14230346679688,438.69000244140625,362.544189453125
2025-10-09,253.32330322265625,519.1123657226562,192.32470703125,301.2522277832031,110.44026184082031,227.74000549316406,731.6072387695312,241.05833435058594,435.5400085449219,360.358642578125
2025-10-10,244.57806396484375,507.74432373046875,182.92669677734375,296.67724609375,108.30793762207031,216.3699951171875,703.4703979492188,236.10804748535156,413.489990234375,347.4316101074219
2025-10-13,246.96133422851562,510.8149108886719,188.0801239013672,303.6580810546875,109.78490447998047,220.07000732421875,713.8433837890625,243.6732177734375,435.8999938964844,351.5086975097656
2025-10-14,247.07101440429688,510.3378601074219,179.8006591796875,297.85052490234375,109.83380889892578,216.38999938964844,706.8117065429688,244.97067260742188,429.239990234375,352.7533874511719
2025-10-15,248.63658142089844,510.19879150390625,179.60093688964844,301.40997314453125,109.16868591308594,215.57000732421875,715.6885986328125,250.53977966308594,435.1499938964844,353.94903564453125
2025-10-16,246.75192260742188,508.3902282714844,181.5784149169922,294.360107421875,108.21990966796875,214.47000122070312,710.2228393554688,250.9689483642578,428.75,349.5583801269531
2025-10-17,251.5782470703125,510.3478698730469,182.9866180419922,293.3938293457031,109.78490447998047,213.0399932861328,715.0602416992188,252.8053436279297,439.30999755859375,349.4897766113281
2025-10-20,261.50018310546875,513.53759765625,182.4073486328125,298.1265869140625,110.2348403930664,216.47999572753906,730.2706909179688,256.04901123046875,447.42999267578125,357.2126770019531
2025-10-21,262.0286560058594,514.4021606445312,180.92922973632812,292.9303894042969,110.24462890625,222.02999877929688,731.3678588867188,249.9709014892578,442.6000061035156,358.0848693847656
2025-10-22,257.72088623046875,517.2639770507812,180.05035400390625,289.99212646484375,112.20088195800781,217.9499969482422,731.5074462890625,251.19850158691406,438.9700012207031,354.2822265625
2025-10-23,258.84765625,517.283935546875,181.92796325683594,290.4161071777344,113.44310760498047,221.08999633789062,732.095947265625,252.58580017089844,448.9800109863281,353.2630310058594
2025-10-24,262.0785827636719,520.314697265625,186.02272033691406,296.2334899902344,112.86600494384766,224.2100067138672,736.444580078125,259.4124450683594,433.7200012207031,355.2721252441406
2025-10-27,268.0516662597656,528.1749877929688,191.24607849121094,299.8915710449219,113.40397644042969,226.97000122070312,748.872314453125,268.744140625,452.4200134277344,358.6827392578125
2025-10-28,268.2411193847656,538.6585083007812,200.77394104003906,301.0845947265625,112.51387786865234,229.25,749.49072265625,266.94769287109375,460.54998779296875,360.50567626953125
2025-10-29,268.93914794921875,538.1417846679688,206.77627563476562,301.2325134277344,113.9028091430664,230.3000030517578,749.7200927734375,274.0338439941406,461.510009765625,348.176513671875
2025-10-30,270.63433837890625,522.451171875,202.63156127929688,305.10748291015625,112.18132019042969,222.86000061035156,664.7410888671875,280.93035888671875,440.1000061035156,337.8760681152344
2025-10-31,269.6072692871094,514.5512084960938,202.23207092285156,306.7639465332031,111.85853576660156,244.22000122070312,646.6680908203125,280.640869140625,456.55999755859375,334.7496337890625
2025-11-03,268.29095458984375,513.776123046875,206.61647033691406,305.01873779296875,111.27166748046875,254.0,636.0557861328125,283.16595458984375,468.3699951171875,327.13458251953125
2025-11-04,269.2781982421875,511.0931701660156,198.43690490722656,304.9201354980469,111.64334869384766,249.32000732421875,625.6926879882812,276.9980163574219,444.260009765625,324.23358154296875
2025-11-05,269.3779296875,503.9682312011719,194.9613494873047,307.31610107421875,111.19342041015625,250.1999969482422,634.30029296875,283.7547607421875,462.07000732421875,321.2051696777344
2025-11-06,269.0089416503906,493.9715576171875,187.84042358398438,309.0317687988281,111.9954833984375,243.0399932861328,617.3344116210938,284.1939392089844,445.9100036621094,315.1484069824219
2025-11-07,267.7126159667969,493.6933288574219,187.91033935546875,309.8106689453125,114.65597534179688,244.41000366210938,620.0972290039062,278.2854919433594,429.5199890136719,317.74560546875
2025-11-10,268.93035888671875,502.8155517578125,198.7964630126953,312.45318603515625,115.63410949707031,248.39999389648438,630.1211547851562,289.5334777832031,445.2300109863281,315.1679992675781
2025-11-11,274.73956298828125,505.4786682128906,192.91395568847656,311.2009582519531,117.15998077392578,249.10000610351562,625.4533081054688,290.74114990234375,439.6199951171875,320.9210205078125
2025-11-12,272.9628601074219,507.9232177734375,193.5531463623047,315.92388916015625,115.53629302978516,244.1999969482422,607.43017578125,286.15008544921875,430.6000061035156,332.2994689941406
2025-11-13,272.44384765625,500.1225891113281,186.62196350097656,305.1469421386719,116.19164276123047,237.5800018310547,608.3079223632812,278.0260009765625,401.989990234375,325.8898620605469
2025-11-14,271.9048156738281,506.9692687988281,189.92776489257812,299.3591003417969,117.70126342773438,234.69000244140625,607.8790283203125,275.8702392578125,404.3500061035156,315.44244384765625
2025-11-17,266.9639892578125,504.2961730957031,186.3623046875,296.1644592285156,116.11270141601562,232.8699951171875,600.4483642578125,284.46337890625,408.9200134277344,314.129150390625
2025-11-18,266.9440612792969,490.6824035644531,181.1289825439453,295.2178955078125,117.44471740722656,222.5500030517578,596.1395263671875,283.724853515625,401.25,307.3275451660156
2025-11-19,268.06195068359375,484.05438232421875,186.2823944091797,299.02386474609375,115.78709411621094,222.69000244140625,588.7886352539062,292.2381896972656,403.989990234375,302.92706298828125
2025-11-20,265.7562561035156,476.3088684082031,180.40989685058594,294.20233154296875,115.46148681640625,217.13999938964844,587.6217651367188,288.884765625,395.2300109863281,305.3282470703125
2025-11-21,270.98651123046875,470.0268249511719,178.6521453857422,293.84735107421875,115.52069091796875,220.69000244140625,592.7084350585938,299.0748291015625,391.0899963378906,313.5901184082031
2025-11-24,275.4083251953125,471.8985290527344,182.31747436523438,293.8276672363281,114.42547607421875,226.27999877929688,611.4596557617188,317.9578552246094,417.7799987792969,312.6884460449219
2025-11-25,276.4563903808594,474.8752136230469,177.59349060058594,298.7576599121094,112.98491668701172,229.6699981689453,634.569580078125,322.8083801269531,419.3999938964844,319.7743225097656
2025-11-26,277.0352783203125,483.3475036621094,180.03038024902344,303.33270263671875,113.241455078125,229.16000366210938,631.9663696289062,319.3252258300781,426.5799865722656,323.13592529296875
2025-11-28,278.3328857421875,489.82867431640625,176.7745361328125,308.6965026855469,114.37613677978516,233.22000122070312,646.2691650390625,319.5547790527344,430.1700134277344,323.1947326660156
2025-12-01,282.57501220703125,484.5820007324219,179.69082641601562,304.59478759765625,115.0766830444336,233.8800048828125,639.2075805664062,314.2751159667969,430.1400146484375,316.7655029296875
2025-12-02,285.6592712402344,487.82757568359375,181.22885131835938,303.5693359375,113.84333038330078,234.4199981689453,645.4213256835938,315.1932678222656,429.239990234375,318.0690002441406
2025-12-03,283.623046875,475.6119689941406,179.36123657226562,307.7598571777344,116.2311019897461,232.3800048828125,637.9408569335938,319.00579833984375,446.739990234375,332.9365234375
2025-12-04,280.179443359375,478.7081604003906,183.1566162109375,311.6742248535156,115.57988739013672,229.11000061035156,659.81396484375,316.999755859375,454.5299987792969,326.8405456542969
2025-12-05,278.26300048828125,481.01788330078125,182.1877899169922,310.6290588378906,114.9878921508789,229.52999877929688,671.673095703125,320.642578125,455.0,324.31201171875
2025-12-08,277.3746643066406,488.8430480957031,185.323974609375,310.79669189453125,114.43534088134766,226.88999938964844,665.0702514648438,313.31219482421875,439.5799865722656,319.2998352050781
2025-12-09,276.66595458984375,489.8385925292969,184.7446746826172,296.30255126953125,116.67510986328125,227.9199981689453,655.2557983398438,316.66778564453125,445.1700134277344,319.28009033203125
2025-12-10,278.26300048828125,476.4382629394531,183.55612182617188,305.7680969238281,117.94792938232422,231.77999877929688,648.4434814453125,319.7937316894531,451.45001220703125,323.9864196777344
2025-12-11,277.514404296875,481.3265075683594,180.70957946777344,312.9363098144531,117.94792938232422,230.27999877929688,651.016845703125,312.0238342285156,446.8900146484375,332.2348327636719
2025-12-12,277.7639465332031,476.4084167480469,174.80679321289062,314.0603332519531,117.23751831054688,226.19000244140625,642.558837890625,308.887939453125,458.9599914550781,337.2765808105469
2025-12-15,273.6016540527344,472.7148742675781,176.0752410888672,315.5393371582031,116.19164276123047,222.5399932861328,646.3570556640625,307.8193054199219,475.30999755859375,336.5464782714844
2025-12-16,274.1007385253906,474.2779235839844,177.50350952148438,311.1319274902344,113.15265655517578,222.55999755859375,655.9799194335938,306.1714782714844,489.8800048828125,329.7386169433594
2025-12-17,271.33587646484375,474.00909423828125,170.7317657470703,310.5699157714844,115.84630584716797,221.27000427246094,648.343505859375,296.3342590332031,467.260009765625,327.2029113769531
2025-12-18,271.68524169921875,481.8342590332031,173.9278564453125,308.6176452636719,114.9878921508789,226.75999450683594,663.266845703125,302.0668029785156,483.3699951171875,323.7594909667969
2025-12-19,273.1625061035156,483.7656555175781,180.76951599121094,312.7686767578125,115.1358871459961,227.35000610351562,657.5969848632812,306.7607116699219,481.20001220703125,323.0491027832031
2025-12-22,270.4674987792969,482.7701110839844,183.4662322998047,318.56634521484375,116.57644653320312,228.42999267578125,660.3221435546875,309.3772888183594,488.7300109863281,320.81927490234375
2025-12-23,271.85491943359375,484.6915588378906,188.97950744628906,321.3665771484375,117.82952880859375,232.13999938964844,663.7559814453125,313.94134521484375,485.55999755859375,320.46405029296875
2025-12-24,273.3022155761719,485.8563232421875,188.38023376464844,324.5612487792969,117.63218688964844,232.3800048828125,666.361328125,313.68170166015625,485.3999938964844,323.20697021484375
2025-12-26,272.8929748535156,485.5477294921875,190.2978973388672,323.31890869140625,117.5236587524414,232.52000427246094,662.1089477539062,313.1024475097656,475.19000244140625,327.40020751953125
2025-12-29,273.2523498535156,484.9404296875,187.99070739746094,319.2171325683594,118.92474365234375,232.07000732421875,657.5171508789062,313.1523742675781,459.6400146484375,324.548828125
2025-12-30,272.5735778808594,485.3187561035156,187.31153869628906,318.8917541503906,119.37861633300781,232.52999877929688,664.7642211914062,313.4420166015625,454.42999267578125,327.7257995605469
2025-12-31,271.3558349609375,481.4758605957031,186.27281188964844,317.70855712890625,118.73727416992188,230.82000732421875,658.9146118164062,312.5931091308594,449.7200012207031,325.70318603515625
2026-01-02,270.5074157714844,470.84320068359375,188.6199493408203,320.92291259765625,121.01651763916016,226.5,649.2518310546875,314.7403259277344,438.07000732421875,331.9092102050781
2026-01-05,266.7643737792969,470.75360107421875,187.89083862304688,329.363037109375,123.69042205810547,233.05999755859375,657.616943359375,316.1285400390625,451.6700134277344,337.4541931152344
2026-01-06,261.8734436035156,476.3885192871094,187.0119171142578,331.41326904296875,119.43782043457031,240.92999267578125,659.4436645507812,313.9313659667969,432.9599914550781,344.3114013671875
2026-01-07,259.8471984863281,481.3265075683594,188.87962341308594,323.8660583496094,116.91191101074219,241.55999755859375,647.534912109375,321.5614318847656,431.4100036621094,337.13848876953125
2026-01-08,258.55963134765625,475.9902648925781,184.81459045410156,326.63934326171875,121.27305603027344,246.2899932861328,644.9096069335938,325.0169372558594,435.79998779296875,342.2197265625
2026-01-09,258.8890075683594,477.15509033203125,184.63479614257812,326.0450744628906,122.95040893554688,247.3800048828125,651.8971557617188,328.14288330078125,445.010009765625,339.3880310058594
2026-01-12,259.76739501953125,475.06439208984375,184.71470642089844,321.3899841308594,122.37812805175781,246.47000122070312,640.8268432617188,331.4285583496094,448.9599914550781,335.9643859863281
2026-01-13,260.5658874511719,468.5832824707031,185.58364868164062,307.9298095703125,124.85469818115234,242.60000610351562,629.96630859375,335.53326416015625,447.20001220703125,329.47216796875
2026-01-14,259.4779052734375,457.3433532714844,182.91688537597656,304.9287414550781,128.4659423828125,236.64999389648438,614.4240112304688,335.4034118652344,439.20001220703125,330.4884338378906
2026-01-15,257.73114013671875,454.6354064941406,186.8221435546875,306.30548095703125,127.41020965576172,238.17999267578125,619.694580078125,332.3473815917969,438.57000732421875,334.4350280761719
2026-01-16,255.05613708496094,457.8211975097656,186.0031280517578,309.48480224609375,128.1600799560547,239.1199951171875,619.1455688476562,329.5710144042969,437.5,326.6010437011719
2026-01-20,246.2425079345703,452.5048522949219,177.8530731201172,299.8477478027344,128.72250366210938,231.0,603.0443115234375,321.5814208984375,419.25,333.912109375
2026-01-21,247.1907501220703,442.1409912109375,183.09669494628906,299.15447998046875,131.83055114746094,231.30999755859375,611.8685913085938,327.953125,431.44000244140625,343.1076965332031
2026-01-22,247.8894500732422,449.1398620605469,184.6148223876953,300.729248046875,131.8601531982422,234.33999633789062,646.476806640625,330.1103210449219,449.3599853515625,349.7380065917969
2026-01-23,247.58001708984375,463.8841857910156,187.44137573242188,294.875732421875,133.17242431640625,239.16000366210938,657.5870361328125,327.5036926269531,449.05999755859375,351.5041198730469
2026-01-26,254.9363555908203,468.1949768066406,186.2428436279297,298.1640319824219,133.0441436767578,238.4199981689453,671.1627197265625,332.8267822265625,435.20001220703125,346.9457702636719
2026-01-27,257.791015625,478.4493408203125,188.29034423828125,297.44097900390625,135.00765991210938,244.67999267578125,671.7716674804688,334.1150817871094,430.8999938964844,278.92608642578125
2026-01-28,255.96446228027344,479.4946594238281,191.2866973876953,297.89654541015625,135.74766540527344,243.00999450683594,667.5391845703125,335.5732116699219,431.4599914550781,290.094970703125
2026-01-29,257.801025390625,431.57806396484375,192.27548217773438,303.49261474609375,138.63864135742188,241.72999572753906,736.995361328125,337.8102722167969,416.55999755859375,288.3880920410156
2026-01-30,258.9988098144531,428.3822937011719,190.8971710205078,302.9676818847656,139.51678466796875,239.3000030517578,715.2241821289062,337.56060791015625,430.4100036621094,283.099609375
2026-02-02,269.5093078613281,421.49298095703125,185.38389587402344,305.1961669921875,136.55674743652344,242.9600067138672,705.152099609375,343.24322509765625,421.80999755859375,281.77752685546875
2026-02-03,268.98028564453125,409.3868713378906,180.12030029296875,311.8420715332031,141.81576538085938,238.6199951171875,690.4683227539062,339.26837158203125,421.9599914550781,280.3863220214844
2026-02-04,275.97723388671875,412.35369873046875,173.97779846191406,314.23895263671875,145.6243438720703,232.99000549316406,667.798828125,332.6070556640625,406.010009765625,272.2366027832031
2026-02-05,275.3983459472656,391.9246520996094,171.6706085205078,307.1968688964844,144.13446044921875,222.69000244140625,669.0166625976562,330.8193664550781,397.2099914550781,264.9649963378906
2026-02-06,277.6042175292969,399.3615417480469,185.1841278076172,319.3199462890625,147.06491088867188,210.32000732421875,660.2822265625,322.4402770996094,411.1099853515625,272.95684814453125
2026-02-09,274.3672180175781,411.76629638671875,189.80848693847656,319.0228271484375,149.19615173339844,208.72000122070312,676.0140991210938,323.8984069824219,417.32000732421875,272.01953125
2026-02-10,273.4280700683594,411.437744140625,188.31031799316406,315.2392883300781,149.57107543945312,206.9600067138672,669.525634765625,318.16583251953125,425.2099914550781,269.5726623535156
2026-02-11,275.24639892578125,402.5771789550781,189.8184814453125,307.8505554199219,153.4882049560547,204.0800018310547,667.4993286132812,310.5557556152344,428.2699890136719,275.18670654296875
2026-02-12,261.4891052246094,400.05841064453125,186.7122802734375,299.7487487792969,148.91920471191406,199.60000610351562,648.6529541015625,308.5982971191406,417.07000732421875,280.57379150390625
2026-02-13,255.5445556640625,399.5407409667969,182.58731079101562,299.6595764160156,147.44918823242188,198.7899932861328,638.6307983398438,305.32257080078125,417.44000244140625,289.2760314941406
2026-02-17,263.6371154785156,395.1004943847656,184.7446746826172,304.1958312988281,145.20443725585938,201.14999389648438,638.1516723632812,301.6273498535156,410.6300048828125,285.23077392578125
2026-02-18,264.106689453125,397.8283386230469,187.75099182128906,305.8300476074219,149.66415405273438,204.7899932861328,642.0746459960938,302.9356689453125,411.32000732421875,284.3526916503906
2026-02-19,260.3401184082031,397.5988464355469,187.6710968017578,305.10699462890625,149.95220947265625,204.86000061035156,643.6318969726562,302.456298828125,411.7099914550781,286.0595703125
2026-02-20,264.3364562988281,396.37152099609375,189.58877563476562,307.82086181640625,146.28707885742188,210.11000061035156,654.4925537109375,314.5705261230469,411.82000732421875,286.1286315917969
2026-02-23,265.9349670410156,383.6390686035156,191.31666564941406,294.8262023925781,149.74362182617188,205.27000427246094,636.1153564453125,311.0850524902344,399.8299865722656,278.5708923339844
2026-02-24,271.8895263671875,388.1593017578125,192.61508178710938,294.459716796875,148.25372314453125,208.55999755859375,638.1616821289062,310.495849609375,409.3800048828125,270.29290771484375
2026-02-25,273.97760009765625,399.7342224121094,195.32176208496094,300.40240478515625,148.05508422851562,210.63999938964844,652.5260009765625,312.49322509765625,417.3999938964844,280.40606689453125
2026-02-26,272.6987609863281,400.851806640625,184.66476440429688,303.20538330078125,147.53857421875,207.9199981689453,655.8401489257812,306.9804382324219,408.5799865722656,282.8332214355469
2026-02-27,263.93682861328125,391.8912048339844,176.97415161132812,297.4310607910156,151.47189331054688,210.0,647.0258178710938,311.354736328125,402.510009765625,289.3549499511719
2026-03-02,264.476318359375,397.6886291503906,182.25770568847656,294.7172546386719,153.1802978515625,208.38999938964844,652.396240234375,306.12152099609375,403.32000732421875,290.9928283691406
2026-03-03,263.5072326660156,403.0570068359375,179.83065795898438,297.3914489746094,150.80641174316406,208.72999572753906,653.91357421875,303.1853332519531,392.42999267578125,285.34918212890625
2026-03-04,262.2783508300781,404.32427978515625,182.8170166015625,296.52978515625,148.80996704101562,216.82000732421875,666.541015625,302.7359619140625,405.94000244140625,288.0624694824219
2026-03-05,260.0504150390625,409.79241943359375,183.1166534423828,290.74554443359375,149.74362182617188,218.94000244140625,659.393798828125,300.4888610839844,405.54998779296875,284.9150390625
2026-03-06,257.2229919433594,408.0761413574219,177.60337829589844,286.7144470214844,150.1905975341797,213.2100067138672,643.7117309570312,298.1319274902344,396.7300109863281,282.6556396484375
2026-03-09,259.6407775878906,408.5251770019531,182.427490234375,287.1502685546875,149.42578125,213.49000549316406,646.2372436523438,306.1770935058594,398.67999267578125,283.550537109375
2026-03-10,260.58990478515625,404.8830871582031,184.544921875,285.97161865234375,147.13136291503906,214.3300018310547,652.9053955078125,306.8567199707031,399.239990234375,280.736572265625
2026-03-11,260.5699157714844,404.0049743652344,185.8134307861328,284.77313232421875,150.55809020996094,212.64999389648438,653.6939697265625,308.5157470703125,407.82000732421875,283.63006591796875
2026-03-12,255.52456665039062,400.9914855957031,182.9268035888672,280.1874084472656,152.4949493408203,209.52999877929688,637.043701171875,303.3687744140625,395.010009765625,275.47662353515625
2026-03-13,249.8897705078125,394.69512939453125,180.0401611328125,280.7321472167969,155.06747436523438,207.6699981689453,612.6171875,302.09954833984375,391.20001220703125,280.4880065917969
2026-03-16,252.58729553222656,399.08563232421875,183.0067138671875,283.4261474609375,156.1699981689453,211.74000549316406,626.8690185546875,305.3775939941406,395.55999755859375,283.8686828613281
2026-03-17,253.99598693847656,398.5467834472656,181.71820068359375,284.1492004394531,157.73934936523438,215.1999969482422,622.0834350585938,310.7344055175781,399.2699890136719,285.9368896484375
2026-03-18,249.70994567871094,390.9432678222656,180.1899871826172,284.9910583496094,156.52757263183594,209.8699951171875,615.1099243164062,307.5063171386719,392.7799987792969,282.71527099609375
2026-03-19,248.73085021972656,388.1792297363281,178.3521270751953,285.2188415527344,157.09373474121094,208.75999450683594,606.1382446289062,306.9466552734375,380.29998779296875,278.8473815917969
2026-03-20,247.76173400878906,381.0447082519531,172.4989471435547,283.8223571777344,158.5935516357422,205.3699951171875,593.1102905273438,300.8203125,367.9599914550781,274.0249328613281
2026-03-23,251.25851440429688,382.1722717285156,175.43553161621094,287.14031982421875,160.04371643066406,210.13999938964844,603.5006713867188,301.87969970703125,380.8500061035156,268.00927734375
2026-03-24,251.4083709716797,371.9344177246094,174.99603271484375,289.6065368652344,164.2650604248047,207.24000549316406,592.3709716796875,290.2666320800781,383.0299987792969,270.73370361328125
2026-03-25,252.38746643066406,370.2381286621094,178.47198486328125,292.59771728515625,162.1593475341797,211.7100067138672,594.3391723632812,290.7563171386719,385.95001220703125,269.0135192871094
2026-03-26,252.6572265625,365.1790771484375,171.04066467285156,288.8736267089844,164.31471252441406,207.5399932861328,547.032958984375,280.7523193359375,372.1099853515625,266.5277404785156
2026-03-27,248.57098388671875,355.9989318847656,167.32498168945312,280.13787841796875,169.8372344970703,199.33999633789062,525.233154296875,274.1762390136719,361.8299865722656,257.54901123046875
2026-03-30,246.40298461914062,358.1842041015625,164.97772216796875,281.0589904785156,170.31399536132812,200.9499969482422,535.8833618164062,273.33673095703125,355.2799987792969,260.3033142089844
2026-03-31,253.55638122558594,369.3699951171875,174.1969757080078,291.3497314453125,168.51620483398438,208.27000427246094,571.6002197265625,287.3883361816406,371.75,269.0533142089844
2026-04-01,255.3946990966797,368.57171630859375,175.54541015625,292.5580749511719,159.69607543945312,210.57000732421875,578.6936645507812,297.2124938964844,381.260009765625,272.424072265625
2026-04-02,255.68443298339844,372.6528625488281,177.18348693847656,291.7855224609375,159.60667419433594,209.77000427246094,573.9281005859375,295.59344482421875,360.5899963378906,275.6854553222656
2026-04-06,258.6217041015625,372.0741271972656,177.43319702148438,294.125,162.2686004638672,212.7899932861328,572.4894409179688,299.8109130859375,352.82000732421875,279.76214599609375
2026-04-07,253.26666259765625,371.48541259765625,177.89266967773438,296.0662536621094,162.8049774169922,213.77000427246094,574.5175170898438,305.27764892578125,346.6499938964844,305.982421875
2026-04-08,258.66168212890625,373.52099609375,181.8680419921875,306.5888366699219,155.16680908203125,221.25,611.8529052734375,317.1305847167969,343.25,304.2423400878906
2026-04-09,260.2502136230469,372.26373291015625,183.69590759277344,308.938232421875,153.99476623535156,233.64999389648438,627.8081665039062,318.29986572265625,345.6199951171875,305.16705322265625
2026-04-10,260.240234375,370.0684814453125,188.41041564941406,308.4803161621094,151.4818115234375,238.3800048828125,629.2767333984375,317.0506286621094,348.95001220703125,302.6016845703125
2026-04-13,258.96142578125,383.539306640625,189.08961486816406,312.2732238769531,151.61094665527344,239.88999938964844,633.9425048828125,321.1181945800781,352.4200134277344,311.22247314453125
2026-04-14,258.59173583984375,392.2604064941406,196.28123474121094,309.7247009277344,148.23387145996094,249.02000427246094,661.8765258789062,332.7112731933594,364.20001220703125,312.40570068359375
2026-04-15,266.18475341796875,410.3312683105469,198.63848876953125,304.5579833984375,148.0054168701172,248.5,670.9581909179688,336.91876220703125,391.95001220703125,312.2664794921875
2026-04-16,263.15753173828125,419.35174560546875,198.1190948486328,308.5599670410156,150.9553985595703,249.6999969482422,676.2432250976562,335.81939697265625,388.8999938964844,314.6031494140625
2026-04-17,269.98126220703125,421.87628173828125,201.44520568847656,308.8984375,145.45274353027344,250.55999755859375,687.9124145507812,341.4760437011719,400.6199951171875,322.78643798828125
2026-04-20,272.79864501953125,417.1664733886719,201.82476806640625,315.5683898925781,146.6843719482422,248.27999877929688,670.2887573242188,337.2185974121094,392.5,321.6429748535156
2026-04-21,265.9250183105469,423.2433166503906,199.64732360839844,311.5962829589844,147.35980224609375,249.91000366210938,668.220703125,332.0916442871094,386.4200134277344,344.0450134277344
2026-04-22,272.9185791015625,431.984375,202.26426696777344,311.6161804199219,148.4921112060547,255.36000061035156,674.09521484375,339.1174621582031,387.510009765625,351.5123596191406
2026-04-23,273.1783142089844,414.8514709472656,199.4075927734375,310.29217529296875,149.51516723632812,255.0800018310547,658.5396728515625,338.6877136230469,373.7200012207031,352.54644775390625
2026-04-24,270.81048583984375,423.7023010253906,208.0275421142578,306.8974609375,147.90609741210938,263.989990234375,674.4049682617188,344.19439697265625,376.29998779296875,352.9044189453125
2026-04-27,267.3636474609375,423.9018859863281,216.3578338623047,310.232421875,147.19094848632812,261.1199951171875,677.9916381835938,350.130859375,378.6700134277344,352.67572021484375
2026-04-28,270.4608154296875,428.3222961425781,212.92184448242188,310.0532531738281,149.5449676513672,259.70001220703125,670.7183837890625,349.5711975097656,376.0199890136719,364.6871032714844
2026-04-29,269.92132568359375,423.5426330566406,209.00640869140625,307.86309814453125,153.62725830078125,263.0400085449219,668.5004272460938,349.7311096191406,372.79998779296875,368.6345520019531
2026-04-30,271.1002502441406,406.8987121582031,199.33767700195312,311.82525634765625,153.28955078125,265.05999755859375,611.3433837890625,384.5702819824219,381.6300048828125,368.37603759765625
2026-05-01,279.88214111328125,413.5443115234375,198.21897888183594,311.06866455078125,151.72019958496094,268.260009765625,608.1863403320312,385.45977783203125,390.82000732421875,366.6856994628906
2026-05-04,276.5751647949219,412.72607421875,198.24893188476562,306.270263671875,152.65386962890625,272.04998779296875,609.8447875976562,383.0212097167969,392.510009765625,368.6445007324219
2026-05-05,283.9184265136719,410.4909362792969,196.271240234375,308.0124206542969,153.83584594726562,273.54998779296875,604.3998413085938,388.1981201171875,389.3699951171875,361.8035583496094
2026-05-06,287.245361328125,413.0653381347656,207.5880584716797,313.4877624511719,147.6875762939453,274.989990234375,612.3125,397.8023986816406,398.7300109863281,365.1942138671875
2026-05-07,287.1754150390625,419.8606262207031,211.2537841796875,304.8964538574219,145.591796875,271.1700134277344,616.2388305664062,397.7524108886719,411.7900085449219,367.6402282714844
2026-05-08,293.0500183105469,414.22283935546875,214.94947814941406,300.74517822265625,143.59535217285156,272.67999267578125,609.0654907226562,400.56072998046875,428.3500061035156,377.8221130371094
2026-05-11,292.67999267578125,411.7681579589844,219.18453979492188,298.6545715332031,148.6708984375,268.989990234375,598.3054809570312,388.40802001953125,445.0,382.25677490234375
2026-05-12,294.79998779296875,406.8887023925781,220.52297973632812,303.5126953125,149.614501953125,265.82000732421875,602.441650390625,387.1187744140625,433.45001220703125,394.138916015625
2026-05-13,298.8699951171875,404.3342590332031,225.56710815429688,298.9034729003906,150.5481719970703,270.1300048828125,616.0590209960938,402.3796691894531,445.2699890136719,398.8818054199219
2026-05-14,298.2099914550781,408.5451354980469,235.465576171875,298.56500244140625,151.75,267.2200012207031,617.8573608398438,400.8305969238281,443.29998779296875,396.82354736328125
2026-05-15,300.2300109863281,421.0081481933594,225.05770874023438,296.4743957519531,157.9199981689453,264.1400146484375,613.6612548828125,396.54315185546875,422.239990234375,391.61334228515625
2026-05-18,297.8399963378906,422.6246643066406,222.0612030029297,299.3813171386719,160.49000549316406,264.8599853515625,610.64404296875,396.70306396484375,409.989990234375,388.9087829589844
2026-05-19,298.9700012207031,416.51788330078125,220.35317993164062,294.3738708496094,162.5500030517578,259.3399963378906,602.052001953125,387.4285888671875,404.1099853515625,387.02947998046875
2026-05-20,302.25,420.1499938964844,223.20985412597656,300.625732421875,156.27999877929688,265.010009765625,604.499755859375,388.6778564453125,417.260009765625,381.12322998046875
2026-05-21,304.989990234375,419.0899963378906,219.25445556640625,301.6411437988281,155.2899932861328,268.4599914550781,606.8175659179688,387.4285888671875,417.8500061035156,380.3078918457031
2026-05-22,308.82000732421875,418.57000732421875,215.07933044433594,305.0059814453125,154.9199981689453,266.32000732421875,609.6949462890625,382.74139404296875,426.010009765625,386.2638854980469
2026-05-26,308.3299865722656,416.0299987792969,214.60987854003906,305.3643493652344,149.80999755859375,265.2900085449219,611.7730102539062,388.6478576660156,433.5899963378906,374.71978759765625
2026-05-27,310.8500061035156,412.6700134277344,212.35250854492188,297.93780517578125,147.89999389648438,271.8500061035156,634.6718139648438,388.5978698730469,440.3599853515625,381.8292236328125
2026-05-28,312.510009765625,426.989990234375,214.00057983398438,295.3992614746094,146.9600067138672,274.0,634.7017211914062,389.8971252441406,442.1000061035156,380.35760498046875
2026-05-29,312.05999755859375,450.239990234375,210.8942108154297,297.9676818847656,145.25999450683594,270.6400146484375,631.92431640625,380.1129455566406,435.7900085449219,378.15020751953125
2026-06-01,306.30999755859375,460.5199890136719,224.09881591796875,295.2499084472656,149.3800048828125,261.260009765625,599.9139404296875,376.14532470703125,415.8800048828125,377.7027587890625
2026-06-02,315.20001220703125,441.30999755859375,222.56060791015625,299.6102600097656,149.55999755859375,256.5199890136719,597.0765991210938,361.6340026855469,423.739990234375,375.7738037109375
2026-06-03,310.260009765625,427.3399963378906,214.5,299.50079345703125,152.52999877929688,250.02000427246094,622.4031372070312,358.77569580078125,423.70001220703125,374.8590087890625
2026-06-04,311.2300109863281,428.04998779296875,218.66000366210938,309.4957580566406,152.0399932861328,253.7899932861328,626.9888916015625,371.96783447265625,418.45001220703125,394.21844482421875
2026-06-05,307.3399963378906,416.6700134277344,205.10000610351562,310.9691162109375,149.9199981689453,246.02999877929688,592.450927734375,368.30999755859375,391.0,397.201416015625
2026-06-08,301.5400085449219,411.739990234375,208.63999938964844,309.7147521972656,151.75,245.22000122070312,584.8479614257812,363.30999755859375,408.95001220703125,404.2610778808594
2026-06-09,290.54998779296875,403.4100036621094,208.19000244140625,311.2976379394531,148.91000366210938,244.19000244140625,584.0487060546875,364.260009765625,396.67999267578125,410.6545715332031
2026-06-10,291.5799865722656,397.3599853515625,200.4199981689453,307.75360107421875,150.6199951171875,238.0,570.4512939453125,356.3800048828125,381.5899963378906,405.1460266113281
2026-06-11,295.6300048828125,390.3399963378906,204.8699951171875,312.0840759277344,146.60000610351562,241.50999450683594,567.9036254882812,357.7699890136719,399.1499938964844,403.2468566894531
2026-06-12,291.1300048828125,390.739990234375,205.19000244140625,319.28167724609375,147.00999450683594,238.5500030517578,566.4549560546875,359.67999267578125,406.42999267578125,406.20001220703125
2026-06-15,296.4200134277344,399.760009765625,212.4499969482422,317.96759033203125,140.9199981689453,246.02000427246094,593.47998046875,369.3500061035156,411.1499938964844,411.0400085449219
2026-06-16,299.239990234375,393.8299865722656,207.41000366210938,329.6549377441406,141.86000061035156,246.0,600.2100219726562,373.25,404.6600036621094,407.6499938964844
2026-06-17,295.95001220703125,378.9100036621094,204.64999389648438,331.9645080566406,140.74000549316406,237.5,567.5800170898438,363.7900085449219,396.3800048828125,399.5299987792969
2026-06-18,298.010009765625,379.3999938964844,210.69000244140625,323.761474609375,137.80999755859375,244.38999938964844,577.219970703125,368.0299987792969,400.489990234375,400.9599914550781
2026-06-22,297.010009765625,367.3399963378906,208.64999389648438,329.993408203125,138.47000122070312,232.7899932861328,563.8499755859375,349.67999267578125,405.04998779296875,406.67999267578125
2026-06-23,294.29998779296875,373.94000244140625,200.0399932861328,332.6414794921875,139.72999572753906,234.11000061035156,562.2000122070312,346.1300048828125,381.6099853515625,409.25
2026-06-24,293.0799865722656,365.4599914550781,199.0,331.95458984375,136.89999389648438,234.27000427246094,557.6699829101562,345.2900085449219,375.5299987792969,405.79998779296875
2026-06-25,275.1499938964844,352.8299865722656,195.74000549316406,333.6170654296875,137.5500030517578,227.00999450683594,542.8699951171875,343.7099914550781,375.1199951171875,415.5299987792969
2026-06-26,283.7799987792969,372.9700012207031,192.52999877929688,327.57427978515625,136.5399932861328,232.69000244140625,550.25,337.3900146484375,379.7099914550781,427.8900146484375
2026-06-29,281.739990234375,368.57000732421875,194.97000122070312,327.91278076171875,136.05999755859375,240.13999938964844,562.5999755859375,353.6499938964844,411.8399963378906,419.82000732421875
2026-06-30,289.3599853515625,373.0199890136719,200.08999633789062,325.86199951171875,136.72000122070312,238.33999633789062,563.2899780273438,357.3699951171875,420.6000061035156,415.6300048828125
2026-07-01,294.3800048828125,384.2799987792969,197.5800018310547,332.5718078613281,136.27999877929688,241.6999969482422,612.9099731445312,361.2099914550781,425.29998779296875,426.5400085449219
2026-07-02,308.6300048828125,390.489990234375,194.8300018310547,332.9700012207031,137.08999633789062,242.6699981689453,582.9000244140625,359.9100036621094,393.45001220703125,425.3599853515625
2026-07-06,312.6600036621094,386.739990234375,195.5500030517578,337.7200012207031,136.44000244140625,244.16000366210938,600.2899780273438,366.4599914550781,419.7699890136719,417.989990234375
2026-07-07,310.6600036621094,388.8399963378906,196.92999267578125,339.2200012207031,141.69000244140625,245.97999572753906,615.5800170898438,367.0299987792969,402.8999938964844,428.19000244140625
2026-07-08,313.3900146484375,383.3399963378906,204.1199951171875,330.6199951171875,141.1300048828125,243.6199951171875,603.1199951171875,361.9200134277344,394.05999755859375,425.6000061035156
2026-07-09,316.2200012207031,384.3599853515625,202.77999877929688,335.4700012207031,137.4600067138672,247.0399932861328,631.47998046875,358.8900146484375,406.54998779296875,431.67999267578125
2026-07-10,315.32000732421875,385.1000061035156,210.9600067138672,336.4700012207031,138.8800048828125,245.33999633789062,669.2100219726562,357.17999267578125,407.760009765625,424.6199951171875
2026-07-13,317.30999755859375,390.989990234375,203.52999877929688,334.5299987792969,144.50999450683594,247.30999755859375,656.72998046875,352.510009765625,394.760009765625,429.0899963378906
2026-07-14,314.8599853515625,384.92999267578125,211.8000030517578,342.8900146484375,145.08999633789062,247.49000549316406,661.0399780273438,359.510009765625,396.17999267578125,425.19000244140625
2026-07-15,327.5,395.6300048828125,212.5,346.9100036621094,144.50999450683594,254.9600067138672,681.3099975585938,370.9200134277344,394.4599914550781,418.5199890136719
2026-07-16,333.260009765625,401.1000061035156,207.39999389648438,343.1499938964844,145.9499969482422,249.88999938964844,664.5399780273438,354.4599914550781,391.05999755859375,423.3800048828125
2026-07-17,333.739990234375,393.82000732421875,202.80999755859375,341.1000061035156,147.36000061035156,247.22999572753906,646.010009765625,346.7699890136719,380.8399963378906,426.0899963378906
2026-07-20,326.5899963378906,402.2900085449219,203.27999877929688,338.8699951171875,148.36000061035156,249.99000549316406,645.8499755859375,351.989990234375,369.57000732421875,421.54998779296875
2026-07-21,327.739990234375,397.75,207.2899932861328,345.2300109863281,151.7100067138672,247.5500030517578,643.8099975585938,347.1499938964844,378.92999267578125,436.3500061035156
2026-07-22,325.8900146484375,390.3399963378906,212.05999755859375,348.2099914550781,154.4499969482422,244.85000610351562,627.1699829101562,342.0899963378906,374.010009765625,431.30999755859375
